# https://github.com/mikedh/trimesh
v 0.05752119 0.55447555 0.07099295
v 0.05944558 0.55416256 0.05896770
v 0.05853679 0.55600113 0.08303669
v 0.06758236 0.53937715 0.07252617
v 0.05402774 0.57228291 0.06950078
v 0.06825512 0.54141712 0.08451766
v 0.05516222 0.57320195 0.08159534
v 0.06916391 0.53957862 0.06044867
v 0.05607104 0.57136339 0.05752635
v 0.06417862 0.55508369 0.04778030
v 0.06242299 0.55863553 0.09427802
v 0.07289194 0.54200786 0.04910813
v 0.07113629 0.54555970 0.09560586
v 0.06115313 0.57050544 0.04648805
v 0.05939751 0.57405728 0.09298578
v 0.08267944 0.52928621 0.07386704
v 0.07139788 0.55717605 0.03819312
v 0.06891504 0.56219906 0.10395085
v 0.05763356 0.59008873 0.06827688
v 0.08374645 0.52983177 0.06174381
v 0.08283766 0.53167033 0.08581280
v 0.05955407 0.58856219 0.05634410
v 0.05864529 0.59040076 0.08041310
v 0.07851219 0.54649973 0.03927729
v 0.07602933 0.55152285 0.10503502
v 0.06892767 0.56976765 0.03713803
v 0.06644480 0.57479060 0.10289576
v 0.08596627 0.53326905 0.05026930
v 0.08421065 0.53682089 0.09676703
v 0.06427598 0.58592540 0.04542805
v 0.06252033 0.58947724 0.09192575
v 0.08918746 0.53936434 0.04022539
v 0.08670461 0.54438746 0.10598312
v 0.08061135 0.56029695 0.03085958
v 0.07757049 0.56644887 0.11139602
v 0.07147735 0.58235824 0.03627253
v 0.06899451 0.58738118 0.10203026
v 0.08564197 0.55274773 0.03162619
v 0.08260110 0.55889958 0.11216262
v 0.07886456 0.56920075 0.03011347
v 0.07582370 0.57535279 0.11064993
v 0.10051386 0.52573955 0.07481132
v 0.06778993 0.60518152 0.06750742
v 0.10097327 0.52640581 0.06265596
v 0.10006448 0.52824438 0.08672495
v 0.06936439 0.60314077 0.05560092
v 0.06845561 0.60497946 0.07966991
v 0.09319048 0.54770225 0.03229663
v 0.09014964 0.55385417 0.11283304
v 0.08066749 0.57810366 0.02950149
v 0.07762663 0.58425570 0.11003793
v 0.10141136 0.53019762 0.05108708
v 0.09965571 0.53374946 0.09758481
v 0.07307154 0.59899640 0.04476168
v 0.07131592 0.60254824 0.09125941
v 0.10179834 0.53685641 0.04089310
v 0.09931550 0.54187953 0.10665083
v 0.07865901 0.59303045 0.03572846
v 0.07617614 0.59805363 0.10148619
v 0.09119113 0.56423390 0.02627939
v 0.08779950 0.57109553 0.11610611
v 0.09379512 0.56032616 0.02667624
v 0.09040347 0.56718785 0.11650296
v 0.09028705 0.56884247 0.02589326
v 0.08689543 0.57570416 0.11571996
v 0.10210764 0.54592901 0.03276879
v 0.09906680 0.55208093 0.11330520
v 0.08574577 0.58564979 0.02911684
v 0.08270490 0.59180176 0.10965325
v 0.09770264 0.55771440 0.02702331
v 0.09431100 0.56457585 0.11685006
v 0.09122026 0.57345128 0.02557646
v 0.08782860 0.58031285 0.11540316
v 0.10231852 0.55679637 0.02726770
v 0.09892689 0.56365782 0.11709444
v 0.09384892 0.57735753 0.02537730
v 0.09045729 0.58421904 0.11520400
v 0.11837073 0.52927649 0.07521535
v 0.11822175 0.52982199 0.06304624
v 0.11731296 0.53166056 0.08711523
v 0.11687581 0.53326076 0.05143698
v 0.11512018 0.53681260 0.09793471
v 0.11442502 0.53935760 0.04117879
v 0.11194215 0.54438049 0.10693651
v 0.11103617 0.54769731 0.03297078
v 0.10799530 0.55384928 0.11350722
v 0.10694016 0.55771196 0.02737224
v 0.10354853 0.56457353 0.11719899
v 0.10241624 0.56871855 0.02476482
v 0.09890497 0.57582217 0.11776027
v 0.09777275 0.57996708 0.02532610
v 0.09438113 0.58682877 0.11515282
v 0.09332603 0.59069127 0.02901792
v 0.09028519 0.59684312 0.10955436
v 0.08937913 0.60016000 0.03558860
v 0.08689629 0.60518295 0.10134635
v 0.08620108 0.60772812 0.04459043
v 0.08444543 0.61127996 0.09108816
v 0.08400835 0.61287999 0.05540986
v 0.08309956 0.61471856 0.07947885
v 0.08295054 0.61526424 0.06730963
v 0.11086407 0.56032127 0.02732111
v 0.10747244 0.56718296 0.11714786
v 0.10239447 0.58088249 0.02543072
v 0.09900284 0.58774418 0.11525747
v 0.11349273 0.56422776 0.02712195
v 0.11010110 0.57108927 0.11694865
v 0.10701036 0.57996464 0.02567510
v 0.10361873 0.58682621 0.11550180
v 0.11861639 0.55273873 0.03287191
v 0.11557552 0.55889076 0.11340832
v 0.10225448 0.59245974 0.02921996
v 0.09921364 0.59861153 0.10975637
v 0.11103423 0.57569808 0.11663185
v 0.10752619 0.58421433 0.11584890
v 0.11442589 0.56883639 0.02680513
v 0.11091782 0.57735264 0.02602215
v 0.11352171 0.57344520 0.02641892
v 0.11013008 0.58030689 0.11624564
v 0.12514520 0.54648691 0.04103900
v 0.12266236 0.55150992 0.10679673
v 0.10200585 0.60266101 0.03587436
v 0.09952301 0.60768414 0.10163209
v 0.13000531 0.54199237 0.05126578
v 0.12824966 0.54554421 0.09776350
v 0.10166552 0.61079127 0.04494038
v 0.09990987 0.61434311 0.09143810
v 0.12369464 0.56028503 0.03248723
v 0.12065377 0.56643707 0.11302364
v 0.11117162 0.59068656 0.02969210
v 0.10813076 0.59683847 0.11022854
v 0.13286568 0.53956127 0.06285522
v 0.13195689 0.54139984 0.08692422
v 0.10125681 0.61629635 0.05580019
v 0.10034802 0.61813492 0.07986918
v 0.13353130 0.53935909 0.07501767
v 0.10080738 0.61880118 0.06771371
v 0.12549756 0.56918794 0.03187521
v 0.12245670 0.57533997 0.11241164
v 0.11872016 0.58564103 0.03036249
v 0.11567930 0.59179300 0.11089895
v 0.13232686 0.55715913 0.04049493
v 0.12984401 0.56218225 0.10625266
v 0.12375072 0.57809186 0.03112912
v 0.12070989 0.58424377 0.11166556
v 0.11461675 0.60015309 0.03654207
v 0.11213388 0.60517609 0.10229980
v 0.13704538 0.55861503 0.09709717
v 0.11535507 0.61127138 0.09225589
v 0.13880102 0.55506319 0.05059944
v 0.11711071 0.60771954 0.04575819
v 0.13487650 0.56974995 0.03962943
v 0.13239367 0.57477283 0.10538716
v 0.12529197 0.59301764 0.03749017
v 0.12280914 0.59804076 0.10324790
v 0.14267597 0.55413997 0.06211199
v 0.14176717 0.55597854 0.08618098
v 0.11848360 0.61287040 0.05671228
v 0.11757481 0.61470896 0.08078128
v 0.14368775 0.55445188 0.07424821
v 0.13240619 0.58234167 0.03857429
v 0.12992333 0.58736467 0.10433202
v 0.11864184 0.61525446 0.06865804
v 0.14016820 0.57403511 0.09603714
v 0.12842940 0.60253268 0.09341705
v 0.14192383 0.57048327 0.04953941
v 0.13018505 0.59898084 0.04691933
v 0.13714258 0.58945704 0.09474484
v 0.13889824 0.58590519 0.04824711
v 0.14615901 0.57133877 0.06092974
v 0.13306612 0.60312361 0.05800743
v 0.14525022 0.57317734 0.08499874
v 0.13215733 0.60496211 0.08207642
v 0.14729352 0.57225764 0.07302420
v 0.13373892 0.60516357 0.06999882
v 0.14278445 0.58853960 0.05948840
v 0.14187565 0.59037817 0.08355739
v 0.14379999 0.59006518 0.07153203
v 0.19943035 0.61301255 0.07187964
v 0.20135467 0.61269963 0.05985433
v 0.20044589 0.61453813 0.08392333
v 0.20949148 0.59791410 0.07341285
v 0.19593686 0.63081986 0.07038747
v 0.21016423 0.59995407 0.08540429
v 0.19707134 0.63173890 0.08248198
v 0.21107303 0.59811550 0.06133530
v 0.19798014 0.62990034 0.05841299
v 0.20608774 0.61362064 0.04866693
v 0.20433211 0.61717248 0.09516466
v 0.21480104 0.60054481 0.04999477
v 0.20306228 0.62904239 0.04737469
v 0.21304540 0.60409665 0.09649250
v 0.20130663 0.63259423 0.09387242
v 0.22458856 0.58782321 0.07475368
v 0.21330699 0.61571294 0.03907976
v 0.21082416 0.62073606 0.10483749
v 0.19954269 0.64862567 0.06916351
v 0.22565559 0.58836871 0.06263050
v 0.22474681 0.59020728 0.08669949
v 0.20146322 0.64709914 0.05723079
v 0.20055443 0.64893770 0.08129978
v 0.22042131 0.60503668 0.04016392
v 0.21793844 0.61005980 0.10592165
v 0.21083678 0.62830460 0.03802467
v 0.20835392 0.63332772 0.10378240
v 0.22787540 0.59180605 0.05115593
v 0.20618507 0.64446241 0.04631468
v 0.22611976 0.59535789 0.09765366
v 0.20442945 0.64801425 0.09281239
v 0.23109657 0.59790134 0.04111202
v 0.22861373 0.60292435 0.10686975
v 0.22252047 0.61883402 0.03174622
v 0.21947961 0.62498587 0.11228265
v 0.21338648 0.64089519 0.03715916
v 0.21090363 0.64591825 0.10291689
v 0.22755107 0.61128461 0.03251288
v 0.22451024 0.61743665 0.11304931
v 0.22077368 0.62773770 0.03100016
v 0.21773285 0.63388973 0.11153662
v 0.24242300 0.58427650 0.07569801
v 0.20969906 0.66371846 0.06839406
v 0.24288239 0.58494276 0.06354259
v 0.24197361 0.58678132 0.08761159
v 0.21127351 0.66167784 0.05648756
v 0.21036471 0.66351640 0.08055655
v 0.23509961 0.60623932 0.03318326
v 0.23205875 0.61239123 0.11371967
v 0.22257659 0.63664061 0.03038813
v 0.21953575 0.64279264 0.11092456
v 0.24332049 0.58873457 0.05197377
v 0.24156484 0.59228641 0.09847150
v 0.21498069 0.65753347 0.04564837
v 0.21322504 0.66108531 0.09214610
v 0.24370746 0.59539336 0.04177974
v 0.24122462 0.60041648 0.10753747
v 0.22056811 0.65156752 0.03661509
v 0.21808526 0.65659052 0.10237282
v 0.23310025 0.62277091 0.02716608
v 0.22970863 0.62963247 0.11699280
v 0.23570423 0.61886322 0.02756288
v 0.23231257 0.62572479 0.11738960
v 0.23219617 0.62737942 0.02677990
v 0.22880451 0.63424110 0.11660664
v 0.24401680 0.60446590 0.03365543
v 0.24097593 0.61061794 0.11419184
v 0.22765489 0.64418691 0.03000348
v 0.22461402 0.65033871 0.11053988
v 0.23961176 0.61625135 0.02790995
v 0.23622012 0.62311304 0.11773664
v 0.23312937 0.63198823 0.02646310
v 0.22973774 0.63884991 0.11628980
v 0.24422766 0.61533326 0.02815433
v 0.24083602 0.62219495 0.11798108
v 0.23575807 0.63589448 0.02626394
v 0.23236641 0.64275616 0.11609068
v 0.26027986 0.58781344 0.07610204
v 0.26013088 0.58835906 0.06393292
v 0.25922209 0.59019756 0.08800192
v 0.25878495 0.59179771 0.05232367
v 0.25702932 0.59534955 0.09882140
v 0.25633416 0.59789455 0.04206547
v 0.25385129 0.60291755 0.10782320
v 0.25294530 0.60623431 0.03385747
v 0.24990442 0.61238623 0.11439390
v 0.24884929 0.61624891 0.02825893
v 0.24545766 0.62311059 0.11808567
v 0.24432538 0.62725556 0.02565150
v 0.24081410 0.63435924 0.11864696
v 0.23968188 0.63850403 0.02621278
v 0.23629025 0.64536572 0.11603950
v 0.23523518 0.64922816 0.02990461
v 0.23219430 0.65538019 0.11044104
v 0.23128825 0.65869695 0.03647528
v 0.22880541 0.66372007 0.10223304
v 0.22811019 0.66626507 0.04547711
v 0.22635455 0.66981685 0.09197484
v 0.22591747 0.67141694 0.05629654
v 0.22500868 0.67325544 0.08036553
v 0.22485965 0.67380118 0.06819632
v 0.25277320 0.61885822 0.02820775
v 0.24938157 0.62571990 0.11803450
v 0.24430360 0.63941944 0.02631736
v 0.24091198 0.64628112 0.11614405
v 0.25540185 0.62276471 0.02800859
v 0.25201023 0.62962639 0.11783533
v 0.24891949 0.63850158 0.02656174
v 0.24552786 0.64536315 0.11638843
v 0.26052552 0.61127567 0.03375855
v 0.25748467 0.61742771 0.11429496
v 0.24416362 0.65099669 0.03010660
v 0.24112277 0.65714866 0.11064301
v 0.25633502 0.62737328 0.02769176
v 0.25294337 0.63423496 0.11751849
v 0.25282696 0.63588959 0.02690878
v 0.24943532 0.64275128 0.11673548
v 0.25203922 0.63884377 0.11713233
v 0.25543085 0.63198221 0.02730561
v 0.26705432 0.60502386 0.04192563
v 0.26457149 0.61004698 0.10768336
v 0.24391498 0.66119802 0.03676099
v 0.24143213 0.66622102 0.10251872
v 0.27191445 0.60052931 0.05215241
v 0.27015880 0.60408115 0.09865014
v 0.24357466 0.66932833 0.04582701
v 0.24181902 0.67288017 0.09232474
v 0.26560375 0.61882210 0.03337387
v 0.26256290 0.62497407 0.11391028
v 0.25308073 0.64922351 0.03057874
v 0.25003988 0.65537548 0.11111517
v 0.27477479 0.59809822 0.06374186
v 0.27386603 0.59993678 0.08781085
v 0.24316594 0.67483330 0.05668682
v 0.24225715 0.67667186 0.08075581
v 0.27544045 0.59789616 0.07590425
v 0.24271652 0.67733812 0.06860035
v 0.26740670 0.62772489 0.03276189
v 0.26436585 0.63387692 0.11329833
v 0.26062930 0.64417815 0.03124917
v 0.25758845 0.65032995 0.11178563
v 0.27423596 0.61569613 0.04138156
v 0.27175310 0.62071919 0.10713929
v 0.26565984 0.63662881 0.03201576
v 0.26261899 0.64278078 0.11255219
v 0.25652587 0.65869004 0.03742870
v 0.25404301 0.66371304 0.10318643
v 0.28071016 0.61360025 0.05148607
v 0.27895451 0.61715209 0.09798380
v 0.25901985 0.66625649 0.04664482
v 0.25726420 0.66980833 0.09314252
v 0.27678564 0.62828690 0.04051606
v 0.27430278 0.63330978 0.10627379
v 0.26720113 0.65155476 0.03837680
v 0.26471826 0.65657771 0.10413453
v 0.28458509 0.61267692 0.06299868
v 0.28367630 0.61451542 0.08706767
v 0.26039273 0.67140734 0.05759897
v 0.25948393 0.67324591 0.08166796
v 0.28559685 0.61298895 0.07513484
v 0.27431530 0.64087874 0.03946092
v 0.27183244 0.64590174 0.10521865
v 0.26055098 0.67379141 0.06954468
v 0.28383297 0.62902015 0.05042609
v 0.28207734 0.63257200 0.09692382
v 0.27209419 0.65751773 0.04780601
v 0.27033854 0.66106957 0.09430374
v 0.28080738 0.64444214 0.04913375
v 0.27905172 0.64799410 0.09563148
v 0.28806812 0.62987572 0.06181638
v 0.27497524 0.66166049 0.05889406
v 0.28715935 0.63171422 0.08588537
v 0.27406645 0.66349918 0.08296306
v 0.28920269 0.63079464 0.07391089
v 0.27564806 0.66370052 0.07088550
v 0.28469357 0.64707655 0.06037503
v 0.28378478 0.64891511 0.08444402
v 0.28570914 0.64860225 0.07241872
v 0.47432676 -0.44183907 -0.01793894
v 0.48204142 -0.43726373 -0.01204771
v 0.47829169 -0.44310546 -0.00803038
v 0.48063999 -0.43325144 -0.01890443
v 0.47155815 -0.44740042 -0.00916904
v 0.47490343 -0.43340710 -0.02457736
v 0.46580476 -0.44759724 -0.01482077
v 0.46817017 -0.43770254 -0.02571602
v 0.46440119 -0.44358015 -0.02167460
v 0.48639295 -0.43052018 -0.00492607
v 0.47943524 -0.44133726 0.00253229
v 0.48380888 -0.42311397 -0.01760126
v 0.46699190 -0.44926378 0.00043064
v 0.47318402 -0.42345485 -0.02805225
v 0.45636287 -0.44962695 -0.01001524
v 0.46075934 -0.43132514 -0.03017827
v 0.45379549 -0.44218567 -0.02271090
v 0.48670971 -0.42266309 0.00235426
v 0.47762266 -0.43675241 0.01209359
v 0.48334628 -0.41302225 -0.01422045
v 0.46135423 -0.44710669 0.00935962
v 0.46946079 -0.41345939 -0.02787142
v 0.44746444 -0.44758424 -0.00428552
v 0.45320651 -0.42372680 -0.03062538
v 0.44409940 -0.43789315 -0.02085947
v 0.43589801 -0.41363165 -0.06216312
v 0.49514085 -0.44387847 0.04490565
v 0.44303012 -0.40938625 -0.05676519
v 0.43955058 -0.41477397 -0.05303441
v 0.44174296 -0.40572420 -0.06308616
v 0.43333951 -0.41873464 -0.05407428
v 0.43644208 -0.40593183 -0.06829231
v 0.42803386 -0.41894072 -0.05927502
v 0.43022877 -0.40990496 -0.06932922
v 0.42674416 -0.41528475 -0.06559218
v 0.50223768 -0.43964431 0.05034571
v 0.49872375 -0.44500583 0.05411677
v 0.50100034 -0.43597215 0.04396549
v 0.49250025 -0.44892889 0.05309017
v 0.49573290 -0.43614295 0.03871894
v 0.48723280 -0.44912037 0.04784392
v 0.48951775 -0.44007584 0.03768246
v 0.48600635 -0.44545615 0.04145141
v 0.44706613 -0.40324807 -0.05023325
v 0.44062611 -0.41314340 -0.04332853
v 0.44470683 -0.39651901 -0.06193386
v 0.42915103 -0.42042673 -0.04525295
v 0.43490899 -0.39683825 -0.07155215
v 0.41933087 -0.42085251 -0.05484185
v 0.42342076 -0.40414321 -0.07346062
v 0.41696557 -0.41407374 -0.06653630
v 0.50618869 -0.43338999 0.05697449
v 0.49963611 -0.44322720 0.06401130
v 0.50390410 -0.42665109 0.04518537
v 0.48811489 -0.45043966 0.06213969
v 0.49415222 -0.42696637 0.03551275
v 0.47841483 -0.45083410 0.05240764
v 0.48271391 -0.43419418 0.03354294
v 0.47620240 -0.44412327 0.04053384
v 0.48295021 -0.41490087 0.00867673
v 0.47311589 -0.43006748 0.01921514
v 0.47934285 -0.40452933 -0.00930047
v 0.45548403 -0.44126734 0.01628246
v 0.46430546 -0.40495178 -0.02406904
v 0.43536496 -0.44560561 0.00151868
v 0.44691885 -0.44685996 0.01541897
v 0.43049133 -0.43794772 -0.01420596
v 0.46204525 -0.44138956 0.02378514
v 0.43352720 -0.42591062 -0.02745140
v 0.47661865 -0.43063727 0.02446034
v 0.46014732 -0.42170307 -0.00511306
v 0.44366929 -0.41276136 -0.03467917
v 0.48671103 -0.41764638 0.01729607
v 0.45824310 -0.40221098 -0.03399807
v 0.48978388 -0.40594038 0.00401654
v 0.47338122 -0.39711028 -0.02563531
v 0.48492226 -0.39835888 -0.01171991
v 0.44043961 -0.44178694 0.00152583
v 0.44669458 -0.41598073 -0.02703113
v 0.43682799 -0.43131006 -0.01645018
v 0.44744480 -0.39625666 -0.04362186
v 0.43897340 -0.40889809 -0.03454071
v 0.44440463 -0.38748476 -0.05895858
v 0.42396453 -0.41845670 -0.03703450
v 0.43160373 -0.38793081 -0.07152506
v 0.41112411 -0.41902626 -0.04955122
v 0.41655400 -0.39741039 -0.07397358
v 0.40805972 -0.41025719 -0.06485918
v 0.50635612 -0.42598608 0.06382497
v 0.49769753 -0.43864319 0.07312827
v 0.50343847 -0.41734746 0.04834667
v 0.48265597 -0.44803864 0.07066842
v 0.49072239 -0.41773051 0.03567782
v 0.47006240 -0.44867617 0.05786133
v 0.47580966 -0.42712274 0.03306451
v 0.46725282 -0.44005078 0.04225554
v 0.47568989 -0.40857053 0.01308045
v 0.46658981 -0.42230454 0.02282543
v 0.47249025 -0.39926687 -0.00367874
v 0.45022625 -0.43260577 0.02020232
v 0.45858988 -0.39973617 -0.01731089
v 0.43625358 -0.43307325 0.00665559
v 0.44219750 -0.40932477 -0.01992084
v 0.43302155 -0.42348731 -0.01007309
v 0.44415775 -0.38930026 -0.03800043
v 0.43484044 -0.40272409 -0.02800245
v 0.44097126 -0.38001186 -0.05471806
v 0.41857028 -0.41315094 -0.03067127
v 0.42711458 -0.38051599 -0.06831787
v 0.40466595 -0.41382828 -0.04420947
v 0.41076446 -0.39071074 -0.07089798
v 0.40144125 -0.40440059 -0.06088636
v 0.39914489 -0.41765270 -0.04397680
v 0.40990895 -0.41865805 -0.03112714
v 0.39469853 -0.41088992 -0.05865314
v 0.42403573 -0.41345051 -0.02346880
v 0.39778176 -0.40035963 -0.07124299
v 0.43757117 -0.40343753 -0.02285370
v 0.42240056 -0.39566839 -0.05042681
v 0.40752551 -0.38865015 -0.07832843
v 0.44727093 -0.39215088 -0.02987507
v 0.42130050 -0.37901914 -0.07798617
v 0.45035011 -0.38152519 -0.04246263
v 0.43524426 -0.37362814 -0.07011625
v 0.44610408 -0.37511033 -0.05736625
v 0.50286824 -0.41838187 0.06966557
v 0.49328580 -0.43175319 0.07997581
v 0.49981666 -0.40926811 0.05279306
v 0.47693700 -0.44188505 0.07739199
v 0.48600513 -0.40975779 0.03913918
v 0.46335533 -0.44276160 0.06347711
v 0.46981919 -0.41993293 0.03636394
v 0.46055555 -0.43384832 0.04631145
v 0.42300349 -0.43629786 0.01136571
v 0.43595466 -0.43768746 0.02683018
v 0.41772139 -0.42804703 -0.00637495
v 0.45309499 -0.43186361 0.03588622
v 0.42136753 -0.41481626 -0.02146317
v 0.46949837 -0.41999835 0.03649150
v 0.43273658 -0.40008715 -0.02958720
v 0.48087159 -0.40569264 0.02837486
v 0.44945750 -0.38935566 -0.02932565
v 0.48471439 -0.39317653 0.01307431
v 0.46659774 -0.38376576 -0.02026259
v 0.47941610 -0.38493609 -0.00464716
v 0.45691571 -0.44701242 0.06426663
v 0.46733063 -0.44770765 0.07752078
v 0.45279464 -0.44054002 0.04921319
v 0.48131841 -0.44256663 0.08534586
v 0.45609167 -0.42998639 0.03636951
v 0.49495935 -0.43276384 0.08584208
v 0.48084664 -0.42609450 0.05704734
v 0.46559873 -0.41788971 0.02955334
v 0.50497437 -0.42144173 0.07844632
v 0.47910973 -0.40811875 0.03020412
v 0.50821698 -0.41099757 0.06567024
v 0.49322876 -0.40330085 0.03788307
v 0.50390750 -0.40437716 0.05083570
v 0.46612743 -0.40425995 0.01477231
v 0.45905033 -0.41463217 0.02236017
v 0.46374857 -0.39717546 0.00186419
v 0.44638070 -0.42236742 0.02052077
v 0.45313838 -0.39766923 -0.00860032
v 0.43566611 -0.42270771 0.01017611
v 0.44040632 -0.40471047 -0.01038520
v 0.43331140 -0.41555342 -0.00276358
v 0.43799925 -0.38391161 -0.03455915
v 0.42885852 -0.39556685 -0.02471308
v 0.43531525 -0.37575349 -0.05030016
v 0.41388151 -0.40524706 -0.02724160
v 0.42185232 -0.37500218 -0.06211668
v 0.40109923 -0.40586206 -0.03982538
v 0.40681371 -0.38454136 -0.06457650
v 0.39816114 -0.39719594 -0.05527990
v 0.45560321 -0.40260461 0.01363254
v 0.45168430 -0.40825185 0.01784475
v 0.45436993 -0.39888263 0.00658567
v 0.44483566 -0.41238004 0.01683829
v 0.44859710 -0.39908892 0.00095655
v 0.43903270 -0.41253212 0.01124401
v 0.44159588 -0.40291801 0.00012209
v 0.43775725 -0.40871659 0.00424369
v 0.49625251 -0.41152775 0.07360631
v 0.48718503 -0.42350817 0.08337531
v 0.49358168 -0.40337732 0.05784982
v 0.47200310 -0.43292847 0.08108175
v 0.48076832 -0.40397814 0.04530288
v 0.45949754 -0.43400678 0.06818354
v 0.46570504 -0.41372481 0.04287822
v 0.45707631 -0.42635334 0.05214582
v 0.44558078 -0.40412581 0.01000521
v 0.38823932 -0.40895760 -0.03551137
v 0.40016225 -0.41009957 -0.02104646
v 0.38349313 -0.40166420 -0.05215267
v 0.41593120 -0.40467498 -0.01247552
v 0.38728255 -0.39029673 -0.06661075
v 0.43137762 -0.39392552 -0.01216855
v 0.39845201 -0.37765437 -0.07485262
v 0.44286186 -0.38159323 -0.02077448
v 0.41408196 -0.36724764 -0.07475332
v 0.44665760 -0.37022358 -0.03524025
v 0.42983034 -0.36163262 -0.06616359
v 0.44198301 -0.36306164 -0.05196257
v 0.42980203 -0.38028225 -0.03371636
v 0.44534063 -0.43659851 0.07347567
v 0.45720333 -0.43761316 0.08785564
v 0.44061062 -0.42933682 0.05681619
v 0.47297218 -0.43191972 0.09638258
v 0.44474787 -0.41907316 0.04197798
v 0.48861864 -0.42149878 0.09644663
v 0.45549819 -0.40604931 0.03422150
v 0.49986383 -0.40898862 0.08810326
v 0.47114941 -0.39476153 0.03427010
v 0.50363851 -0.39761907 0.07366681
v 0.48707014 -0.38937512 0.04266243
v 0.49894333 -0.39042306 0.05701411
v 0.42193869 -0.38851002 -0.02517236
v 0.42745525 -0.37365213 -0.04542823
v 0.41066119 -0.39596435 -0.02732659
v 0.41762176 -0.37401161 -0.05500338
v 0.40109670 -0.39656031 -0.03721274
v 0.40596917 -0.38105950 -0.05672400
v 0.39912879 -0.39039299 -0.04936082
v 0.41272065 -0.42401850 0.02048650
v 0.42601249 -0.42527354 0.03661512
v 0.40741104 -0.41584429 0.00195288
v 0.44377348 -0.41945267 0.04596481
v 0.41141641 -0.40317872 -0.01390648
v 0.46116346 -0.40864569 0.04614169
v 0.42378753 -0.38870659 -0.02300937
v 0.47353551 -0.39325529 0.03701138
v 0.44149077 -0.37736273 -0.02321923
v 0.47776809 -0.38057098 0.02088208
v 0.45927235 -0.37141010 -0.01389782
v 0.47251806 -0.37255287 0.00228223
v 0.48753905 -0.40688348 0.07484190
v 0.48056707 -0.41598251 0.08232689
v 0.48551726 -0.40069905 0.06276860
v 0.46880510 -0.42303088 0.08079001
v 0.47571605 -0.40116376 0.05333685
v 0.45904076 -0.42351761 0.07129997
v 0.46406296 -0.40942213 0.05165198
v 0.45695949 -0.41715711 0.05928091
v 0.42015126 -0.37857193 -0.03482568
v 0.41637036 -0.38352147 -0.03075040
v 0.41910356 -0.37526533 -0.04141981
v 0.40940696 -0.38686538 -0.03091646
v 0.41350397 -0.37520170 -0.04628023
v 0.40452498 -0.38733876 -0.03661138
v 0.40736023 -0.37913719 -0.04740071
v 0.40358096 -0.38408464 -0.04332711
v 0.47785273 -0.40509844 0.07376155
v 0.47407857 -0.41000140 0.07777827
v 0.47676021 -0.40176463 0.06720964
v 0.46766603 -0.41369909 0.07701205
v 0.47146443 -0.40192214 0.06220623
v 0.46235976 -0.41392753 0.07184664
v 0.46504956 -0.40564394 0.06140094
v 0.46128294 -0.41065922 0.06531678
v 0.41094810 -0.37990481 -0.03820621
v 0.46862838 -0.40641543 0.07038513
v 0.37952197 -0.39794829 -0.02801442
v 0.39181030 -0.39904651 -0.01298863
v 0.37468401 -0.39055714 -0.04531767
v 0.40826523 -0.39349180 -0.00427933
v 0.37860137 -0.37879553 -0.06027466
v 0.42455035 -0.38274881 -0.00430704
v 0.39024359 -0.36583477 -0.06889963
v 0.43618003 -0.36980733 -0.01291632
v 0.40655795 -0.35521963 -0.06895809
v 0.44009629 -0.35805300 -0.02787168
v 0.42297927 -0.34961256 -0.06021050
v 0.43533266 -0.35071778 -0.04526171
v 0.43639505 -0.42509541 0.08099442
v 0.44871432 -0.42618895 0.09596319
v 0.43156645 -0.41775352 0.06368184
v 0.46520823 -0.42066291 0.10462023
v 0.43548474 -0.40599185 0.04872198
v 0.48146006 -0.41001046 0.10460941
v 0.44717276 -0.39300588 0.04027789
v 0.49310941 -0.39707062 0.09596319
v 0.46339434 -0.38232604 0.04019624
v 0.49703449 -0.38531104 0.08099426
v 0.47987562 -0.37678602 0.04883465
v 0.49218532 -0.37788200 0.06373246
v 0.40513983 -0.41000792 0.02801284
v 0.41795409 -0.41116986 0.04357811
v 0.40015817 -0.40233707 0.01009807
v 0.43510881 -0.40534121 0.05259255
v 0.40423644 -0.39014792 -0.00547182
v 0.45203516 -0.39418995 0.05271369
v 0.41640511 -0.37663499 -0.01450850
v 0.46416429 -0.38071907 0.04371100
v 0.43331689 -0.36552393 -0.01448396
v 0.46825999 -0.36849216 0.02811168
v 0.45041344 -0.35967380 -0.00551648
v 0.46321660 -0.36077833 0.01007698
v 0.43260846 -0.38515842 0.02103582
v 0.43708557 -0.38608891 0.03255830
v 0.42898706 -0.39074740 0.03147286
v 0.44181383 -0.37978229 0.02742958
v 0.42229679 -0.39105427 0.02491229
v 0.44041130 -0.37552607 0.01913310
v 0.42097327 -0.38687649 0.01676443
v 0.43379292 -0.37590820 0.01269297
v 0.42571244 -0.38058221 0.01165086
v 0.43853506 -0.38329521 0.04464367
v 0.42357710 -0.39191249 0.04263139
v 0.44727409 -0.37164497 0.03517110
v 0.41121718 -0.39247465 0.03054345
v 0.44469553 -0.36378875 0.01988547
v 0.40872589 -0.38471258 0.01539030
v 0.43241361 -0.36444643 0.00786692
v 0.41748255 -0.37308258 0.00594179
v 0.37265480 -0.38526168 -0.02118064
v 0.38455528 -0.38630542 -0.00668070
v 0.36796513 -0.37808779 -0.03790937
v 0.40053418 -0.38100818 0.00174811
v 0.37177780 -0.36675364 -0.05238050
v 0.41623095 -0.37069535 0.00177103
v 0.38305476 -0.35427454 -0.06072457
v 0.42749530 -0.35820010 -0.00657905
v 0.39884412 -0.34409299 -0.06070364
v 0.43124563 -0.34678832 -0.02109805
v 0.41468704 -0.33861423 -0.05232005
v 0.42657989 -0.33964729 -0.03782306
v 0.42961839 -0.41259098 0.08777469
v 0.44154027 -0.41367921 0.10220719
v 0.42492598 -0.40540725 0.07107102
v 0.45749095 -0.40836042 0.11055463
v 0.42871299 -0.39403230 0.05662128
v 0.47319686 -0.39806446 0.11055953
v 0.43997917 -0.38151735 0.04837341
v 0.48445317 -0.38556021 0.10219749
v 0.45567560 -0.37121019 0.04836778
v 0.48823395 -0.37417752 0.08774353
v 0.47161210 -0.36587653 0.05669156
v 0.48352808 -0.36695865 0.07111283
v 0.39814392 -0.36125773 -0.02751404
v 0.45629862 -0.38856471 0.08027596
v 0.40250850 -0.36239317 -0.01668621
v 0.39502636 -0.36672103 -0.01765071
v 0.40689671 -0.35656521 -0.02142111
v 0.38869253 -0.36682391 -0.02379263
v 0.40543255 -0.35239667 -0.02912853
v 0.38736832 -0.36284059 -0.03144760
v 0.39923319 -0.35267630 -0.03521240
v 0.39173901 -0.35698584 -0.03617527
v 0.39981452 -0.39468437 0.03477079
v 0.41129276 -0.39570016 0.04869682
v 0.39532915 -0.38780412 0.01869579
v 0.42667338 -0.39055559 0.05675264
v 0.39905718 -0.37692678 0.00478755
v 0.44180670 -0.38063303 0.05658039
v 0.42588466 -0.37272945 0.02688024
v 0.40992516 -0.36487132 -0.00326870
v 0.45268303 -0.36853647 0.04876621
v 0.42506948 -0.35492143 -0.00324660
v 0.45633405 -0.35756382 0.03479719
v 0.44034460 -0.34964064 0.00475366
v 0.45181671 -0.35064286 0.01870048
v 0.46052518 -0.38950089 0.09112686
v 0.45305386 -0.39387330 0.09002723
v 0.46487489 -0.38358304 0.08655471
v 0.44680253 -0.39403781 0.08413512
v 0.46357429 -0.37964174 0.07886165
v 0.44547576 -0.38999674 0.07672832
v 0.45734447 -0.37985247 0.07289590
v 0.44985268 -0.38415638 0.07197558
v 0.43667462 -0.37719047 0.05510958
v 0.41716793 -0.38844138 0.05275509
v 0.44811058 -0.36194521 0.04295776
v 0.40098742 -0.38914260 0.03691646
v 0.44473138 -0.35165909 0.02301395
v 0.39773092 -0.37899628 0.01712252
v 0.42868030 -0.35251716 0.00729280
v 0.40917209 -0.36380097 0.00477727
v 0.40384310 -0.35979173 -0.00547513
v 0.39001828 -0.36778805 -0.00725787
v 0.41195160 -0.34902298 -0.01422404
v 0.37843975 -0.36814284 -0.01855791
v 0.40941641 -0.34154597 -0.02840113
v 0.37603208 -0.36083597 -0.03268938
v 0.39795631 -0.34205630 -0.03964527
v 0.38411817 -0.35003260 -0.04142134
v 0.46193221 -0.38700303 0.10232844
v 0.44808277 -0.39495724 0.10058209
v 0.46998307 -0.37612107 0.09372754
v 0.43656471 -0.39535850 0.08945969
v 0.46756163 -0.36878172 0.07965492
v 0.43413636 -0.38798693 0.07548894
v 0.45605937 -0.36920765 0.06852383
v 0.44221959 -0.37717631 0.06677045
v 0.36768055 -0.37103724 -0.01487139
v 0.37835950 -0.37200442 -0.00189406
v 0.36347213 -0.36459699 -0.02983683
v 0.39270270 -0.36730972 0.00565142
v 0.36685488 -0.35440058 -0.04278436
v 0.40675902 -0.35807452 0.00567190
v 0.39177731 -0.35054591 -0.02232302
v 0.37697649 -0.34325907 -0.05025917
v 0.41684610 -0.34688509 -0.00180556
v 0.39104348 -0.33403996 -0.05024221
v 0.42013782 -0.33657184 -0.01480559
v 0.40532407 -0.32926688 -0.04274296
v 0.41597682 -0.33019775 -0.02976884
v 0.42476344 -0.39857551 0.09389681
v 0.43548125 -0.39962670 0.10674137
v 0.42053318 -0.39208946 0.07899915
v 0.44978341 -0.39489210 0.11420429
v 0.42390668 -0.38186410 0.06612507
v 0.46385783 -0.38568959 0.11419320
v 0.44895101 -0.37827408 0.08616107
v 0.43397474 -0.37065601 0.05860800
v 0.47392374 -0.37446564 0.10673717
v 0.44803929 -0.36143386 0.05862343
v 0.47728238 -0.36422342 0.09384082
v 0.46233165 -0.35667974 0.06611351
v 0.47302923 -0.35769111 0.07900956
v 0.40213147 -0.35409915 0.00446958
v 0.38402098 -0.36448365 0.00212383
v 0.41272545 -0.34002933 -0.00696118
v 0.36894450 -0.36501122 -0.01259356
v 0.40943068 -0.33027446 -0.02544134
v 0.36580992 -0.35547462 -0.03104113
v 0.39443973 -0.33091420 -0.04012171
v 0.37633976 -0.34130642 -0.04243335
v 0.46034014 -0.38150066 0.11217538
v 0.44224006 -0.39188677 0.10989104
v 0.39105794 -0.38299868 0.04234548
v 0.40287668 -0.38409325 0.05666093
v 0.38643193 -0.37589732 0.02588809
v 0.41867346 -0.37883285 0.06494669
v 0.39030895 -0.36480018 0.01166288
v 0.43422171 -0.36864942 0.06491507
v 0.41783485 -0.36049366 0.03433070
v 0.40145987 -0.35243094 0.00339692
v 0.44535050 -0.35624254 0.05667921
v 0.41699836 -0.34222203 0.00341964
v 0.44906855 -0.34494397 0.04235108
v 0.43261212 -0.33672366 0.01161275
v 0.44438112 -0.33776554 0.02585229
v 0.47085059 -0.36727819 0.10090548
v 0.42715910 -0.39235669 0.09540660
v 0.46766013 -0.35763663 0.08257787
v 0.42397025 -0.38269818 0.07716614
v 0.43186027 -0.36868614 0.06291539
v 0.41072425 -0.38086033 0.06024197
v 0.45261294 -0.35815564 0.06808760
v 0.43453133 -0.36857325 0.06577619
v 0.44420686 -0.35217229 0.04961725
v 0.39318249 -0.38158020 0.04309556
v 0.44051987 -0.34099087 0.02806142
v 0.38958341 -0.37050417 0.02162572
v 0.42305586 -0.34180433 0.01098837
v 0.40204540 -0.35415071 0.00833480
v 0.35938823 -0.35992429 -0.00768598
v 0.37040365 -0.36101076 0.00557830
v 0.35497364 -0.35316449 -0.02296766
v 0.38525069 -0.35638309 0.01329438
v 0.35839826 -0.34262490 -0.03619604
v 0.39967287 -0.34690759 0.01331546
v 0.38425821 -0.33910725 -0.01534045
v 0.36871573 -0.33108988 -0.04382774
v 0.41002271 -0.33542693 0.00564328
v 0.38316628 -0.32165778 -0.04382270
v 0.41326156 -0.32463607 -0.00763282
v 0.39784858 -0.31681132 -0.03616671
v 0.40886042 -0.31789696 -0.02292346
v 0.39763418 -0.34618253 0.01163477
v 0.37804306 -0.35743630 0.00910966
v 0.40910080 -0.33095363 -0.00073799
v 0.36160392 -0.35782525 -0.00676492
v 0.40541574 -0.32020569 -0.02064141
v 0.35813153 -0.34737682 -0.02666590
v 0.38916299 -0.32085314 -0.03649588
v 0.36953479 -0.33204302 -0.03896956
v 0.41688153 -0.38814378 0.10061475
v 0.42805871 -0.38954464 0.11348196
v 0.41241562 -0.38125041 0.08561201
v 0.44284618 -0.38488403 0.12096731
v 0.41585472 -0.37073433 0.07236779
v 0.45724946 -0.37536430 0.12106786
v 0.44159803 -0.36708030 0.09309601
v 0.42615771 -0.35914475 0.06489327
v 0.46751794 -0.36374179 0.11352066
v 0.44058830 -0.34968224 0.06490929
v 0.47086334 -0.35305834 0.10043927
v 0.45533237 -0.34499672 0.07222882
v 0.46640566 -0.34620455 0.08530907
v 0.45618668 -0.37417528 0.11885659
v 0.43656787 -0.38537362 0.11640649
v 0.46751469 -0.35870364 0.10669885
v 0.42010319 -0.38563624 0.10094316
v 0.46395898 -0.34809452 0.08699225
v 0.41656053 -0.37502533 0.08133270
v 0.44753584 -0.34839609 0.07162069
v 0.42795759 -0.35965577 0.06914936
v 0.42476049 -0.35905522 0.06655833
v 0.40523854 -0.37034783 0.06391413
v 0.43616110 -0.34383410 0.05406791
v 0.38898352 -0.37093493 0.04811642
v 0.43269309 -0.33339563 0.03424813
v 0.38559830 -0.36060804 0.02832332
v 0.41658121 -0.33416387 0.01854681
v 0.39718819 -0.34560093 0.01607248
v 0.37945813 -0.37276474 0.05107476
v 0.39273986 -0.37412843 0.06694711
v 0.37418333 -0.36466739 0.03275509
v 0.41040108 -0.36826026 0.07628407
v 0.37861827 -0.35242397 0.01685619
v 0.42772433 -0.35677969 0.07646591
v 0.39107242 -0.33860895 0.00762401
v 0.44023705 -0.34312293 0.06688971
v 0.40809637 -0.32672751 0.00770875
v 0.44431126 -0.33036014 0.05103799
v 0.42571834 -0.32083726 0.01689546
v 0.43897372 -0.32217088 0.03273602
v 0.39103544 -0.33724710 0.01492862
v 0.37265062 -0.34721720 0.01270957
v 0.40121719 -0.32255459 0.00368714
v 0.35755610 -0.34768984 -0.00187395
v 0.39790845 -0.31273410 -0.01458321
v 0.35421795 -0.33782473 -0.02012800
v 0.38281471 -0.31320366 -0.02914610
v 0.36473626 -0.32362595 -0.03145784
v 0.45005974 -0.36599547 0.12173616
v 0.43205777 -0.37656629 0.11923999
v 0.46056256 -0.35177571 0.11040448
v 0.41654360 -0.37629819 0.10533616
v 0.45702356 -0.34153864 0.09255219
v 0.41315749 -0.36632270 0.08727681
v 0.41650990 -0.34988847 0.06525687
v 0.40155154 -0.35849288 0.06330073
v 0.44183585 -0.34185016 0.07810747
v 0.42349949 -0.35178146 0.07637644
v 0.42521086 -0.33818838 0.05577088
v 0.38905531 -0.35884678 0.05129032
v 0.42247450 -0.33006397 0.04068928
v 0.38636002 -0.35078686 0.03618015
v 0.40997159 -0.33040032 0.02871437
v 0.39533946 -0.33945307 0.02681343
v 0.34840539 -0.35004011 0.00078565
v 0.36078069 -0.35137743 0.01549770
v 0.34333897 -0.34226152 -0.01611556
v 0.37721807 -0.34602728 0.02401425
v 0.34705499 -0.33030933 -0.03076441
v 0.39358449 -0.33582774 0.02395039
v 0.35851896 -0.31732717 -0.03921801
v 0.40480435 -0.32249075 0.01554475
v 0.37472841 -0.30690545 -0.03927637
v 0.40856946 -0.31061924 0.00084284
v 0.39112079 -0.30148563 -0.03073355
v 0.40348899 -0.30281723 -0.01604065
v 0.40660727 -0.37940946 0.10839525
v 0.41937804 -0.38143334 0.12252004
v 0.40149450 -0.37153313 0.09164442
v 0.43614033 -0.37663448 0.13061085
v 0.40518302 -0.35952070 0.07709299
v 0.45208955 -0.36576948 0.13090175
v 0.41669139 -0.34661692 0.06856610
v 0.46358255 -0.35283473 0.12241714
v 0.43284819 -0.33611551 0.06853282
v 0.46718866 -0.34069264 0.10792734
v 0.44940424 -0.33097297 0.07686460
v 0.46194270 -0.33259407 0.09133203
v 0.40826005 -0.34232655 0.05970144
v 0.40015787 -0.34696841 0.05866740
v 0.41297099 -0.33600250 0.05454311
v 0.39338416 -0.34714532 0.05216311
v 0.41150787 -0.33155844 0.04649987
v 0.39189962 -0.34274387 0.04400409
v 0.40470883 -0.33168688 0.04004764
v 0.39678121 -0.33664304 0.03892118
v 0.38334045 -0.32865319 0.01385026
v 0.36892739 -0.33570966 0.01257330
v 0.39100510 -0.31716961 0.00551118
v 0.35740402 -0.33604988 0.00150103
v 0.38830522 -0.30931431 -0.00818921
v 0.35489643 -0.32863033 -0.01256606
v 0.37686884 -0.30992264 -0.01954176
v 0.36276916 -0.31747341 -0.02105507
v 0.44290066 -0.35821432 0.12039802
v 0.42918974 -0.36635870 0.11853823
v 0.45081311 -0.34711444 0.11190245
v 0.41697189 -0.36565113 0.10811334
v 0.40126342 -0.33757204 0.05048453
v 0.44814122 -0.33931553 0.09820173
v 0.41448608 -0.35815203 0.09420014
v 0.43629390 -0.33922380 0.08732254
v 0.42232296 -0.34697959 0.08570085
v 0.37007225 -0.36090416 0.05942026
v 0.38398442 -0.36259142 0.07566305
v 0.36445445 -0.35226977 0.04060330
v 0.40246502 -0.35688153 0.08497842
v 0.36863425 -0.33899730 0.02425716
v 0.42045152 -0.34511900 0.08500385
v 0.38196093 -0.32541505 0.01426132
v 0.43326169 -0.33068699 0.07556225
v 0.39953902 -0.31298473 0.01470782
v 0.43736941 -0.31723669 0.05940605
v 0.41778442 -0.30678511 0.02446016
v 0.43167502 -0.30844229 0.04072773
v 0.37510881 -0.32067755 0.00933592
v 0.36750680 -0.32480600 0.00850963
v 0.37948215 -0.31476077 0.00473164
v 0.36123636 -0.32483226 0.00272514
v 0.37800068 -0.31048596 -0.00265186
v 0.35976771 -0.32059699 -0.00470781
v 0.37156278 -0.31033370 -0.00840284
v 0.36414248 -0.31480625 -0.00952250
v 0.43551272 -0.35150710 0.11538666
v 0.42811656 -0.35595983 0.11435897
v 0.43980724 -0.34550592 0.11080441
v 0.42131773 -0.35528132 0.10884483
v 0.43827799 -0.34117195 0.10343084
v 0.41976780 -0.35092089 0.10147453
v 0.43183604 -0.34105870 0.09758718
v 0.42411149 -0.34500614 0.09682584
v 0.36846480 -0.31582460 0.00134113
v 0.42898339 -0.34698430 0.10705692
v 0.33928046 -0.33812284 0.00950198
v 0.35222232 -0.33977842 0.02448214
v 0.33394793 -0.32991549 -0.00784125
v 0.36932337 -0.33443981 0.03310901
v 0.33768287 -0.31737158 -0.02287473
v 0.38603443 -0.32349709 0.03323032
v 0.34946248 -0.30382559 -0.03155851
v 0.39785600 -0.31001577 0.02449207
v 0.36625275 -0.29305932 -0.03163551
v 0.40164769 -0.29755473 0.00940359
v 0.38330919 -0.28760767 -0.02287177
v 0.39636394 -0.28938630 -0.00792090
v 0.39869106 -0.36951584 0.11594117
v 0.41201395 -0.37175018 0.13062204
v 0.39327273 -0.36115745 0.09870496
v 0.42940849 -0.36685455 0.13902043
v 0.39698216 -0.34854382 0.08374963
v 0.44612119 -0.35597345 0.13901642
v 0.40869218 -0.33490536 0.07506622
v 0.45776439 -0.34216496 0.13053748
v 0.42550528 -0.32415137 0.07505522
v 0.46135536 -0.32936719 0.11568617
v 0.44270980 -0.31893963 0.08365717
v 0.45582807 -0.32083979 0.09854022
v 0.36319581 -0.34762052 0.06787122
v 0.37680560 -0.34953898 0.08338409
v 0.35756168 -0.33891016 0.04995255
v 0.39481148 -0.34423882 0.09233933
v 0.36141378 -0.32565871 0.03464108
v 0.41247031 -0.33320859 0.09242152
v 0.37366533 -0.31150296 0.02565802
v 0.42448783 -0.31881934 0.08331565
v 0.39107832 -0.30027506 0.02545073
v 0.42820120 -0.30547643 0.06779519
v 0.40895078 -0.29483905 0.03433569
v 0.42252573 -0.29671472 0.04986792
v 0.39044362 -0.32051235 0.06243116
v 0.33244547 -0.32500008 0.01812323
v 0.34509179 -0.32678494 0.03257154
v 0.32717770 -0.31686121 0.00150689
v 0.36173949 -0.32176274 0.04095569
v 0.33063236 -0.30448765 -0.01284441
v 0.37787348 -0.31128800 0.04080697
v 0.34195152 -0.29129943 -0.02117652
v 0.38922846 -0.29813740 0.03244693
v 0.35813600 -0.28085750 -0.02124639
v 0.39277744 -0.28591353 0.01793639
v 0.37483281 -0.27594128 -0.01303573
v 0.38755214 -0.27785829 0.00123159
v 0.39935875 -0.31588012 0.06818333
v 0.39785224 -0.31154150 0.06064773
v 0.39509878 -0.32200769 0.07310257
v 0.39133182 -0.31144986 0.05470813
v 0.38737312 -0.32620096 0.07224494
v 0.38371727 -0.31568447 0.05411033
v 0.38083735 -0.32608423 0.06632477
v 0.37932512 -0.32173014 0.05881526
v 0.35861257 -0.30119914 0.01259117
v 0.39275381 -0.35792786 0.12358412
v 0.40558714 -0.36003292 0.13780898
v 0.38743299 -0.34968799 0.10707258
v 0.42240220 -0.35531980 0.14592367
v 0.39098746 -0.33739066 0.09282051
v 0.43860218 -0.34489524 0.14585721
v 0.40235004 -0.32420740 0.08458508
v 0.44989371 -0.33162922 0.13759817
v 0.41837808 -0.31362724 0.08436751
v 0.45326611 -0.31910542 0.12333326
v 0.43505055 -0.30868620 0.09259499
v 0.44781542 -0.31067875 0.10687477
v 0.42052075 -0.33487150 0.11655646
v 0.36763209 -0.29688165 0.01787279
v 0.36607391 -0.29229593 0.01087448
v 0.36324021 -0.30280584 0.02291872
v 0.35956708 -0.29213506 0.00513287
v 0.35551620 -0.30700859 0.02204121
v 0.35187209 -0.29634422 0.00430724
v 0.34901679 -0.30686110 0.01630128
v 0.34753674 -0.30244264 0.00902706
v 0.42953286 -0.33031958 0.12240193
v 0.42766863 -0.32551414 0.11484702
v 0.42524466 -0.33646515 0.12719712
v 0.42101452 -0.32522565 0.10896835
v 0.41735941 -0.34044424 0.12634178
v 0.41335416 -0.32943869 0.10827724
v 0.41056782 -0.33997014 0.12046372
v 0.40899906 -0.33552918 0.11299031
v 0.40482369 -0.32417214 0.09512756
v 0.37388635 -0.30676749 0.04239884
v 0.39032894 -0.33558133 0.09933198
v 0.41819456 -0.31150073 0.09079932
v 0.35969877 -0.31835216 0.04712175
v 0.38759574 -0.29432306 0.03851847
v 0.40118346 -0.32170469 0.09009461
v 0.37668115 -0.30793080 0.04835747
v 0.40497506 -0.30868962 0.07562407
v 0.40219420 -0.30066296 0.06174287
v 0.39697605 -0.31994227 0.08450467
v 0.39014989 -0.30048767 0.05079613
v 0.38269809 -0.32768741 0.08292097
v 0.37593979 -0.30825651 0.04940339
v 0.38811538 -0.33194077 0.09395443
v 0.41319424 -0.31023481 0.08624431
v 0.36383715 -0.31829453 0.05259504
v 0.38894361 -0.29663235 0.04483056
v 0.37062061 -0.32747048 0.07198617
v 0.36782357 -0.31942543 0.05810006
v 0.40660930 -0.32401091 0.10154315
v 0.36969227 -0.30322880 0.03858442
v 0.37496319 -0.33748883 0.09183910
v 0.41890270 -0.29952872 0.07844423
v 0.35697761 -0.32738107 0.06119801
v 0.40093771 -0.28945452 0.04776145
v 0.36263117 -0.33486778 0.07760434
v 0.41285032 -0.29148731 0.06228131
v 0.41856936 -0.31260225 0.09756597
v 0.39349088 -0.33419386 0.10523230
v 0.35696191 -0.31364641 0.04295603
v 0.38207081 -0.29204318 0.03519060
v 0.37319061 -0.28966424 0.02520393
v 0.37040886 -0.28155833 0.01158196
v 0.36504188 -0.30073261 0.03412077
v 0.35830152 -0.28112298 0.00117904
v 0.35084954 -0.30849317 0.03278112
v 0.34407362 -0.28889823 -0.00035428
v 0.33881795 -0.30825704 0.02204487
v 0.33602366 -0.30020016 0.00817480
v 0.43517306 -0.32317629 0.12983455
v 0.43215257 -0.31481346 0.11601728
v 0.34417790 -0.32679319 0.05365031
v 0.39904955 -0.27949464 0.03689747
v 0.37444517 -0.34380928 0.10529381
v 0.42926061 -0.29642650 0.08860165
v 0.42713535 -0.33443797 0.13855381
v 0.41988227 -0.31433031 0.10510079
v 0.41277087 -0.34203458 0.13706738
v 0.40553734 -0.32195237 0.10358929
v 0.35850644 -0.33271277 0.07613196
v 0.37073538 -0.33453768 0.08987963
v 0.35332912 -0.32472417 0.06013100
v 0.38682863 -0.32978040 0.09783846
v 0.35668519 -0.31278247 0.04633276
v 0.40243262 -0.31967628 0.09783144
v 0.38500351 -0.30982792 0.06810837
v 0.36760071 -0.30008915 0.03810421
v 0.41334009 -0.30693933 0.08976711
v 0.38318482 -0.28995830 0.03810910
v 0.41662031 -0.29491335 0.07591426
v 0.39923695 -0.28513518 0.04612494
v 0.41148353 -0.28694886 0.06000064
v 0.40045443 -0.34147444 0.12619466
v 0.39743322 -0.33313912 0.11227384
v 0.34298128 -0.31773645 0.04236806
v 0.38691092 -0.27990222 0.02874464
v 0.42911527 -0.30358264 0.10120208
v 0.38512248 -0.34133932 0.11449364
v 0.35676503 -0.33562684 0.08102146
v 0.41515085 -0.28510797 0.06320968
v 0.24004889 -0.27587873 -0.10564366
v 0.32791916 -0.31078723 0.02626773
v 0.33925620 -0.31249166 0.03899107
v 0.32312405 -0.30337247 0.01144584
v 0.35411090 -0.30804479 0.04616059
v 0.32612714 -0.29217172 -0.00138136
v 0.36850920 -0.29865590 0.04581171
v 0.35248601 -0.28946966 0.01899168
v 0.33618805 -0.28027758 -0.00885270
v 0.37867665 -0.28685838 0.03839226
v 0.35066110 -0.27090645 -0.00890887
v 0.38185021 -0.27582502 0.02564615
v 0.36562935 -0.26654121 -0.00157716
v 0.37708783 -0.26837105 0.01112482
v 0.40631914 -0.29998487 0.08340999
v 0.40266311 -0.28946191 0.06529781
v 0.39578778 -0.31462821 0.09490566
v 0.38689545 -0.28921232 0.05093187
v 0.37712967 -0.32474437 0.09283629
v 0.36829174 -0.29935554 0.04902885
v 0.36138973 -0.32449484 0.07862068
v 0.35768810 -0.31394660 0.06039504
v 0.38862419 -0.34446925 0.13115558
v 0.40013292 -0.34638569 0.14388254
v 0.38369375 -0.33686811 0.11635284
v 0.41520768 -0.34220386 0.15111025
v 0.38661504 -0.32556409 0.10341073
v 0.42971435 -0.33287385 0.15104121
v 0.41346842 -0.32358325 0.12370840
v 0.39675859 -0.31373000 0.09601621
v 0.43983391 -0.32102051 0.14359646
v 0.41125822 -0.30440259 0.09594293
v 0.44279811 -0.30971038 0.13089301
v 0.42628950 -0.30009741 0.10338761
v 0.43784913 -0.30205849 0.11619630
v 0.32683244 -0.31000569 0.03059361
v 0.37700582 -0.26662502 0.01511470
v 0.37446126 -0.28086516 0.03300954
v 0.37086797 -0.27031431 0.01526742
v 0.36387452 -0.29539427 0.04471073
v 0.35504830 -0.26986113 0.00138518
v 0.34528387 -0.30554309 0.04281675
v 0.33655003 -0.28011236 -0.00058063
v 0.43799874 -0.30073783 0.12002328
v 0.38774830 -0.34408620 0.13531318
v 0.32961673 -0.30531821 0.02873718
v 0.32596102 -0.29474893 0.01073153
v 0.43659905 -0.31457159 0.13772307
v 0.43266478 -0.30366924 0.11961848
v 0.21822537 -0.29059884 -0.09716423
v 0.25141346 -0.27980223 -0.08065356
v 0.22444083 -0.26559106 -0.12593609
v 0.25760549 -0.25476104 -0.10940225
v 0.42608428 -0.32927981 0.14911240
v 0.41666073 -0.30307603 0.10534122
v 0.40733710 -0.33924824 0.14713690
v 0.39788756 -0.31303573 0.10324629
v 0.39136136 -0.33866090 0.13297214
v 0.38747740 -0.32784966 0.11477453
v 0.39292809 -0.30994445 0.09635085
v 0.37040377 -0.29728466 0.05799261
v 0.40382174 -0.29984814 0.09303189
v 0.38132244 -0.31916907 0.09983926
v 0.35891432 -0.30657348 0.06165785
v 0.38138446 -0.28720450 0.05485993
v 0.32135180 -0.31074587 0.03375812
v 0.37905979 -0.26058999 0.01601086
v 0.38113779 -0.30288598 0.07750255
v 0.40896952 -0.29035848 0.08606088
v 0.36968055 -0.32429835 0.09795465
v 0.35296786 -0.31486160 0.06957383
v 0.39223316 -0.28090751 0.05760933
v 0.39824647 -0.31227419 0.10757446
v 0.40324822 -0.28297713 0.07113399
v 0.35835814 -0.32178536 0.08470832
v 0.36355686 -0.29264611 0.04847026
v 0.38267222 -0.34504816 0.13917336
v 0.44055623 -0.29503894 0.12155646
v 0.40858147 -0.30250654 0.10378504
v 0.38676324 -0.32119769 0.11050981
v 0.35254294 -0.30199829 0.05245230
v 0.37462372 -0.28288025 0.04556045
v 0.23130608 -0.29350480 -0.07292251
v 0.20476967 -0.27993187 -0.11866794
v 0.26783741 -0.26060250 -0.08436672
v 0.24076946 -0.24626511 -0.12957413
v 0.36082897 -0.25902459 0.00273817
v 0.31712341 -0.29736218 0.01597674
v 0.33433464 -0.27520543 0.00265975
v 0.34024504 -0.30576292 0.05202179
v 0.37916154 -0.27220735 0.04013459
v 0.34696212 -0.26407638 -0.00016947
v 0.32196963 -0.28599161 0.00735875
v 0.41787773 -0.29466403 0.10699632
v 0.37949783 -0.32787278 0.11881210
v 0.39715171 -0.34186512 0.15465266
v 0.44123238 -0.30392036 0.14123072
v 0.40328640 -0.29116786 0.09062182
v 0.39930478 -0.27972195 0.07110572
v 0.39171222 -0.30686995 0.10272315
v 0.38224193 -0.27943715 0.05560023
v 0.34739557 -0.32683516 0.09025216
v 0.41044986 -0.27186504 0.07086511
v 0.37163073 -0.31794405 0.10064098
v 0.36197883 -0.29035282 0.05318588
v 0.42301226 -0.32461604 0.15583707
v 0.35456106 -0.31763425 0.08525692
v 0.35055050 -0.30618560 0.06560819
v 0.40961522 -0.33470497 0.15927270
v 0.43487486 -0.31308970 0.15154438
v 0.31015438 -0.29601178 0.01622759
v 0.36012682 -0.25212350 0.00109563
v 0.33163363 -0.31661597 0.06583035
v 0.39393780 -0.26191822 0.04645597
v 0.36170161 -0.33342734 0.11743347
v 0.42430389 -0.27901524 0.09830131
v 0.37144658 -0.27202004 0.04036935
v 0.36756435 -0.26067609 0.02093137
v 0.35980356 -0.28764433 0.05259397
v 0.32981738 -0.27068320 0.00081819
v 0.35043797 -0.26020995 0.00583847
v 0.33968806 -0.29864433 0.05058169
v 0.33058104 -0.27155611 0.00357638
v 0.31581080 -0.28313753 0.00605535
v 0.34416333 -0.25793949 -0.00241903
v 0.32301387 -0.29874671 0.03540168
v 0.31899220 -0.28723955 0.01587555
v 0.39437932 -0.34281313 0.16222125
v 0.44474217 -0.29940066 0.14689238
v 0.43348831 -0.30568501 0.14496082
v 0.42919645 -0.29380628 0.12549168
v 0.42201212 -0.32145852 0.15751760
v 0.41199592 -0.29333910 0.10996226
v 0.40179485 -0.33238259 0.15521944
v 0.39160773 -0.30410179 0.10729224
v 0.34755892 -0.27956599 0.03337695
v 0.38455182 -0.33181933 0.13987350
v 0.38041967 -0.32020915 0.12008431
v 0.42396891 -0.32304081 0.16392185
v 0.32552084 -0.29911405 0.04120944
v 0.37033266 -0.26016191 0.02730871
v 0.40877396 -0.33460566 0.16785739
v 0.43751201 -0.30992031 0.15904967
v 0.40481618 -0.31197700 0.13167976
v 0.42612869 -0.29155070 0.12446671
v 0.38132825 -0.33041891 0.13813420
v 0.19549534 -0.29692408 -0.08566854
v 0.25655910 -0.27656856 -0.05483396
v 0.20734999 -0.25126475 -0.13924070
v 0.26837820 -0.23085648 -0.10836610
v 0.31354845 -0.30227032 0.04259900
v 0.37426919 -0.24900970 0.02394942
v 0.37490684 -0.33646470 0.14853656
v 0.43589711 -0.28345549 0.13004728
v 0.35576215 -0.25311792 0.01556976
v 0.31633613 -0.28796154 0.02753324
v 0.39614120 -0.28341955 0.09589231
v 0.39243433 -0.27282983 0.07780259
v 0.38559249 -0.29809552 0.10722118
v 0.37667748 -0.27259070 0.06343448
v 0.20986857 -0.29876840 -0.06195718
v 0.18328451 -0.28514749 -0.10769559
v 0.24087211 -0.28668407 -0.04872651
v 0.19168583 -0.26141626 -0.13316274
v 0.26880291 -0.26146156 -0.05746015
v 0.21948238 -0.23598899 -0.14173704
v 0.27723172 -0.23777245 -0.08295985
v 0.25047982 -0.22389559 -0.12849939
v 0.36712161 -0.30841419 0.10573846
v 0.35806361 -0.28278631 0.06126004
v 0.33181655 -0.26791435 0.01551496
v 0.35107136 -0.30783415 0.09070633
v 0.34734190 -0.29723340 0.07250600
v 0.34330770 -0.25779986 0.01293109
v 0.32071444 -0.27788264 0.01965344
v 0.38920087 -0.32837611 0.15643568
v 0.42939964 -0.29378489 0.14428546
v 0.36431643 -0.26437628 0.04548816
v 0.36079720 -0.25401124 0.02743816
v 0.41300941 -0.31264040 0.15751427
v 0.35365239 -0.27889904 0.05679503
v 0.34525454 -0.25395992 0.01341481
v 0.40063676 -0.32196856 0.16050918
v 0.42387879 -0.30213282 0.15356398
v 0.33526063 -0.28926337 0.05528639
v 0.32685941 -0.26443687 0.01123700
v 0.31979436 -0.28942361 0.04082609
v 0.31641179 -0.27925092 0.02262668
v 0.42603031 -0.29753053 0.15073159
v 0.42217028 -0.28672072 0.13248456
v 0.41538581 -0.31209415 0.16231374
v 0.40634540 -0.28638238 0.11791452
v 0.39679912 -0.32231867 0.16011037
v 0.38771194 -0.29654363 0.11557566
v 0.38094121 -0.32191989 0.14586125
v 0.37723681 -0.31131634 0.12768941
v 0.30309114 -0.28739151 0.02392050
v 0.35463816 -0.24159789 0.00839851
v 0.32379064 -0.26161051 0.00775977
v 0.38828698 -0.33440408 0.17270719
v 0.44042221 -0.28935078 0.15682782
v 0.41947070 -0.31460673 0.17425571
v 0.30928624 -0.27427468 0.01323862
v 0.33837330 -0.24829289 0.00452361
v 0.40375513 -0.32637456 0.17838246
v 0.43326882 -0.30094203 0.16934478
v 0.25761628 -0.27261463 -0.03895652
v 0.38597831 -0.27795765 0.09852390
v 0.38316569 -0.26989591 0.08458256
v 0.37790117 -0.28918973 0.10721565
v 0.37111405 -0.26973066 0.07349102
v 0.36379406 -0.29719719 0.10604823
v 0.35687271 -0.27754185 0.07179643
v 0.35180506 -0.29710910 0.09502839
v 0.34864268 -0.28850490 0.08027985
v 0.22392873 -0.28999767 -0.03990335
v 0.17485917 -0.26490811 -0.12447824
v 0.27547383 -0.24329717 -0.05596869
v 0.22632612 -0.21808204 -0.14043842
v 0.33506203 -0.31203547 0.10290274
v 0.40131962 -0.25389075 0.08268898
v 0.35424086 -0.25911137 0.04784502
v 0.35158068 -0.25124383 0.03400265
v 0.24081907 -0.28181630 -0.03194431
v 0.26929209 -0.25600418 -0.04081305
v 0.34606940 -0.27020818 0.05643449
v 0.33981332 -0.25142992 0.02322824
v 0.33207840 -0.27828419 0.05538427
v 0.32572758 -0.25945050 0.02158162
v 0.32028404 -0.27851549 0.04425660
v 0.31776229 -0.27087101 0.03025288
v 0.34969407 -0.31866163 0.12994285
v 0.41511235 -0.26148018 0.11005318
v 0.41566631 -0.29185152 0.15333164
v 0.41275895 -0.28363740 0.13932034
v 0.40753365 -0.30305347 0.16226783
v 0.40067393 -0.28340620 0.12821186
v 0.31960797 -0.30177441 0.07840293
v 0.38481224 -0.24436703 0.05853994
v 0.39322457 -0.31079200 0.16070558
v 0.38644406 -0.29122597 0.12653413
v 0.38120806 -0.31064087 0.14957491
v 0.37839738 -0.30255467 0.13562363
v 0.40659380 -0.34545648 0.22634257
v 0.37445313 -0.27571562 0.09786148
v 0.37293571 -0.27135926 0.09029385
v 0.37008101 -0.28179395 0.10256649
v 0.36642641 -0.27129713 0.08432140
v 0.36248836 -0.28620705 0.10204610
v 0.35873273 -0.27554938 0.08341139
v 0.35600007 -0.28616714 0.09609478
v 0.35451227 -0.28184807 0.08857695
v 0.36334449 -0.27699926 0.09417345
v 0.39276442 -0.35287505 0.23221551
v 0.41619265 -0.33184636 0.22481063
v 0.34281650 -0.25706330 0.04711161
v 0.34138268 -0.25282124 0.03960422
v 0.36432916 -0.32229525 0.16039608
v 0.42691016 -0.26765266 0.14160417
v 0.17355245 -0.29148981 -0.07139785
v 0.25312439 -0.26455680 -0.03083076
v 0.18911143 -0.23193958 -0.14147487
v 0.26876372 -0.20514911 -0.10104259
v 0.33841822 -0.26310450 0.05178813
v 0.33512843 -0.25312811 0.03387524
v 0.33090603 -0.26757541 0.05132981
v 0.32752490 -0.25750217 0.03300999
v 0.32459781 -0.26785132 0.04530143
v 0.32314983 -0.26358330 0.03771026
v 0.31757784 -0.25202668 0.01606687
v 0.40402451 -0.28947580 0.15272956
v 0.40243924 -0.28501290 0.14510866
v 0.39950797 -0.29546848 0.15791060
v 0.39591825 -0.28490877 0.13908093
v 0.39179167 -0.29970747 0.15706430
v 0.38821876 -0.28914368 0.13815340
v 0.38541335 -0.29970926 0.15068246
v 0.38390091 -0.29533944 0.14312115
v 0.30323178 -0.26403406 0.02154017
v 0.33162588 -0.23880970 0.01308763
v 0.30245206 -0.28719667 0.05546371
v 0.36482364 -0.23238105 0.03664005
v 0.18944740 -0.29354203 -0.04863816
v 0.16291998 -0.28000697 -0.09444261
v 0.24456991 -0.26994342 -0.02747065
v 0.18057312 -0.23735304 -0.13813810
v 0.25965872 -0.25625154 -0.03216425
v 0.19566306 -0.22366278 -0.14283349
v 0.27741709 -0.21378514 -0.07603915
v 0.25085053 -0.20018277 -0.12178147
v 0.33204398 -0.25889331 0.04380284
v 0.39288878 -0.29071727 0.14905266
v 0.41091195 -0.30130950 0.18550859
v 0.37935108 -0.32107332 0.18376540
v 0.43171790 -0.27534497 0.16816834
v 0.29604176 -0.23778905 -0.01611520
v 0.39522335 -0.31317106 0.18950944
v 0.42469326 -0.28759331 0.18060954
v 0.25820109 -0.21651047 -0.08158842
v 0.30292848 -0.24093899 -0.00213412
v 0.28787175 -0.23276795 -0.02881051
v 0.22342888 -0.28121603 -0.02174788
v 0.27268127 -0.23639292 -0.03699804
v 0.26509109 -0.21977372 -0.06771499
v 0.25007018 -0.21145369 -0.09421595
v 0.20814846 -0.28579789 -0.02959066
v 0.15911759 -0.26075751 -0.11419163
v 0.23533100 -0.27165875 -0.02266813
v 0.17133178 -0.23905648 -0.13331628
v 0.26319233 -0.24632338 -0.03130527
v 0.19921958 -0.21376950 -0.14200118
v 0.27546221 -0.22473074 -0.05054291
v 0.22641169 -0.19965445 -0.13510890
v 0.29063010 -0.27175727 0.03492463
v 0.34421292 -0.22459321 0.01899005
v 0.31340045 -0.24536565 0.02214692
v 0.27941188 -0.24658400 -0.00945258
v 0.30761948 -0.22166727 -0.01763237
v 0.30848256 -0.24210449 0.01312821
v 0.27838707 -0.22584033 -0.04022040
v 0.37840858 -0.35212541 0.24083215
v 0.41897207 -0.31567460 0.22805093
v 0.30083257 -0.25569245 0.02709107
v 0.32571730 -0.23386231 0.01973874
v 0.24192747 -0.22496790 -0.07498691
v 0.26953632 -0.20091185 -0.08322373
v 0.27075228 -0.22127180 -0.05262921
v 0.24082670 -0.20482983 -0.10580983
v 0.28680745 -0.24934091 0.00427602
v 0.27178767 -0.24123976 -0.02231507
v 0.31413266 -0.22537892 -0.00357465
v 0.29904291 -0.21717586 -0.03030227
v 0.31976277 -0.24786881 0.03607856
v 0.24940450 -0.22801778 -0.06140486
v 0.23433198 -0.21960419 -0.08781523
v 0.27601710 -0.20465598 -0.06925772
v 0.26106098 -0.19644481 -0.09585519
v 0.30925679 -0.25674081 0.03998075
v 0.33033121 -0.23820296 0.03387117
v 0.31462559 -0.24576229 0.02947410
v 0.27564269 -0.22520933 -0.03814031
v 0.29405370 -0.24960700 0.01890440
v 0.26393571 -0.23333526 -0.03433503
v 0.31858146 -0.22829440 0.01187080
v 0.28838435 -0.21188197 -0.04157971
v 0.31932148 -0.24693812 0.04019692
v 0.30782950 -0.24146912 0.02107773
v 0.28009149 -0.22648387 -0.02752922
v 0.26901355 -0.22069065 -0.04649702
v 0.28050125 -0.20767576 -0.05395975
v 0.25059754 -0.19126520 -0.10716257
v 0.25670922 -0.22866172 -0.04698558
v 0.22679758 -0.21224903 -0.10019894
v 0.22675490 -0.26934817 -0.01707863
v 0.16276425 -0.23674704 -0.12771343
v 0.26310220 -0.23613004 -0.02823466
v 0.19919679 -0.20370238 -0.13905677
v 0.23629692 -0.20153072 -0.10295809
v 0.24018537 -0.20261000 -0.09395303
v 0.32124883 -0.29277593 0.11708864
v 0.38860586 -0.23394211 0.09743762
v 0.23058265 -0.19774763 -0.11010377
v 0.28820968 -0.25813031 0.03624152
v 0.33177674 -0.21987018 0.02338992
v 0.33624530 -0.29979587 0.14333507
v 0.40226886 -0.24202611 0.12414973
v 0.29825592 -0.25874349 0.04796749
v 0.33565184 -0.22573589 0.03698582
v 0.32584971 -0.22574250 0.02861603
v 0.32112408 -0.24470012 0.05156070
v 0.28676903 -0.20547350 -0.03868306
v 0.29982427 -0.23443031 0.01620584
v 0.28164172 -0.22427072 -0.01650859
v 0.29497054 -0.25304949 0.03919938
v 0.26122993 -0.21364938 -0.05136218
v 0.25607961 -0.23236087 -0.02880552
v 0.30582291 -0.28234211 0.09305934
v 0.37225506 -0.22432998 0.07373983
v 0.32967317 -0.22842242 0.03941743
v 0.31815481 -0.22288781 0.02029269
v 0.29035804 -0.20822690 -0.02800800
v 0.30116072 -0.25364134 0.04917983
v 0.27930403 -0.20247889 -0.04702143
v 0.28968647 -0.24828535 0.03000371
v 0.35185832 -0.30486581 0.17161100
v 0.41443831 -0.24977651 0.15341860
v 0.26203218 -0.23313396 -0.01906776
v 0.25093529 -0.22729018 -0.03786558
v 0.31098872 -0.20247826 -0.01359233
v 0.26215696 -0.24564603 0.00054626
v 0.24576101 -0.18467382 -0.10359214
v 0.24161083 -0.20074145 -0.08438408
v 0.22392039 -0.19185235 -0.11431976
v 0.27285522 -0.18231060 -0.07944666
v 0.22521976 -0.22428140 -0.06544531
v 0.21977702 -0.20793343 -0.09512529
v 0.27012420 -0.24836674 0.01390964
v 0.25511175 -0.24034904 -0.01263033
v 0.31740469 -0.20685080 0.00033605
v 0.30228460 -0.19862624 -0.02640237
v 0.23316152 -0.22717062 -0.05199959
v 0.21833690 -0.21922822 -0.07888844
v 0.27921286 -0.18666469 -0.06559747
v 0.26427987 -0.17848887 -0.09222213
v 0.24888967 -0.18696381 -0.09446777
v 0.23933575 -0.18219122 -0.11070819
v 0.22488663 -0.20845866 -0.08665096
v 0.21533239 -0.20368578 -0.10289148
v 0.36714494 -0.30456331 0.19351017
v 0.41989115 -0.25865996 0.17763035
v 0.20998225 -0.27079552 -0.01097047
v 0.36736625 -0.34340739 0.24987599
v 0.39076859 -0.32234114 0.24253102
v 0.23827083 -0.24457465 -0.01936740
v 0.41418758 -0.30128840 0.23516291
v 0.26686934 -0.21905814 -0.02859256
v 0.15635590 -0.27592260 -0.05697006
v 0.17352231 -0.27910441 -0.03526816
v 0.14702848 -0.26561719 -0.08110505
v 0.19592267 -0.27469608 -0.01932350
v 0.14694262 -0.24972446 -0.10396725
v 0.22013777 -0.26335007 -0.01154316
v 0.15615688 -0.23074923 -0.12216050
v 0.24254844 -0.24695019 -0.01329865
v 0.17323439 -0.21151653 -0.13285160
v 0.25945178 -0.22731239 -0.02350577
v 0.19558944 -0.19498055 -0.13443863
v 0.26874587 -0.20852780 -0.04193103
v 0.21979138 -0.18360794 -0.12663049
v 0.26869699 -0.19270924 -0.06487196
v 0.24220531 -0.17922410 -0.11070941
v 0.25937071 -0.18240459 -0.08900720
v 0.27917752 -0.24881002 0.02762235
v 0.24900343 -0.23254007 -0.02567549
v 0.32152709 -0.21171951 0.01537925
v 0.29128608 -0.19529250 -0.03816252
v 0.39854184 -0.28417760 0.19493869
v 0.41261730 -0.27086803 0.18978713
v 0.38335603 -0.29667914 0.19838569
v 0.24210978 -0.22779714 -0.03845161
v 0.21237677 -0.21174350 -0.09204909
v 0.28334340 -0.19153310 -0.05065551
v 0.25348127 -0.17518829 -0.10391189
v 0.32923645 -0.23033115 0.05091527
v 0.28952006 -0.21033102 -0.01686185
v 0.30773896 -0.22025272 0.01564105
v 0.30723450 -0.24984266 0.05841670
v 0.26910743 -0.19971728 -0.05177471
v 0.26785594 -0.22941758 -0.01001442
v 0.28593531 -0.23964532 0.02303111
v 0.24743874 -0.21879843 -0.04486745
v 0.24825801 -0.18873963 -0.08475155
v 0.23059548 -0.17990333 -0.11474258
v 0.22989193 -0.20519963 -0.07877727
v 0.21222971 -0.19636481 -0.10877008
v 0.28909931 -0.26760587 0.07167301
v 0.35202953 -0.21183832 0.05331798
v 0.31989375 -0.23909326 0.06177291
v 0.28012174 -0.21896246 -0.00640484
v 0.29188129 -0.22584379 0.01563585
v 0.25346455 -0.20513780 -0.05197963
v 0.24034864 -0.19619136 -0.07568772
v 0.21727961 -0.18466531 -0.11489351
v 0.32437140 -0.23149461 0.06160886
v 0.28439334 -0.21144310 -0.00659795
v 0.31220254 -0.24206889 0.06556121
v 0.27264929 -0.22171423 -0.00287455
v 0.29616040 -0.21816973 0.01533892
v 0.25773105 -0.19760913 -0.05222004
v 0.28436697 -0.22867297 0.01932182
v 0.24599923 -0.20792182 -0.04846176
v 0.24394965 -0.18970443 -0.07589676
v 0.23400627 -0.19860429 -0.07265383
v 0.22087666 -0.17817029 -0.11509471
v 0.21094868 -0.18710253 -0.11188692
v 0.21649148 -0.25457782 -0.00689702
v 0.15253004 -0.22199818 -0.11752088
v 0.25294641 -0.22160842 -0.01834908
v 0.18895502 -0.18894230 -0.12885591
v 0.27653477 -0.25362891 0.05647722
v 0.33437812 -0.20208015 0.03945848
v 0.33089426 -0.20883794 0.04956787
v 0.28684568 -0.24815255 0.06256274
v 0.30861321 -0.22837462 0.05569559
v 0.24604920 -0.17647381 -0.07996079
v 0.24597520 -0.17086986 -0.08812327
v 0.24274077 -0.18303809 -0.07327210
v 0.24259233 -0.16721880 -0.09668285
v 0.32684553 -0.21555805 0.05713167
v 0.32649365 -0.20901424 0.04741578
v 0.23666678 -0.18982048 -0.06937984
v 0.23634352 -0.16592474 -0.10416524
v 0.28684944 -0.19574241 -0.01070628
v 0.28687495 -0.18922575 -0.02034896
v 0.27624634 -0.24642858 0.05141539
v 0.32546711 -0.20205091 0.03666673
v 0.32310018 -0.22344492 0.06494807
v 0.32201463 -0.20479296 0.03722216
v 0.28295827 -0.20357405 -0.00328774
v 0.28299731 -0.18489365 -0.03037056
v 0.22875372 -0.19579227 -0.06888211
v 0.22830214 -0.16744839 -0.10972923
v 0.31584424 -0.23141696 0.06959499
v 0.31460777 -0.20354716 0.02825661
v 0.27576047 -0.21141692 0.00110647
v 0.27583072 -0.18348774 -0.03936483
v 0.22009112 -0.19978185 -0.07154298
v 0.21963082 -0.17142145 -0.11237345
v 0.30666247 -0.23870669 0.07102740
v 0.30500966 -0.20540898 0.02167807
v 0.26645824 -0.21839762 0.00191290
v 0.36258182 -0.32904494 0.25694522
v 0.40311566 -0.29254794 0.24423181
v 0.26646572 -0.18522283 -0.04596262
v 0.21205916 -0.20132340 -0.07712515
v 0.21165575 -0.17725264 -0.11171006
v 0.29623526 -0.24343660 0.06785159
v 0.29468632 -0.21014352 0.01859056
v 0.20588185 -0.20018139 -0.08477839
v 0.25632128 -0.22300845 -0.00128369
v 0.20558909 -0.18404984 -0.10783400
v 0.25632909 -0.18983348 -0.04915941
v 0.20249838 -0.19653067 -0.09333797
v 0.20242453 -0.19092670 -0.10150035
v 0.28665608 -0.24530067 0.06126566
v 0.28520814 -0.21702196 0.01948845
v 0.24695677 -0.22474319 -0.00788179
v 0.24690691 -0.19647816 -0.04829371
v 0.27912959 -0.24415278 0.05228038
v 0.27880582 -0.22532794 0.02464280
v 0.23978989 -0.22333749 -0.01687595
v 0.23979442 -0.20454496 -0.04399523
v 0.27512434 -0.23984790 0.04210596
v 0.27485543 -0.23330042 0.03243573
v 0.23591214 -0.21900529 -0.02689735
v 0.23591419 -0.21240591 -0.03642062
v 0.24903506 -0.23562957 0.01114519
v 0.25755197 -0.23891193 0.02441634
v 0.24241354 -0.23065645 -0.00267004
v 0.26837990 -0.24030183 0.03701174
v 0.23768739 -0.22399266 -0.01702923
v 0.29218239 -0.21840067 0.02962361
v 0.26201299 -0.20229310 -0.02401109
v 0.31658620 -0.19694804 0.02276208
v 0.28633857 -0.18059355 -0.03099295
v 0.31186986 -0.19034189 0.00857053
v 0.29675096 -0.18218502 -0.01826587
v 0.30524996 -0.18538935 -0.00508678
v 0.21252018 -0.21468385 -0.05568133
v 0.22089480 -0.21792494 -0.04261214
v 0.20599031 -0.20979714 -0.06927982
v 0.23111390 -0.21952073 -0.03007235
v 0.20130491 -0.20326509 -0.08340793
v 0.25482219 -0.19837172 -0.03687710
v 0.22501321 -0.18211608 -0.09021257
v 0.27853069 -0.17722270 -0.04368184
v 0.24872172 -0.16096710 -0.09701742
v 0.27384529 -0.17069060 -0.05780984
v 0.25894082 -0.16256285 -0.08447763
v 0.26731533 -0.16580400 -0.07140854
v 0.18917578 -0.25846350 -0.01070897
v 0.14023861 -0.23355687 -0.09540298
v 0.21641636 -0.24447571 -0.00398031
v 0.15244932 -0.21184860 -0.11451953
v 0.24428535 -0.21915837 -0.01263929
v 0.18032604 -0.18654552 -0.12319262
v 0.25649971 -0.19745412 -0.03175752
v 0.20753717 -0.17246772 -0.11633924
v 0.20414051 -0.25347123 -0.00264071
v 0.25342000 -0.20870370 -0.01795187
v 0.35420978 -0.28832024 0.20070028
v 0.40686554 -0.24263531 0.18555549
v 0.33810920 -0.28679076 0.18306983
v 0.40104169 -0.23240557 0.16529809
v 0.32205141 -0.27982739 0.15810531
v 0.38809541 -0.22305290 0.13987160
v 0.30691841 -0.27181420 0.13157932
v 0.37386632 -0.21397187 0.11319564
v 0.36978549 -0.28005332 0.20525862
v 0.39927071 -0.25445831 0.19671993
v 0.38474894 -0.26710916 0.20213410
v 0.23741898 -0.18008666 -0.06934949
v 0.22748531 -0.18900625 -0.06612815
v 0.21433765 -0.16851614 -0.10849096
v 0.20440374 -0.17743596 -0.10526952
v 0.27667990 -0.20006172 0.00150867
v 0.31689674 -0.21977261 0.06991021
v 0.26498812 -0.21046466 0.00516031
v 0.30507407 -0.23074944 0.07437735
v 0.25001666 -0.18620913 -0.04439936
v 0.28909826 -0.20665850 0.02384162
v 0.23832476 -0.19661184 -0.04074782
v 0.29181519 -0.26133275 0.10673636
v 0.35768646 -0.20416465 0.08869428
v 0.27730942 -0.21725172 0.02789454
v 0.16476026 -0.25802383 -0.02416977
v 0.13830870 -0.24459919 -0.07005356
v 0.21987674 -0.23443796 -0.00303842
v 0.15592875 -0.20184304 -0.11360677
v 0.23495936 -0.22073629 -0.00772453
v 0.17101513 -0.18814860 -0.11830022
v 0.25266770 -0.17816509 -0.05148256
v 0.22621603 -0.16474044 -0.09736635
v 0.23107488 -0.18250059 -0.06632197
v 0.20799311 -0.17093034 -0.10546344
v 0.33593151 -0.24263190 0.12807609
v 0.14688320 -0.25311601 -0.04495820
v 0.22638822 -0.22610177 -0.00435327
v 0.16252843 -0.19369186 -0.11512634
v 0.24203344 -0.16667759 -0.07452141
v 0.26922262 -0.20286961 0.00499288
v 0.30935952 -0.22300474 0.07400441
v 0.24255903 -0.18901680 -0.04091536
v 0.36534271 -0.31288326 0.26015052
v 0.38874036 -0.29180521 0.25281924
v 0.28155181 -0.20953050 0.02764104
v 0.23610280 -0.17076118 -0.07240675
v 0.21843691 -0.16190568 -0.10236432
v 0.21774776 -0.18724278 -0.06645447
v 0.20008153 -0.17838702 -0.09641214
v 0.27520934 -0.18912807 -0.00203084
v 0.31944191 -0.25268927 0.13442053
v 0.32603154 -0.25350919 0.14224914
v 0.31666413 -0.24848711 0.12547477
v 0.33470815 -0.25071362 0.14687620
v 0.31856364 -0.24197713 0.11781328
v 0.34324807 -0.24500689 0.14703716
v 0.32479605 -0.23466034 0.11325899
v 0.34930149 -0.23801912 0.14257446
v 0.33335567 -0.22900672 0.11345059
v 0.35133263 -0.23144267 0.13489051
v 0.34209517 -0.22624084 0.11807995
v 0.34868297 -0.22712784 0.12592323
v 0.31535980 -0.20904759 0.06669577
v 0.25480172 -0.17852584 -0.03716747
v 0.25360587 -0.20834988 0.00471667
v 0.29395083 -0.19870827 0.03113870
v 0.29352307 -0.22860505 0.07394592
v 0.23319826 -0.19774759 -0.03042006
v 0.27217770 -0.21834216 0.03842498
v 0.37491474 -0.29925084 0.25864166
v 0.23298036 -0.16340594 -0.07825372
v 0.22341955 -0.15861320 -0.09446654
v 0.20899798 -0.18493991 -0.07047674
v 0.19943714 -0.18014725 -0.08668956
v 0.27600208 -0.24690720 0.08690117
v 0.33907330 -0.19211766 0.06959183
v 0.22624449 -0.20508337 -0.02295065
v 0.19643565 -0.18882772 -0.07628623
v 0.26730877 -0.16845208 -0.03473687
v 0.23749989 -0.15219650 -0.08807234
v 0.26338366 -0.22549267 0.04432333
v 0.23269145 -0.20917922 -0.00972217
v 0.30509913 -0.18798564 0.03209392
v 0.27482450 -0.17159459 -0.02181515
v 0.22852609 -0.15914026 -0.08600005
v 0.22438033 -0.17522191 -0.06681257
v 0.20743044 -0.23373581 0.00123684
v 0.23588200 -0.20788933 -0.00760303
v 0.20671415 -0.16636635 -0.09676993
v 0.20256783 -0.18244840 -0.07758224
v 0.21545722 -0.20180251 -0.03465937
v 0.20055272 -0.19367476 -0.06132715
v 0.26131371 -0.16089642 -0.04782093
v 0.24640922 -0.15276867 -0.07448872
v 0.27163509 -0.18047632 -0.00885759
v 0.26059079 -0.17473833 -0.02787346
v 0.31172684 -0.20031370 0.05970856
v 0.25197205 -0.22236729 0.03257740
v 0.23683362 -0.21411186 0.00549101
v 0.29902920 -0.18031096 0.01893755
v 0.28389117 -0.17213438 -0.00801531
v 0.24340859 -0.20559093 -0.00004176
v 0.18900122 -0.23970754 -0.00520767
v 0.14012505 -0.21490204 -0.08998973
v 0.24049620 -0.19292741 -0.02120723
v 0.19162004 -0.16812190 -0.10598928
v 0.29989842 -0.19474272 0.04044553
v 0.20689325 -0.19799982 -0.04745143
v 0.25434712 -0.15566868 -0.06107162
v 0.23236442 -0.19985263 -0.01905763
v 0.32030308 -0.19650240 0.06323641
v 0.28317469 -0.22584252 0.06913617
v 0.27147260 -0.22036690 0.04996646
v 0.27975363 -0.23176201 0.07471841
v 0.24326050 -0.21850781 0.01959090
v 0.29195955 -0.17506596 0.00561343
v 0.26650167 -0.17542335 -0.01793242
v 0.26142919 -0.19431645 0.00440715
v 0.30638510 -0.19527508 0.05049153
v 0.24102189 -0.18371417 -0.03072947
v 0.30152214 -0.21431173 0.07337206
v 0.23594952 -0.20260720 -0.00839011
v 0.28002509 -0.20407239 0.03795495
v 0.27556926 -0.22289369 0.06068439
v 0.31351632 -0.18959780 0.05118002
v 0.26961413 -0.22826242 0.06359092
v 0.35839614 -0.26669422 0.20911366
v 0.38793898 -0.24112619 0.20084216
v 0.34348476 -0.27441508 0.20606703
v 0.39558160 -0.22928222 0.19155256
v 0.21904860 -0.21705164 -0.00057941
v 0.21766359 -0.16923407 -0.07094422
v 0.20810269 -0.16444144 -0.08715714
v 0.37311795 -0.25351697 0.20630030
v 0.21194805 -0.16544840 -0.07808842
v 0.30132684 -0.25538984 0.14341401
v 0.31345168 -0.25696361 0.15794095
v 0.29646528 -0.24757335 0.12688927
v 0.32949555 -0.25186053 0.16655612
v 0.30019200 -0.23553857 0.11278234
v 0.34363985 -0.24249624 0.16778526
v 0.31335011 -0.22244161 0.10533807
v 0.35662267 -0.22854225 0.15895788
v 0.32753208 -0.21183226 0.10504645
v 0.36046037 -0.21647020 0.14485124
v 0.34356350 -0.20674089 0.11365125
v 0.35567027 -0.20845886 0.12825727
v 0.32760262 -0.27046433 0.19383308
v 0.38897762 -0.21782732 0.17733525
v 0.25363052 -0.18725479 -0.00044599
v 0.24258637 -0.18151700 -0.01946186
v 0.29363969 -0.20717482 0.06842553
v 0.28193209 -0.20164973 0.04922337
v 0.30762327 -0.19821365 0.06974295
v 0.28419474 -0.21857111 0.07632412
v 0.26370540 -0.22889632 0.07209011
v 0.31776011 -0.18165907 0.05712874
v 0.29503903 -0.20765691 0.07272856
v 0.22903264 -0.18884754 -0.01956055
v 0.19922377 -0.17259184 -0.07289613
v 0.25274104 -0.16769862 -0.02636530
v 0.22293206 -0.15144287 -0.07970098
v 0.26628515 -0.20885199 0.04783229
v 0.23555212 -0.19252093 -0.00624397
v 0.29061583 -0.18718421 0.04088847
v 0.25987771 -0.17082126 -0.01322573
v 0.24701390 -0.18276046 -0.00882764
v 0.28689486 -0.20268787 0.05991600
v 0.30010027 -0.19176145 0.05773982
v 0.27486834 -0.21384539 0.06475112
v 0.16447657 -0.23337170 -0.01679345
v 0.13802490 -0.21994707 -0.06267725
v 0.19539507 -0.22116017 -0.00346710
v 0.14651889 -0.19635467 -0.08824915
v 0.22326402 -0.19584285 -0.01212598
v 0.17438787 -0.17103735 -0.09690814
v 0.23175801 -0.17225039 -0.03769779
v 0.20530637 -0.15882576 -0.08358158
v 0.28671390 -0.20207617 0.06072421
v 0.31112850 -0.26044485 0.17302582
v 0.37457377 -0.20693827 0.15700153
v 0.21857069 -0.18367200 -0.03087369
v 0.20366621 -0.17554425 -0.05754137
v 0.24504599 -0.16005485 -0.03847244
v 0.23014139 -0.15192720 -0.06514023
v 0.25516704 -0.20376180 0.03646237
v 0.24002862 -0.19550639 0.00937589
v 0.28233573 -0.17952608 0.02866451
v 0.26719719 -0.17127071 0.00157803
v 0.23873109 -0.17516369 -0.02081043
v 0.20892210 -0.15890804 -0.07414600
v 0.21011515 -0.17923760 -0.04353386
v 0.23751278 -0.15479767 -0.05139752
v 0.29442197 -0.25018308 0.14445215
v 0.35881665 -0.19637942 0.12882327
v 0.27577990 -0.19499169 0.04664653
v 0.24550293 -0.17848097 -0.00752624
v 0.24656698 -0.19925345 0.02361134
v 0.27468333 -0.17417231 0.01554144
v 0.14657608 -0.22643273 -0.03697416
v 0.20742656 -0.20575695 -0.00589657
v 0.15855041 -0.18095145 -0.09067863
v 0.21940090 -0.16027565 -0.05960094
v 0.33745775 -0.26217854 0.20680176
v 0.38372833 -0.22258778 0.19450527
v 0.27932602 -0.24027637 0.11650887
v 0.34320158 -0.18655077 0.10070578
v 0.34655181 -0.25460032 0.20922706
v 0.37625629 -0.22923844 0.20134225
v 0.22940090 -0.16839138 -0.03226931
v 0.21449643 -0.16026358 -0.05893720
v 0.27022165 -0.21022551 0.06915106
v 0.29900375 -0.18518107 0.06131254
v 0.36128154 -0.24148591 0.20675087
v 0.26733208 -0.23085470 0.09709704
v 0.32914892 -0.17816550 0.08119172
v 0.26628107 -0.18808088 0.03502999
v 0.25114265 -0.17982551 0.00794361
v 0.28385600 -0.19686677 0.06487079
v 0.22132266 -0.16342469 -0.04497826
v 0.25806859 -0.18302540 0.02212905
v 0.26267779 -0.22044918 0.08468413
v 0.31521782 -0.17525001 0.07083972
v 0.28424516 -0.25004345 0.15339580
v 0.29974434 -0.25235918 0.17260832
v 0.27843708 -0.23966461 0.13175990
v 0.31986871 -0.24613658 0.18416937
v 0.28389344 -0.22407083 0.11368581
v 0.34029710 -0.23324883 0.18549639
v 0.30048135 -0.20689988 0.10364531
v 0.35558829 -0.21689481 0.17598101
v 0.32112667 -0.19400068 0.10502631
v 0.36171961 -0.20062505 0.15721980
v 0.34075913 -0.18748675 0.11612770
v 0.35618216 -0.19022283 0.13576485
v 0.32387152 -0.25557652 0.20176636
v 0.37645727 -0.21128818 0.18860470
v 0.27008122 -0.20715816 0.07756714
v 0.29974014 -0.18161193 0.06975367
v 0.17283067 -0.20913839 -0.01451940
v 0.14637899 -0.19571374 -0.06040319
v 0.20924303 -0.17605980 -0.02583274
v 0.18279147 -0.16263516 -0.07171653
v 0.28417239 -0.19345073 0.07343338
v 0.34090808 -0.19787119 0.13775279
v 0.30010411 -0.23132437 0.14707880
v 0.34968093 -0.20817588 0.16306362
v 0.29092473 -0.22098103 0.12255890
v 0.32712403 -0.19221711 0.11517433
v 0.31407332 -0.23671862 0.17045775
v 0.32001823 -0.21366042 0.14258140
v 0.34505546 -0.21761191 0.17554262
v 0.29438189 -0.21037777 0.11146094
v 0.31557262 -0.19436079 0.10786621
v 0.32440245 -0.23334992 0.17901483
v 0.33457458 -0.22550490 0.17887782
v 0.30412394 -0.20136471 0.10872488
v 0.26540998 -0.21397167 0.09164957
v 0.31206432 -0.17435436 0.07974411
v 0.15561841 -0.20020273 -0.03451270
v 0.18855044 -0.18901309 -0.01769348
v 0.16209888 -0.17558844 -0.06357727
v 0.19503090 -0.16439874 -0.04675815
v 0.33204642 -0.24192151 0.20436968
v 0.36196661 -0.21724607 0.19742540
v 0.27156064 -0.20421334 0.08826532
v 0.30148500 -0.17891164 0.08082102
v 0.34684044 -0.22926877 0.20270289
v 0.26573953 -0.21680018 0.10164319
v 0.31886348 -0.17238320 0.08875671
v 0.28588337 -0.19043244 0.08425647
v 0.28643158 -0.23250051 0.15290973
v 0.34689900 -0.18533579 0.14159586
v 0.30433553 -0.24158542 0.18752998
v 0.36003304 -0.19802447 0.17695628
v 0.17263344 -0.17841935 -0.03794833
v 0.27151394 -0.21801130 0.11960641
v 0.32726023 -0.17358786 0.10819418
v 0.27411580 -0.20190522 0.09960942
v 0.30417734 -0.17707787 0.09264113
v 0.28820157 -0.18820453 0.09534414
v 0.31884411 -0.23143345 0.19743010
v 0.34852159 -0.20895100 0.19256930
v 0.28872827 -0.22348282 0.15464085
v 0.33885747 -0.18577734 0.14664222
v 0.34583521 -0.19724645 0.17350630
v 0.30261955 -0.22925565 0.17961816
v 0.28016993 -0.21162017 0.12806323
v 0.32426170 -0.17842384 0.12089130
v 0.33340287 -0.22003569 0.19704022
v 0.27778375 -0.20007558 0.10915043
v 0.30710587 -0.17678741 0.10332013
v 0.33969712 -0.20722090 0.18633428
v 0.31501797 -0.22490481 0.18909428
v 0.28428152 -0.19978826 0.11644491
v 0.30940884 -0.18075752 0.11223376
v 0.29155460 -0.18696687 0.10501307
v 0.26999220 -0.23634566 0.16138691
v 0.28508529 -0.23962750 0.18265787
v 0.26554108 -0.22497743 0.13828047
v 0.30683976 -0.23408537 0.19655719
v 0.27256349 -0.20856458 0.11946635
v 0.32955828 -0.22096770 0.19914538
v 0.29018414 -0.19082586 0.10953022
v 0.34687614 -0.20434371 0.19037481
v 0.31304559 -0.17723951 0.11164847
v 0.35477373 -0.18843052 0.17250369
v 0.33574200 -0.17167678 0.12588216
v 0.35124439 -0.17600806 0.14851321
v 0.32671979 -0.21589476 0.18934977
v 0.29595426 -0.18899934 0.11326413
v 0.26091844 -0.21500716 0.16459402
v 0.27132130 -0.21984223 0.18625222
v 0.26014689 -0.20439443 0.14393909
v 0.28937808 -0.21703982 0.20184997
v 0.26981691 -0.18942578 0.12759051
v 0.31006914 -0.20762661 0.20798163
v 0.28920168 -0.17403796 0.12034735
v 0.32914367 -0.19367202 0.20250908
v 0.31207812 -0.16385520 0.12565684
v 0.34012070 -0.17989564 0.18803973
v 0.33128831 -0.16206527 0.14319818
v 0.34153321 -0.16798532 0.16592032
v 0.25117773 -0.21772119 0.16534245
v 0.25546461 -0.22187851 0.17886820
v 0.25015819 -0.21145400 0.15126777
v 0.26276901 -0.22401762 0.19180560
v 0.25203726 -0.20390800 0.13885906
v 0.27256614 -0.22390808 0.20321769
v 0.25731146 -0.19481754 0.12763150
v 0.28384525 -0.22153039 0.21223822
v 0.26580036 -0.18523648 0.11890435
v 0.29669088 -0.21711627 0.21839572
v 0.27693900 -0.17589150 0.11336855
v 0.30933282 -0.21103311 0.22138722
v 0.30180252 -0.18899964 0.16629195
v 0.29111701 -0.16697855 0.11118030
v 0.32230332 -0.20337787 0.22061723
v 0.30559659 -0.16018201 0.11328728
v 0.33376351 -0.19484219 0.21627048
v 0.31950888 -0.15624759 0.12064360
v 0.34309104 -0.18605310 0.20866133
v 0.33210081 -0.15425187 0.13028540
v 0.34972590 -0.17762759 0.19843349
v 0.34238243 -0.15473393 0.14247997
v 0.35333243 -0.16978283 0.18583806
v 0.34980550 -0.15785076 0.15680671
v 0.35344639 -0.16296907 0.17153491
v 0.26268983 -0.19609915 0.17153975
v 0.27070293 -0.19986658 0.18835771
v 0.26205394 -0.18795662 0.15568589
v 0.28457204 -0.19768180 0.20031144
v 0.26933318 -0.17673323 0.14340685
v 0.29958376 -0.19058999 0.20530204
v 0.28458914 -0.16458911 0.13755304
v 0.31451747 -0.18006593 0.20139647
v 0.30197030 -0.15680178 0.14158885
v 0.32335898 -0.16938007 0.19015376
v 0.31663984 -0.15540622 0.15512788
v 0.32480338 -0.16022208 0.17319924
v 0.27163836 -0.17868869 0.17589471
v 0.27590644 -0.18083563 0.18544798
v 0.27106297 -0.17473894 0.16775405
v 0.28349164 -0.17966470 0.19204973
v 0.27505958 -0.16839673 0.16081531
v 0.29161134 -0.17574199 0.19497728
v 0.28365740 -0.16143396 0.15729475
v 0.29950362 -0.17011811 0.19300450
v 0.29301402 -0.15720557 0.15945385
v 0.30463785 -0.16404779 0.18648145
v 0.30086231 -0.15651600 0.16715898
v 0.30526462 -0.15900774 0.17698610
v 0.28620899 -0.16567563 0.17800695
v 0.22134303 -0.18967021 0.17509665
v 0.22518605 -0.19568156 0.19244374
v 0.22169690 -0.18159558 0.15828004
v 0.23286648 -0.19914158 0.20909205
v 0.22623910 -0.17150462 0.14241698
v 0.24391961 -0.19990055 0.22405703
v 0.23492707 -0.16080496 0.12965389
v 0.25763452 -0.19790170 0.23629069
v 0.24711166 -0.14992686 0.12038315
v 0.27292407 -0.19331177 0.24498639
v 0.26231557 -0.13939790 0.11505324
v 0.28914455 -0.18650453 0.24960567
v 0.27930599 -0.13031518 0.11444928
v 0.30523777 -0.17790492 0.24980175
v 0.29643667 -0.12346476 0.11884253
v 0.32018301 -0.16804816 0.24541470
v 0.31286570 -0.11910751 0.12758121
v 0.33287260 -0.15757579 0.23666459
v 0.32717091 -0.11755495 0.14018376
v 0.34240574 -0.14718252 0.22413617
v 0.33864191 -0.11882631 0.15575869
v 0.34808639 -0.13752544 0.20864977
v 0.34619218 -0.12282220 0.17320897
v 0.34939289 -0.12920398 0.19126202
v 0.19446382 -0.16244031 0.18661952
v 0.19822627 -0.16958697 0.20687722
v 0.19561137 -0.15290907 0.16705018
v 0.20655318 -0.17382139 0.22644380
v 0.20167208 -0.14158875 0.14939445
v 0.21885011 -0.17490698 0.24409510
v 0.21237576 -0.12920979 0.13477293
v 0.23397821 -0.17274894 0.25860980
v 0.22702964 -0.11678152 0.12436066
v 0.25172505 -0.16775554 0.26936966
v 0.24473429 -0.10509878 0.11881849
v 0.27064285 -0.16014121 0.27537796
v 0.26451382 -0.09495353 0.11860938
v 0.28955442 -0.15044293 0.27617493
v 0.28430167 -0.08733033 0.12391487
v 0.30722377 -0.13930930 0.27163827
v 0.30310857 -0.08262344 0.13444623
v 0.32253554 -0.12743682 0.26187718
v 0.31953129 -0.08107607 0.14941819
v 0.33432135 -0.11556882 0.24751550
v 0.33235523 -0.08274912 0.16779117
v 0.34163186 -0.10446050 0.22953345
v 0.34063646 -0.08747638 0.18825725
v 0.34379041 -0.09488885 0.20933963
v 0.17284997 -0.13388510 0.19966179
v 0.17646012 -0.14150295 0.22142452
v 0.17449532 -0.12366876 0.17864069
v 0.18504505 -0.14602824 0.24252687
v 0.18137176 -0.11157109 0.15976988
v 0.19784689 -0.14716445 0.26169097
v 0.19315258 -0.09847644 0.14435022
v 0.21409234 -0.14490338 0.27767998
v 0.20909271 -0.08528829 0.13341036
v 0.23282284 -0.13947999 0.28945720
v 0.22818942 -0.07298469 0.12779672
v 0.25291911 -0.13132484 0.29622582
v 0.24911058 -0.06239508 0.12789829
v 0.27314332 -0.12102123 0.29747897
v 0.27041808 -0.05428159 0.13380262
v 0.29223046 -0.10925732 0.29301256
v 0.29060432 -0.04922933 0.14521895
v 0.30896842 -0.09676183 0.28290749
v 0.30819023 -0.04761586 0.16152105
v 0.32202649 -0.08430352 0.26782718
v 0.32180431 -0.04946338 0.18154866
v 0.33040786 -0.07262516 0.24865846
v 0.33039659 -0.05454568 0.20382102
v 0.33334687 -0.06243694 0.22667982
v 0.15521327 -0.10390899 0.21310557
v 0.15840437 -0.11144979 0.23525789
v 0.15731265 -0.09369846 0.19178829
v 0.16651922 -0.11580154 0.25684088
v 0.16469441 -0.08153632 0.17269921
v 0.17894819 -0.11671430 0.27652740
v 0.17702802 -0.06831792 0.15714496
v 0.19508459 -0.11426394 0.29307815
v 0.19352600 -0.05496468 0.14618663
v 0.21386985 -0.10867251 0.30544859
v 0.21314934 -0.04244699 0.14063098
v 0.23400459 -0.10036469 0.31290364
v 0.23471503 -0.03178253 0.14108364
v 0.25461662 -0.09001168 0.31476387
v 0.25652748 -0.02357198 0.14742517
v 0.27438894 -0.07828076 0.31075200
v 0.27713302 -0.01851025 0.15948290
v 0.29193842 -0.06588478 0.30098787
v 0.29493606 -0.01688649 0.17646822
v 0.30611429 -0.05350836 0.28576249
v 0.30854177 -0.01880479 0.19735245
v 0.31539887 -0.04194458 0.26644102
v 0.31682327 -0.02391255 0.22040090
v 0.31913754 -0.03184812 0.24407554
v 0.21761215 -0.04047125 0.24783647
v 0.14395793 -0.07060766 0.22591393
v 0.14597254 -0.07730404 0.24679197
v 0.14692795 -0.06142997 0.20600280
v 0.15263586 -0.08101323 0.26726541
v 0.15479004 -0.05041209 0.18836179
v 0.16356666 -0.08161128 0.28615335
v 0.16701221 -0.03828896 0.17415662
v 0.17796430 -0.07908190 0.30226505
v 0.18294632 -0.02593841 0.16431969
v 0.19508514 -0.07374009 0.31461596
v 0.20166308 -0.01429131 0.15958528
v 0.21371001 -0.06597227 0.32245287
v 0.22209802 -0.00431900 0.16048647
v 0.23312512 -0.05646337 0.32513422
v 0.24270329 0.00331326 0.16705289
v 0.25225022 -0.04583353 0.32222664
v 0.26211625 0.00789986 0.17919572
v 0.26964042 -0.03467551 0.31376240
v 0.27856064 0.00939682 0.19587786
v 0.28404135 -0.02359459 0.30004454
v 0.29078394 0.00769026 0.21609023
v 0.29417208 -0.01316529 0.28186238
v 0.29774246 0.00306841 0.23825823
v 0.29889959 -0.00405389 0.26070967
v 0.19478102 -0.04402838 0.23955251
v 0.19533925 -0.04648586 0.25184843
v 0.19986098 -0.03910608 0.22908336
v 0.20015538 -0.04591684 0.26384956
v 0.20911567 -0.03273755 0.22269319
v 0.20964731 -0.04266047 0.27138990
v 0.22059976 -0.02729216 0.22307354
v 0.22022796 -0.03784328 0.27380654
v 0.23117092 -0.02410739 0.22991662
v 0.23149042 -0.03218798 0.26734298
v 0.23751253 -0.02498908 0.24378014
v 0.23744857 -0.02765790 0.25701129
v 0.17114615 -0.03880971 0.23658939
v 0.17219366 -0.04318946 0.25895736
v 0.18041541 -0.02989733 0.21772347
v 0.18214458 -0.04164616 0.27926543
v 0.19706918 -0.01843753 0.20691621
v 0.20021026 -0.03545923 0.29242614
v 0.21834791 -0.00835105 0.20752069
v 0.21946074 -0.02607325 0.29610339
v 0.23805909 -0.00233939 0.21975695
v 0.23977455 -0.01611072 0.28558025
v 0.25058064 -0.00287755 0.24243923
v 0.25078923 -0.00781981 0.26665398
v 0.13782686 -0.03418216 0.23597495
v 0.13781586 -0.03932424 0.25430620
v 0.14235394 -0.02679311 0.21843006
v 0.14203647 -0.04203023 0.27273956
v 0.15124945 -0.01795467 0.20336197
v 0.15030584 -0.04220592 0.29012635
v 0.16373160 -0.00822129 0.19183409
v 0.16148669 -0.03954576 0.30511382
v 0.17834046 0.00202030 0.18452685
v 0.17605314 -0.03494958 0.31722513
v 0.19457275 0.01207052 0.18155508
v 0.19263290 -0.02845547 0.32535288
v 0.20580094 -0.00618577 0.25667864
v 0.21250068 0.02067258 0.18340205
v 0.20983058 -0.02043782 0.32900819
v 0.23109037 0.02684322 0.19063254
v 0.22710781 -0.01163686 0.32785204
v 0.24787308 0.03067707 0.20261107
v 0.24340798 -0.00258698 0.32173112
v 0.26151022 0.03200374 0.21848217
v 0.25784320 0.00628385 0.31048876
v 0.27087367 0.03093515 0.23689438
v 0.26859525 0.01459309 0.29507792
v 0.27539292 0.02753466 0.25655937
v 0.27474710 0.02197745 0.27626568
v 0.18819600 -0.01961163 0.30899727
v 0.15117210 -0.02469973 0.23679636
v 0.15206215 -0.03005427 0.26562119
v 0.16357934 -0.01333557 0.21250598
v 0.16531198 -0.02793584 0.29174525
v 0.18588077 0.00102209 0.19925898
v 0.21333939 0.01418926 0.20034221
v 0.21475977 -0.00745469 0.31291625
v 0.23934640 0.02174452 0.21676186
v 0.23985013 0.00508011 0.30132562
v 0.25527018 0.02193915 0.24484631
v 0.25534731 0.01567298 0.27623478
v 0.13986336 -0.00086922 0.23231149
v 0.13397107 -0.00217307 0.26542050
v 0.15722670 0.01053568 0.21105868
v 0.14516284 -0.00147868 0.29354456
v 0.18481660 0.02362229 0.20136352
v 0.16590671 0.01044809 0.31778723
v 0.21572497 0.03564438 0.20729214
v 0.19434547 0.02401186 0.32656410
v 0.24030682 0.04473673 0.23029730
v 0.22372280 0.03596164 0.31832972
v 0.25109670 0.04831759 0.26313439
v 0.24511179 0.04440186 0.29506937
v 0.11468300 0.02204436 0.22218981
v 0.10547144 0.02007809 0.24182725
v 0.12843823 0.02604932 0.20591392
v 0.10129243 0.02035970 0.26332954
v 0.14565241 0.03150581 0.19418843
v 0.10235439 0.02289825 0.28546154
v 0.16549733 0.03872599 0.18817288
v 0.10866497 0.02757540 0.30675709
v 0.18686537 0.04676920 0.18790901
v 0.11986628 0.03415761 0.32564190
v 0.20871204 0.05521879 0.19395532
v 0.13517831 0.04222221 0.34069392
v 0.18341126 0.05114743 0.27237833
v 0.22856832 0.06357203 0.20577540
v 0.15388696 0.05075369 0.35087723
v 0.24488461 0.07116121 0.22156291
v 0.17469336 0.05923627 0.35566863
v 0.25694099 0.07781298 0.24119446
v 0.19618510 0.06738235 0.35492200
v 0.26342446 0.08306750 0.26268157
v 0.21626475 0.07551122 0.34908381
v 0.26408553 0.08637897 0.28445062
v 0.23423009 0.08180591 0.33827934
v 0.25900009 0.08743035 0.30506447
v 0.24867487 0.08605724 0.32348523
v 0.13575624 0.02983887 0.23562305
v 0.12857711 0.02760249 0.26351598
v 0.15560472 0.03743008 0.21561651
v 0.13486309 0.03223137 0.29225579
v 0.18271829 0.04860307 0.21021806
v 0.15349963 0.04199265 0.31480831
v 0.21095096 0.06024894 0.22031902
v 0.17928012 0.05509820 0.32508242
v 0.23112224 0.06941024 0.24301293
v 0.20779964 0.06573812 0.31978196
v 0.23783131 0.07484249 0.27388659
v 0.22930615 0.07286043 0.30075744
v 0.14133744 0.05360399 0.24275239
v 0.13596320 0.05186800 0.26393974
v 0.15655944 0.05941929 0.22738625
v 0.14056264 0.05621761 0.28542653
v 0.17695208 0.06834461 0.22398031
v 0.15527560 0.06323776 0.30272824
v 0.19838576 0.07712734 0.23105551
v 0.17529131 0.07314428 0.31034875
v 0.21401790 0.08478424 0.24894273
v 0.19584180 0.08316813 0.30740961
v 0.21929157 0.08914638 0.27202514
v 0.21272565 0.08779873 0.29268834
v 0.15466028 0.07282855 0.25313240
v 0.15189049 0.07176710 0.26443657
v 0.16298333 0.07607831 0.24462934
v 0.15431732 0.07513153 0.27562788
v 0.17318881 0.08215892 0.24459416
v 0.16225985 0.07907619 0.28514582
v 0.18476675 0.08693211 0.24818540
v 0.17334332 0.08429670 0.28923371
v 0.19294949 0.09185502 0.25813198
v 0.18326180 0.09184982 0.28937411
v 0.19583336 0.09492705 0.27036649
v 0.19222657 0.09435752 0.28162646
v 0.09167552 0.05797326 0.21324147
v 0.07982646 0.05623156 0.23576508
v 0.10887274 0.06197119 0.19504450
v 0.07409224 0.05691924 0.26085964
v 0.13031320 0.06799405 0.18266778
v 0.07480405 0.06012611 0.28669286
v 0.15473121 0.07554452 0.17660634
v 0.08182380 0.06588886 0.31140721
v 0.18037809 0.08440293 0.17806108
v 0.09405407 0.07456668 0.33276731
v 0.20565300 0.09390358 0.18612818
v 0.11196856 0.08418334 0.35017681
v 0.22842754 0.10367943 0.20042647
v 0.13397545 0.09435568 0.36195824
v 0.24694993 0.11313466 0.21936430
v 0.15846537 0.10458516 0.36759779
v 0.26001516 0.12157498 0.24133512
v 0.18333247 0.11497178 0.36705208
v 0.26651523 0.12865858 0.26520941
v 0.20736755 0.12390983 0.36050424
v 0.26652047 0.13345601 0.28939047
v 0.22905926 0.13055570 0.34852359
v 0.25960806 0.13562180 0.31197849
v 0.24685083 0.13459843 0.33201844
v 0.17101671 0.09143632 0.26915714
v 0.07461405 0.09382842 0.20866215
v 0.06123609 0.09236609 0.23213273
v 0.09391049 0.09761460 0.18998639
v 0.05441436 0.09403914 0.25806507
v 0.11787529 0.10345995 0.17746960
v 0.05470050 0.09792768 0.28565598
v 0.14494246 0.11108742 0.17218885
v 0.06194426 0.10463853 0.31183293
v 0.17305921 0.12019677 0.17508514
v 0.07546586 0.11406004 0.33461910
v 0.20035245 0.13031493 0.18448158
v 0.09447811 0.12530413 0.35246271
v 0.22459768 0.14116547 0.20031410
v 0.11800059 0.13701640 0.36447826
v 0.24463589 0.15206236 0.22062387
v 0.14415893 0.14889194 0.37015352
v 0.25779822 0.16215393 0.24303685
v 0.17112991 0.16018867 0.36940330
v 0.26405004 0.17074142 0.26690492
v 0.19742076 0.16949429 0.36259225
v 0.26313078 0.17693202 0.29074085
v 0.22128960 0.17607997 0.35033160
v 0.25513577 0.18023188 0.31343538
v 0.24089748 0.17988448 0.33360428
v 0.06308409 0.12925053 0.20707691
v 0.04859076 0.12853035 0.22988293
v 0.08379037 0.13224494 0.18922108
v 0.04111632 0.13046505 0.25617060
v 0.10928861 0.13730820 0.17837131
v 0.04092746 0.13539030 0.28323993
v 0.13775808 0.14424483 0.17541103
v 0.04793183 0.14317778 0.30862659
v 0.16704908 0.15298784 0.17965297
v 0.06113444 0.15425493 0.33033422
v 0.19495670 0.16334707 0.18984215
v 0.08027444 0.16668545 0.34716964
v 0.21936658 0.17498113 0.20646970
v 0.10396534 0.17976329 0.35841289
v 0.23861767 0.18715936 0.22542222
v 0.13066429 0.19245656 0.36369282
v 0.25150242 0.19884270 0.24618141
v 0.15859421 0.20381552 0.36296934
v 0.25711814 0.20925704 0.26835972
v 0.18584222 0.21307725 0.35653713
v 0.25547993 0.21696965 0.29004183
v 0.21070018 0.21933243 0.34507367
v 0.24666598 0.22149393 0.31078392
v 0.23138633 0.22231269 0.32947344
v -0.20438869 0.60835540 -0.06035059
v -0.20060985 0.60887748 -0.07238254
v -0.20128347 0.61073130 -0.04316206
v -0.18799220 0.58500916 -0.05841490
v -0.20750605 0.63564587 -0.06182389
v -0.18554093 0.58675134 -0.06996643
v -0.18598738 0.58828855 -0.04234395
v -0.20399822 0.63442564 -0.07361354
v -0.20439807 0.63660032 -0.04504828
v 0.05861071 0.16224112 0.21050625
v 0.04368117 0.16317882 0.23006283
v 0.07961561 0.16342030 0.19622833
v 0.03569374 0.16645344 0.25328055
v 0.10525830 0.16663717 0.18865930
v 0.03470974 0.17276482 0.27703521
v 0.13361770 0.17199405 0.18822211
v 0.04052379 0.18220498 0.29880083
v 0.16239657 0.17982174 0.19382834
v 0.05261501 0.19436111 0.31701353
v 0.18945828 0.18990721 0.20519006
v 0.07041829 0.20791459 0.33107030
v 0.21261212 0.20224452 0.21956728
v 0.09288491 0.22162552 0.34058362
v 0.23030239 0.21596605 0.23537385
v 0.11871436 0.23412447 0.34543902
v 0.24153329 0.22973830 0.25211415
v 0.14593698 0.24494700 0.34519297
v 0.24588901 0.24197488 0.26882768
v 0.17268895 0.25336716 0.34003925
v 0.24317002 0.25162780 0.28593493
v 0.19713515 0.25882792 0.33056039
v 0.23353691 0.25807679 0.30262497
v 0.21787819 0.26045543 0.31777585
v -0.18851952 0.61222202 -0.08185495
v -0.18887664 0.61587590 -0.03242742
v -0.17647868 0.59413266 -0.08002753
v -0.19160479 0.63271856 -0.08305072
v -0.17718917 0.59773970 -0.03163166
v -0.19183215 0.63637733 -0.03341031
v -0.16317391 0.57169849 -0.05600989
v -0.19848490 0.66105103 -0.06363489
v -0.16206510 0.57354021 -0.06758365
v -0.16243111 0.57536656 -0.04048510
v -0.19575468 0.65864104 -0.07467480
v -0.19599035 0.66082293 -0.04782569
v -0.17806898 0.61865360 -0.03558126
v -0.16927245 0.60402852 -0.03612192
v 0.01936359 0.04586317 0.25726578
v -0.18053146 0.63534260 -0.03503381
v 0.01360439 0.05245953 0.25511283
v -0.15712000 0.58303505 -0.07840301
v -0.18525316 0.65244985 -0.08413076
v -0.15845419 0.58676422 -0.02904035
v 0.08045448 -0.01390460 0.28791264
v -0.18557495 0.65603220 -0.03563759
v 0.03179540 0.07640167 0.25644144
v 0.07444516 -0.01236028 0.26616865
v -0.16924486 0.62003273 -0.04771231
v -0.16189645 0.60785419 -0.04790600
v -0.17112210 0.63370234 -0.04674517
v -0.02256653 0.09448635 0.23846562
v -0.04199755 0.05416477 0.23556724
v 0.09962022 0.05054785 0.27266273
v -0.15432470 0.59496331 -0.03358291
v -0.17542186 0.65116626 -0.03786026
v -0.03527310 0.01232850 0.24418151
v 0.05478503 0.12329752 0.24480359
v -0.03189097 -0.27271307 0.26016498
v -0.01031990 -0.85629755 0.19945316
v -0.01232035 0.10312252 0.23470692
v -0.14953601 0.60051852 -0.04495334
v -0.13498694 0.56748843 -0.05430410
v 0.02398093 -0.05289697 0.25609168
v -0.02616985 -0.89534658 0.19422293
v -0.16706593 0.64659888 -0.04965926
v 0.12971367 0.23199259 0.26623690
v -0.13447031 0.56920576 -0.06603913
v -0.13550232 0.57130647 -0.03878560
v -0.07072672 -0.87218255 0.18283720
v -0.05736887 -0.83488220 0.18560348
v -0.00024133 -0.26294133 0.26420471
v 0.17401855 -0.03373739 0.26838097
v -0.17968062 0.68166947 -0.06509671
v -0.00010532 -0.32645935 0.25437844
v -0.17783783 0.67826945 -0.07586995
v 0.13132195 -0.07602168 0.26516688
v -0.17808467 0.68055701 -0.04944016
v 0.10879784 0.10430885 0.25275502
v -0.06436385 -0.28090441 0.24622290
v 0.02825135 -0.87986106 0.20255768
v -0.17041132 0.66840917 -0.08493974
v -0.13558140 0.58311337 -0.02701562
v -0.13351998 0.57925713 -0.07729834
v -0.05256893 -0.22776169 0.25304896
v 0.11693702 0.21794179 0.24969089
v 0.10965445 0.22191334 0.25562844
v 0.12957361 0.21727479 0.24796574
v 0.10733248 0.22894022 0.26090720
v 0.14392620 0.21537584 0.26098931
v 0.10986912 0.24104145 0.26186728
v 0.15457144 0.22491021 0.26357958
v 0.12068521 0.24993467 0.26529035
v 0.15676667 0.23593664 0.26904923
v 0.13414326 0.25451171 0.26747477
v 0.15500934 0.24712449 0.26800621
v 0.14630610 0.25390533 0.26812163
v 0.03007914 -0.31433010 0.25784343
v -0.17109954 0.67197114 -0.03713375
v 0.02087295 0.14411946 0.23404022
v 0.06393271 0.18668689 0.21645185
v 0.04847501 0.19077943 0.22992137
v 0.08504541 0.18444166 0.20787609
v 0.03918358 0.19746257 0.24625769
v 0.11063980 0.18367901 0.20605515
v 0.03678260 0.20544845 0.26216176
v 0.13778484 0.18669198 0.20857313
v 0.04040463 0.21713017 0.27622971
v 0.16590969 0.19083107 0.21932745
v 0.04987814 0.23134942 0.28783405
v 0.19008563 0.20076448 0.22986721
v 0.06668934 0.24429497 0.30224249
v 0.20987700 0.21494798 0.24012935
v 0.08605521 0.25946742 0.30773553
v 0.22387499 0.23143986 0.25079587
v 0.10958988 0.27147159 0.31260979
v 0.23166502 0.24943808 0.25795463
v 0.13478513 0.28121719 0.31370854
v 0.23328240 0.26542929 0.26630342
v 0.15846717 0.28952551 0.30913299
v 0.22832611 0.27843165 0.27608544
v 0.18208835 0.29272333 0.30376890
v 0.21824284 0.28713739 0.28609779
v 0.20219541 0.29218140 0.29561475
v 0.03346964 0.02997392 0.23651966
v -0.03265776 -0.33798158 0.24093369
v -0.02352889 -0.22173704 0.25784248
v 0.01120514 -0.91800231 0.19409381
v -0.13534313 0.59188235 -0.03132811
v -0.16437399 0.66390604 -0.04045457
v -0.06135261 0.13315555 0.21091293
v 0.04366383 0.06964744 0.23786905
v -0.13457552 0.59810281 -0.04263696
v -0.10913760 -0.85044491 0.16252725
v -0.08203453 -0.23220856 0.23979440
v -0.08006715 0.07157919 0.19850463
v -0.15784486 0.65726620 -0.05152694
v 0.18342392 0.02977633 0.28479835
v 0.03200225 -0.37363666 0.24168634
v 0.02995404 -0.25097200 0.25911564
v -0.09873074 -0.81710231 0.16236269
v 0.08547032 -0.11938688 0.25542611
v 0.07224609 0.16454919 0.22736923
v 0.06170560 -0.90840805 0.19723301
v 0.06036623 -0.36093986 0.24468859
v 0.00199412 -0.38646671 0.22927807
v -0.06762271 -0.02177335 0.22436237
v 0.06046296 -0.29974031 0.25238207
v 0.00433123 -0.21219972 0.25350484
v -0.09162119 -0.28684437 0.22369094
v -0.04348458 0.12938669 0.20254964
v -0.06386880 -0.19199193 0.23959035
v -0.01234606 -0.08167433 0.23650037
v -0.08425530 -0.11303576 0.23274238
v -0.06023203 -0.14886016 0.24172711
v -0.05047469 -0.13167684 0.24134751
v -0.09462542 -0.13524008 0.23278879
v 0.04223274 -0.85615104 0.18771122
v -0.10582251 0.08295710 0.20347530
v 0.04749073 -0.93824667 0.18916959
v 0.00956533 -0.83010626 0.17965828
v 0.10160775 0.21225952 0.23463430
v 0.08755670 0.22070055 0.24523664
v 0.12662204 0.20793149 0.23292316
v 0.08567982 0.23186691 0.25122097
v 0.15637830 0.20381400 0.24708730
v 0.09430973 0.25154796 0.25077277
v 0.17632213 0.21865544 0.25567549
v 0.11405654 0.26810491 0.25739574
v 0.18333004 0.23989169 0.26159802
v 0.13956420 0.27596754 0.26261312
v 0.17836981 0.26208195 0.26140696
v 0.16226578 0.27474254 0.26217023
v 0.11903123 -0.06078212 0.24162365
v -0.06146843 -0.34650111 0.21881901
v 0.04642390 0.18254770 0.22720058
v -0.00690789 0.09948320 0.21335717
v -0.06485169 -0.16326948 0.23924907
v 0.13534933 0.02453515 0.25858667
v -0.03970761 -0.19012058 0.24197346
v -0.04272043 -0.12171573 0.23771583
v -0.09932148 -0.15418486 0.22962102
v -0.07552057 -0.10097771 0.22926471
v -0.04162197 0.11173945 0.20149723
v 0.17158557 0.09687254 0.25492519
v -0.03763249 0.00190144 0.21759672
v -0.08976181 -0.19232783 0.22857144
v 0.07087222 -0.88565332 0.19061938
v 0.00019785 0.17230651 0.21984632
v 0.10889978 0.15934569 0.22078063
v -0.10977628 0.57399535 -0.03911286
v -0.10813109 0.57066959 -0.05354991
v 0.01034088 -0.04906699 0.22799435
v -0.10796008 0.57215500 -0.06448219
v -0.10721290 -0.23402721 0.21922268
v -0.11329527 0.58499503 -0.02741848
v -0.13026084 0.62742180 -0.08667945
v 0.07276333 0.17192285 0.21877608
v -0.14811249 0.67069113 -0.03916572
v -0.03299928 -0.80416781 0.16385153
v -0.11063257 0.58120263 -0.07615518
v -0.14442459 0.66285151 -0.04952095
v -0.14947522 0.67630619 -0.08514122
v -0.13072821 0.63041854 -0.04633487
v -0.02524428 -0.16197030 0.24348284
v -0.13174522 -0.11910680 0.21595509
v -0.11524840 0.59360743 -0.03076242
v -0.15080576 0.68002832 -0.03587479
v -0.11710121 0.59955466 -0.04170913
v -0.12104124 -0.09257895 0.21511436
v -0.01572009 0.35937488 -0.02675555
v 0.23688202 -0.10623295 0.25165510
v 0.09328382 -0.93393481 0.19186935
v -0.01622601 -0.14971222 0.24136002
v -0.15271193 0.68815261 -0.07607650
v -0.15310226 0.69040036 -0.04871309
v -0.02927076 -0.17211831 0.24140874
v -0.15343983 0.69193840 -0.06482801
v -0.03100513 0.39478117 -0.03510108
v 0.06381642 -0.41706672 0.22466137
v 0.19510648 -0.14733535 0.25272301
v -0.03053244 -0.90852213 0.16183932
v 0.09929889 -0.91321969 0.19136705
v 0.08957720 -0.34668767 0.23919994
v -0.01501016 0.36528021 0.00894920
v -0.02514082 -0.39638707 0.20890664
v -0.11087272 -0.07746965 0.21145186
v -0.13580976 -0.14299262 0.21141173
v 0.04875812 0.18951173 0.22095972
v -0.02932362 0.39826813 0.00276025
v -0.06190556 -0.89033616 0.15164888
v -0.01522257 -0.18481585 0.23841918
v -0.00829694 -0.14234421 0.23605362
v 0.03746928 -0.42848828 0.21402529
v 0.08978311 -0.40483308 0.22735654
v -0.00903781 0.35626709 -0.07025677
v 0.03196204 0.20443039 0.23300739
v -0.02476065 0.39423743 -0.07880370
v 0.25663692 -0.05356733 0.30279753
v 0.10586399 -0.88769853 0.18754083
v 0.04724614 -0.14987487 0.23570798
v 0.06488002 -0.61132842 0.18985938
v 0.08625750 -0.56571066 0.19973055
v 0.10413477 0.16727625 0.21129812
v 0.08795535 -0.95984727 0.18297575
v -0.11142359 -0.19211701 0.21123914
v 0.22623686 0.06754103 0.27501053
v -0.06421911 -0.16853917 0.22534776
v 0.08162998 -0.86255568 0.18061072
v 0.00664449 0.32933450 -0.01466922
v 0.05794450 -0.24089245 0.24304397
v 0.16849048 -0.96817183 0.20025881
v 0.24894115 -0.95757377 0.21857992
v 0.24684887 -0.93634963 0.21801059
v 0.16747743 -0.92148060 0.19982596
v 0.20574465 -0.91762614 0.20854563
v -0.09728037 -0.16266419 0.21577241
v 0.00458799 0.33879980 0.01924337
v 0.00808435 -0.93080246 0.16266914
v -0.06817681 -0.78624910 0.14346379
v 0.03844045 -0.60335755 0.18096119
v 0.09257027 -0.61826181 0.19132483
v 0.05986112 -0.55996811 0.19060706
v 0.11378985 -0.57031375 0.20140520
v -0.12800965 -0.80365551 0.12881672
v -0.08825354 0.16615899 0.17265956
v -0.13848449 -0.83304536 0.12608831
v 0.04518997 -0.65609765 0.17475685
v -0.12924419 0.66312099 -0.04740096
v -0.03576467 0.43653658 -0.03562435
v 0.03050135 -0.20547242 0.23828728
v -0.12968814 0.03410099 0.18832745
v 0.06966988 -0.11941367 0.22696692
v -0.02174046 0.40241569 0.03496096
v -0.00722914 0.37446094 0.03865363
v -0.11134468 -0.29104131 0.19657385
v 0.05750854 -0.83113277 0.16926832
v -0.16219822 -0.10705863 0.19375049
v 0.15499479 0.16125371 0.22050130
v 0.10319744 -0.52098817 0.20252533
v -0.09608050 0.05846213 0.18617459
v 0.08903906 -0.28776905 0.23649383
v -0.15076020 -0.07580912 0.19302534
v 0.00808849 0.21478492 0.20903496
v 0.14701025 -0.93178290 0.18902344
v -0.10289612 0.60589820 -0.04391851
v -0.03031985 -0.17514510 0.22682749
v -0.03317280 0.43640977 0.00466299
v 0.14512677 -0.95155448 0.18803255
v 0.14988266 -0.18797795 0.24093115
v -0.10705519 0.08831877 0.13889240
v 0.01636400 0.32228634 -0.05685810
v -0.08177271 -0.35355434 0.19191152
v 0.03641180 0.20947824 0.22810481
v -0.12885790 0.67095768 -0.03713719
v 0.02045627 -0.64719093 0.16648766
v 0.07119103 -0.66423565 0.17592315
v -0.09358572 -0.87013614 0.13198692
v 0.27726382 -0.00085700 0.29905489
v 0.11583416 -0.39194131 0.22240226
v 0.01006310 -0.17767929 0.23432507
v 0.01392727 -0.43800136 0.19618981
v -0.09867678 0.60115933 -0.03269758
v 0.15195012 -0.90755260 0.18752010
v 0.07921385 -0.51941264 0.19369304
v 0.12893994 -0.52142620 0.20420194
v 0.08611431 0.26156151 0.23429929
v 0.09268669 0.21254733 0.21839871
v 0.07298986 0.22604245 0.23206937
v 0.12541054 0.20685118 0.21465579
v 0.07283724 0.23826885 0.23663791
v 0.17358014 0.18014430 0.23957026
v 0.19546010 0.21288680 0.24172948
v 0.11174505 0.28344807 0.24299896
v 0.20460086 0.24342540 0.24604242
v 0.14434859 0.29432344 0.24873365
v 0.19660096 0.27384964 0.24672385
v 0.17515247 0.29166290 0.24884680
v -0.12468970 -0.23530865 0.19461130
v 0.02999523 -0.80346984 0.15771274
v 0.08011225 0.20295899 0.21253861
v 0.06510293 0.20994247 0.21999680
v 0.10003744 0.19737020 0.20869431
v 0.05507896 0.21917842 0.22969499
v 0.12244613 0.19554621 0.20817485
v 0.05315977 0.22438905 0.23228978
v 0.14803942 0.19345884 0.21338949
v 0.05468183 0.23651901 0.23433359
v 0.18254185 0.16935262 0.24049771
v 0.06053107 0.25198305 0.23558079
v 0.19917883 0.18627930 0.24366291
v 0.07101779 0.26892969 0.23602474
v 0.13880034 0.24190614 0.23257010
v 0.21155494 0.20785744 0.24443062
v 0.08635064 0.28402695 0.24410550
v 0.22235331 0.22210787 0.25243455
v 0.10615349 0.29522938 0.25535941
v 0.22380161 0.24755430 0.25004077
v 0.12746938 0.30360961 0.26061335
v 0.22138403 0.26945439 0.24968942
v 0.14920270 0.30854321 0.26265186
v 0.21442915 0.28683919 0.25160539
v 0.16979750 0.30982488 0.26144677
v 0.20321511 0.29919431 0.25495160
v 0.18823634 0.30672881 0.25885490
v 0.00918277 0.35386309 0.04307328
v -0.02933860 0.43768859 -0.08047130
v -0.12900987 -0.15987518 0.19786344
v -0.09380108 0.59399039 -0.02815194
v 0.01803247 -0.17131899 0.23066053
v -0.07957084 -0.04344011 0.19731236
v -0.13945222 -0.05903482 0.18868501
v 0.03632197 0.22315741 0.22839047
v 0.04297035 -0.94908762 0.15984789
v -0.09061167 0.59021807 -0.07602718
v 0.17147222 -0.97970313 0.18894257
v 0.25269648 -0.96930802 0.20744115
v 0.15991746 -0.96885198 0.18625775
v 0.26294804 -0.95644122 0.20972595
v 0.26080477 -0.93449855 0.20914185
v 0.24840714 -0.92483056 0.20626980
v 0.15975600 -0.92231697 0.18601994
v 0.16992094 -0.91007680 0.18828782
v 0.20777693 -0.90619957 0.19691341
v -0.12762196 0.68018109 -0.03409202
v -0.12555839 0.67632055 -0.08443315
v 0.21431850 0.13792580 0.24814703
v -0.06219806 -0.16732895 0.21219993
v 0.09462971 -0.45603734 0.20380633
v 0.02814230 0.31869060 0.03539022
v -0.03358517 -0.09435324 0.20656326
v 0.14453501 -0.97241247 0.18188868
v 0.00586676 -0.18213898 0.22990748
v -0.16321522 -0.13946211 0.18652184
v -0.02463527 0.43229207 0.03852945
v 0.01758409 -0.59380537 0.16582513
v 0.11989437 -0.62388933 0.18524697
v -0.09429091 -0.16355535 0.20277983
v 0.00891971 0.35571873 -0.12001920
v -0.08606355 0.58400738 -0.03867254
v 0.03690369 -0.55334395 0.17473485
v 0.14112611 -0.57359171 0.19558810
v 0.02615588 -0.70044714 0.15515170
v 0.18550889 -0.14170770 0.22941840
v -0.08405725 0.58237314 -0.06481559
v -0.00653522 0.39549187 -0.12958881
v -0.02102392 0.21018142 0.17491004
v -0.08329599 0.58081770 -0.05361502
v 0.14879279 0.17433104 0.20896775
v -0.04530353 -0.40379521 0.18359524
v 0.11645933 -0.33366212 0.22451496
v 0.26643005 -0.16034955 0.24576132
v 0.26974887 -0.17377532 0.25223979
v 0.00747350 -0.18063924 0.22496319
v -0.00849423 -0.77482599 0.14261940
v 0.02462675 -0.16607481 0.22435915
v 0.07345885 -0.46499443 0.19495513
v 0.11772728 -0.44628513 0.20613936
v -0.07209045 0.14053147 0.14433160
v -0.03801191 0.13357721 0.16835456
v 0.03647514 0.30458960 0.00618317
v 0.11519718 -0.87468934 0.17130014
v 0.09349105 -0.85163325 0.16593166
v -0.13794176 0.11293239 0.16274928
v 0.19302346 0.15601180 0.23809171
v -0.12652133 -0.18959285 0.18949030
v 0.00503161 -0.69127667 0.14780369
v 0.04824695 -0.70924789 0.15606390
v -0.12574735 0.69017440 -0.04734709
v -0.12470271 0.68806291 -0.07489611
v 0.13482545 -0.93033206 0.17469229
v 0.14839835 -0.93191588 0.17779778
v 0.11027995 -0.47677726 0.19694687
v 0.13230297 -0.94816619 0.17366882
v 0.14694460 -0.94977629 0.17701839
v -0.11222511 0.65900576 -0.04606531
v -0.00068312 -0.63801324 0.15169691
v 0.09673398 -0.67123681 0.16992933
v 0.13897626 -0.91059583 0.17446303
v 0.15208237 -0.91246188 0.17746311
v -0.12478368 0.69161350 -0.06343379
v -0.09360008 0.61576563 -0.04447282
v 0.28174782 -0.12328622 0.29683012
v -0.00775586 0.40800315 -0.04145660
v 0.05838321 -0.51682085 0.17852838
v 0.15451078 -0.52047330 0.19902951
v 0.24561103 -0.20150037 0.23776104
v 0.25152755 0.10922462 0.26256779
v -0.03308034 -0.12117879 0.20420711
v 0.27434987 -0.11636343 0.28926843
v 0.04049967 0.22651768 0.22512747
v 0.02721587 0.33994436 0.05201087
v 0.00562011 0.38448030 0.05811518
v -0.06266789 -0.09608006 0.19642943
v 0.25215161 -0.01769832 0.27586409
v 0.23578089 -0.19182745 0.23476952
v -0.02986362 -0.17251796 0.21274588
v 0.13131648 -0.96146119 0.17095739
v 0.14676885 -0.96331096 0.17449313
v -0.00446737 0.40614882 0.06012751
v 0.08990566 -0.48106331 0.18881249
v 0.13193528 -0.47131404 0.19896556
v 0.05131256 0.24930598 0.21954808
v 0.29077962 0.04373435 0.28884420
v 0.07477278 -0.82151985 0.15657920
v 0.02950848 0.25601816 0.19947872
v -0.06047289 -0.15423064 0.20345198
v -0.09176420 -0.14993282 0.19441725
v -0.09371955 -0.77312928 0.11665000
v 0.15591541 -0.89750767 0.17436963
v 0.10673206 -0.95150518 0.16273889
v 0.17938682 -0.95844454 0.17935599
v 0.11329031 -0.92095548 0.16410431
v 0.17873830 -0.92690527 0.17907164
v -0.03353833 0.48133904 -0.03604788
v -0.04202097 -0.76028323 0.12716033
v -0.08761195 0.61307818 -0.03291309
v -0.10930213 0.66609627 -0.03607726
v 0.03340233 0.32157147 -0.10818710
v -0.12172042 -0.16637143 0.18468229
v 0.01827346 0.36929950 0.05904490
v 0.00911332 0.38895977 0.07126326
v 0.00058590 0.40609097 0.07140230
v -0.08234774 0.60548341 -0.06333676
v -0.08290454 0.60660994 -0.04858993
v 0.05521246 -0.47197336 0.18024586
v 0.14053643 -0.43665299 0.20180409
v -0.02283573 0.46073985 0.04243439
v 0.17232423 0.29879773 0.23418859
v -0.01040808 0.43063778 0.06064009
v -0.02961582 0.47911581 0.01169361
v 0.05770488 -0.79314744 0.14708003
v -0.00262254 -0.14646593 0.20513251
v 0.14110804 -0.90542805 0.16679238
v 0.15420090 -0.90719622 0.16978909
v -0.08991432 0.62725782 -0.04379281
v -0.00501921 0.42055741 0.01548318
v -0.09926383 0.65019250 -0.04716407
v -0.17118928 -0.06276641 0.16712719
v -0.00464472 -0.44494554 0.17307486
v -0.01200724 0.44018200 -0.13145477
v -0.01334475 -0.68206388 0.13452163
v 0.06947360 -0.71743870 0.15042014
v 0.13940451 -0.37981585 0.20964248
v 0.19497010 0.15337048 0.23039715
v -0.09447247 -0.06717560 0.18121684
v 0.11032675 -0.46328074 0.18860403
v -0.06119746 -0.19821075 0.19619992
v -0.18226452 -0.09726374 0.16635279
v 0.21531905 0.18403824 0.23545605
v 0.00836652 -0.75112778 0.13380866
v 0.01844336 0.37744978 0.07321654
v 0.00267185 -0.18029605 0.21302986
v -0.13067968 0.00206756 0.16839907
v -0.11535178 -0.85393339 0.10560297
v 0.17624249 0.30848691 0.23081817
v 0.05307884 0.30788407 0.05771872
v 0.05143131 0.29514384 -0.03447983
v -0.08009619 0.60882062 -0.02789594
v 0.00312310 0.40833813 -0.09860130
v 0.33594197 -0.02345872 0.31378660
v 0.02285674 -0.16449811 0.20495291
v -0.00418936 0.42405790 0.07283303
v 0.05571844 0.24909678 0.21401893
v 0.19881792 0.28538662 0.23112348
v -0.09169685 0.63897377 -0.04617339
v -0.07112242 -0.04578260 0.17924266
v -0.02680208 0.48295313 -0.08285227
v 0.09230987 -0.97039056 0.15238175
v -0.10594116 0.67467219 -0.03398335
v 0.07216551 -0.48400050 0.17509989
v 0.15334070 -0.46494952 0.19472903
v 0.24279863 0.17570283 0.24368016
v -0.07651966 0.60499024 -0.07613094
v 0.32651541 -0.01844160 0.30506104
v -0.02707036 -0.15800741 0.20291756
v 0.00709247 -0.74338275 0.13093218
v -0.10327784 0.67087853 -0.08273657
v 0.08023490 -0.23642612 0.21761221
v -0.15118317 -0.16895516 0.17097941
v 0.01212717 0.39602688 0.08338394
v -0.02796076 -0.09486237 0.18853898
v 0.03873527 -0.76945496 0.13783500
v 0.03005724 0.36072150 0.06292364
v 0.00629464 0.40793023 0.08301054
v 0.20740776 0.29291725 0.23066200
v -0.00061235 -0.58539307 0.14433698
v 0.14535818 -0.62781906 0.17208797
v 0.01875690 -0.54629874 0.15318079
v 0.16685970 -0.57509422 0.18272986
v 0.10975495 -0.22220829 0.21747136
v -0.15839186 -0.04514646 0.16226697
v 0.04631268 0.33231395 0.06541180
v 0.03460676 -0.19500972 0.21623223
v 0.02803155 0.36945963 0.07620442
v 0.07919432 0.27823225 0.21175748
v -0.08305120 0.62753648 -0.03231542
v -0.00914583 -0.73420978 0.12468489
v 0.02432136 -0.75222158 0.13195904
v 0.20959106 -0.23251201 0.22545448
v 0.17075846 0.29509494 0.22725219
v -0.12485520 -0.29555592 0.16385914
v -0.12130783 -0.15374753 0.17512031
v -0.09419920 0.65575945 -0.03669825
v -0.01783244 -0.73498237 0.12225165
v 0.04412466 0.32800651 -0.02453622
v 0.11584009 -0.49050105 0.17954436
v 0.09364362 -0.43369839 0.18413553
v -0.05815386 -0.22322921 0.19006561
v -0.06284547 -0.17217070 0.19000310
v 0.00249154 0.42093372 0.08380284
v 0.04485955 -0.19566455 0.21320570
v 0.05170306 -0.20510589 0.21270844
v 0.14197484 0.30401111 0.22250390
v 0.02276144 0.38419360 0.08752484
v -0.01736597 -0.62915719 0.13140181
v 0.12015265 -0.67679197 0.15719377
v -0.00923637 0.45227194 0.06361358
v 0.11142138 -0.28012171 0.21219333
v 0.04591122 0.33561665 0.03074022
v 0.04145495 -0.51282078 0.15799043
v 0.17795429 -0.51851577 0.18709110
v -0.00401800 0.44215521 0.07612541
v -0.09624514 -0.35915029 0.15878184
v -0.15139285 -0.82060415 0.08907417
v -0.06908244 0.60229027 -0.03831918
v -0.14203183 -0.79450053 0.09088886
v -0.03619620 0.52303964 -0.04094128
v 0.00833380 0.26501018 0.15765408
v 0.19665313 0.28272167 0.22435468
v -0.08521556 0.64230132 -0.03505448
v 0.01513654 0.40301597 0.09256237
v 0.01053015 0.41197878 0.09143255
v -0.13702706 -0.23760583 0.16385624
v -0.06707457 0.60041708 -0.06489640
v 0.14203358 0.31452739 0.21730143
v 0.22831784 0.21830051 0.22835831
v 0.30264181 0.08646544 0.27501431
v 0.06607293 0.29390627 0.18986256
v -0.11526661 -0.04784634 0.16531733
v -0.10080789 0.68317664 -0.04708544
v 0.21687511 0.18164645 0.22694413
v 0.20058376 -0.22346137 0.21860033
v 0.08966976 0.22220819 0.20253944
v 0.06854885 0.23613311 0.21698369
v 0.15185484 0.15663674 0.20464528
v 0.07127304 0.24508224 0.21533699
v 0.18622585 0.17064223 0.21688309
v 0.08655014 0.26962000 0.21467589
v 0.21059819 0.20092814 0.22396518
v 0.11356660 0.29264173 0.21406925
v 0.21765465 0.24440914 0.22456399
v 0.14834094 0.30471966 0.22026566
v 0.20763098 0.27844590 0.22441836
v 0.18256144 0.30028093 0.22361054
v 0.12758344 -0.19519712 0.20846029
v 0.00781726 0.41900483 0.09101661
v -0.09902234 0.68099427 -0.07249200
v 0.07675909 -0.47455937 0.16872907
v 0.14814728 -0.44871399 0.18681832
v -0.09275957 -0.19904716 0.17686170
v -0.02482728 -0.19454850 0.19380194
v 0.02556395 -0.17134914 0.19964641
v -0.06537076 0.59976423 -0.05348646
v 0.02033635 0.39719641 0.09517492
v 0.02863579 -0.19303021 0.20998214
v -0.06325200 -0.74731743 0.10606829
v -0.17917293 -0.14079311 0.15647320
v 0.00282352 0.43350631 0.08723618
v -0.04579092 -0.14038654 0.18558724
v -0.05047004 0.56512660 -0.04402059
v -0.07352825 -0.11358768 0.17821942
v -0.09880826 0.68407089 -0.06186883
v 0.10994365 0.29666820 0.21116190
v 0.22345874 0.25540829 0.22478247
v 0.03899144 0.36446166 0.08219846
v 0.07306116 0.29280052 0.03812667
v 0.04345610 0.35552931 0.06989964
v -0.01588860 0.48299000 0.05429646
v -0.02109556 0.49582422 0.04174582
v 0.08254671 0.27726641 0.21435283
v 0.05255147 -0.19481070 0.20509279
v -0.03311088 0.52588087 -0.00225068
v 0.27170286 0.16191815 0.24783330
v -0.00255664 -0.78975236 0.11804929
v 0.01373399 -0.75285411 0.12188077
v 0.03158509 0.38015831 0.09380189
v 0.03973681 -0.47688150 0.16068611
v 0.15983926 -0.42718646 0.19118109
v -0.07423456 0.62713194 -0.02797174
v -0.05691985 -0.89303780 0.10613205
v -0.02302653 -0.72469842 0.11363226
v 0.04107004 -0.76071835 0.12761009
v 0.35511729 0.03018535 0.30683056
v -0.02275646 -0.91377795 0.11395514
v 0.34332922 0.03200527 0.29797474
v 0.23041590 -0.18979084 0.21217294
v -0.05942856 0.59304249 -0.04606253
v -0.08817221 0.66262585 -0.03318235
v 0.00790602 0.42822692 0.09356611
v 0.25213376 0.22195907 0.23091173
v -0.02550641 -0.14495665 0.19145203
v 0.02686908 -0.18273357 0.20292249
v 0.02240283 -0.80593008 0.12243434
v 0.03934138 -0.76710188 0.12625369
v -0.02769027 -0.67336625 0.11625675
v 0.08849405 -0.72465938 0.13861673
v 0.05940501 -0.78191501 0.13092349
v 0.02588897 0.39409044 0.09918522
v -0.02955095 0.52286172 -0.08610709
v 0.14322366 0.29971322 0.21616422
v 0.09909372 -0.84689105 0.14028949
v -0.05969051 -0.40928414 0.15222549
v -0.04789437 0.56794399 -0.07312299
v 0.13776852 -0.32482269 0.20219611
v -0.07050123 0.62323892 -0.07688469
v 0.23997299 0.25784683 0.22740038
v -0.07916164 0.64433545 -0.06618424
v -0.07971844 0.64546186 -0.05143744
v -0.08498284 0.65885341 -0.08105812
v 0.18315962 0.32011494 0.21685724
v 0.12071075 -0.87194914 0.14453328
v -0.13609979 -0.18978041 0.16077068
v 0.00084492 -0.17674299 0.19636545
v 0.10547414 0.31089294 0.19479214
v -0.05713393 0.59376907 -0.06215927
v 0.08405731 -0.49384972 0.16164333
v 0.15257797 -0.48313281 0.17770322
v 0.06339513 -0.44531268 0.16577350
v 0.12354509 -0.41703165 0.18258522
v -0.08792200 -0.22399317 0.17222387
v -0.02080421 -0.21978249 0.18770048
v -0.09119934 -0.17245251 0.17213327
v -0.03089483 -0.17009193 0.18777411
v 0.19525941 -0.24783769 0.21559553
v 0.07560419 0.30485156 0.08097792
v -0.02058489 0.19216721 0.13153286
v 0.05462225 0.32544839 -0.08071915
v 0.05819483 -0.48522541 0.15674414
v 0.17291249 -0.45908579 0.18442056
v -0.02514027 -0.77444738 0.10875893
v -0.00881224 -0.73900503 0.11281463
v -0.04702708 0.57086498 -0.00947534
v -0.12014731 -0.00281196 0.15305308
v 0.06617792 0.29565492 -0.08728763
v -0.01051929 0.48567918 -0.13150838
v 0.07938686 -0.80762899 0.13225242
v -0.07705003 0.64596599 -0.03061851
v -0.03672285 -0.13364311 0.17844833
v 0.31052199 -0.05927477 0.28243878
v 0.22011313 0.30256039 0.21942636
v -0.03744522 -0.72201413 0.10500368
v -0.10148191 -0.08227451 0.16475718
v 0.03054143 0.39400795 0.10362845
v -0.05698523 0.59946358 -0.03122766
v 0.01117317 -0.74287015 0.11550361
v 0.06442126 0.33089724 0.08088516
v -0.06447358 -0.10589981 0.17093149
v 0.03895861 0.37894368 0.09956244
v 0.00655241 0.44441277 0.09288622
v 0.01310297 -0.93570155 0.11677989
v 0.01031609 0.43561903 0.09756663
v 0.22721215 0.21847771 0.21892367
v 0.00102830 0.45858324 0.08200910
v -0.07347335 0.64213538 -0.07885378
v 0.02248767 -0.15984070 0.18542087
v -0.13714175 0.09019734 0.13507134
v -0.13946438 -0.17455795 0.15627079
v 0.15180092 -0.97916400 0.14744531
v -0.10651844 -0.76321650 0.08703177
v -0.00739410 0.48375386 -0.04497684
v 0.22085029 0.25439122 0.21652348
v 0.11322687 0.29388744 0.20460220
v -0.08075434 0.16578765 0.11634935
v -0.09655295 -0.86600536 0.08893879
v 0.04977437 0.36324406 0.09021988
v -0.00181534 0.47070351 0.07084914
v 0.01970995 0.41805357 0.10456703
v 0.13717400 -0.96291739 0.14295931
v 0.15253633 -0.96428657 0.14647245
v 0.04275772 0.36662254 -0.15011869
v -0.02671291 0.53269899 0.03249607
v -0.00821935 -0.16250984 0.18195146
v 0.16114248 -0.89491731 0.14752363
v 0.02833713 0.40295160 -0.15827723
v 0.14562581 -0.90493625 0.14350751
v 0.15848666 -0.90644848 0.14645019
v 0.03405788 0.39573061 0.10769849
v 0.00423913 -0.15859140 0.18985970
v 0.18813001 -0.23978481 0.20736293
v -0.04778666 0.58957416 -0.09532705
v 0.28271657 0.08059403 0.24860696
v -0.01737434 -0.44901344 0.14536995
v 0.05667162 0.35390484 0.07876800
v 0.15850209 -0.37037385 0.19011185
v -0.06231721 0.62532675 -0.03926321
v -0.05349415 0.60448527 -0.07263313
v 0.00309638 -0.76489317 0.10805345
v 0.02128312 -0.72038651 0.11354719
v 0.11738713 -0.51275998 0.15845133
v 0.07722269 -0.40733814 0.16726279
v -0.05369320 -0.24400821 0.17247660
v -0.05325007 -0.14231244 0.17244008
v 0.27422029 -0.21140537 0.23231876
v -0.04849389 0.59333664 -0.04624647
v 0.04469175 -0.81876898 0.11765252
v 0.05947294 -0.78068650 0.12092129
v 0.26072377 -0.23261605 0.21063988
v -0.16259599 -0.17098422 0.14675930
v -0.04920255 0.59512985 0.00324777
v -0.17120355 0.06607279 0.13125806
v -0.06010014 0.62322056 -0.06550268
v -0.09246491 -0.07089976 0.15785816
v -0.00449155 -0.17611244 0.18681341
v -0.13824908 -0.16043819 0.15138526
v -0.07904451 0.66959107 -0.04494595
v -0.13276598 -0.03454789 0.14569107
v -0.07711099 0.66707349 -0.07102470
v 0.02382923 -0.18737395 0.19290453
v 0.04584059 0.38060278 0.10614129
v -0.03401946 -0.71654457 0.09838495
v 0.05520108 -0.76915663 0.11789746
v -0.04643280 0.59389520 -0.05990554
v 0.01638050 0.43971902 0.10434806
v -0.05839139 0.62391269 -0.05415081
v -0.01251831 -0.57771170 0.11860609
v 0.16692080 -0.63002890 0.15268846
v -0.05398180 0.61305690 -0.02570217
v 0.00716235 -0.53975981 0.12745996
v 0.18815108 -0.57557404 0.16352008
v 0.03748489 0.39818329 0.11160399
v -0.12063563 -0.06690112 0.15241019
v 0.30727321 -0.15156987 0.26863274
v 0.11344009 -0.95224285 0.13150238
v 0.18648340 -0.95853072 0.14820513
v 0.11181811 -0.92623156 0.13101971
v 0.18637978 -0.92761588 0.14804807
v -0.03808720 0.57493216 0.03096889
v -0.01649719 0.52513862 -0.12991364
v -0.01249532 -0.72749770 0.10163863
v 0.03859295 -0.75715971 0.11285738
v 0.05070393 -0.19812737 0.18866464
v 0.01687679 -0.18443123 0.18227103
v 0.04823134 -0.95396060 0.11580597
v -0.07597371 0.67009068 -0.06015881
v -0.04653562 0.59837258 -0.03377871
v -0.00297014 0.49245095 0.01180511
v 0.21857382 -0.25986162 0.20737275
v 0.25989264 0.26531959 0.22169134
v 0.14602368 0.33269292 0.19105498
v -0.03194085 0.56748646 -0.13159969
v 0.06319306 0.33496037 -0.13804713
v -0.02822059 -0.62125307 0.10700618
v 0.13987374 -0.68066382 0.13854738
v 0.01868954 0.44596654 -0.16160110
v 0.35142654 0.07944936 0.28391463
v -0.00383559 0.49842095 0.06974023
v 0.01537954 0.45139614 0.10232740
v -0.06524823 0.64904463 -0.04174651
v 0.03044277 -0.50844109 0.13357204
v 0.19741537 -0.51656663 0.16907206
v 0.31264767 0.13623726 0.25558013
v -0.04124059 -0.76270145 0.09137702
v -0.02451495 -0.72760230 0.09586573
v 0.05922622 0.36565337 0.09910904
v 0.36427599 0.08020854 0.29142404
v 0.03955800 0.40207306 0.11481499
v -0.07616569 -0.73740971 0.08323288
v -0.06327901 0.64669645 -0.06828908
v 0.12340597 -0.25296873 0.19575804
v 0.09166103 0.28513640 0.00090380
v 0.00414163 0.48506239 -0.10118151
v 0.18716782 -0.26781675 0.20283011
v -0.10891659 -0.05695631 0.14735368
v -0.18413559 -0.05843697 0.13180888
v 0.01242696 0.24597210 0.12634094
v -0.01889450 -0.75072759 0.09499460
v 0.02853963 -0.77828199 0.10580657
v 0.00003700 -0.70642161 0.10164288
v 0.04669656 -0.73360366 0.11094817
v 0.09255367 -0.51230747 0.14491476
v 0.14630833 -0.51079953 0.15657435
v 0.05160756 -0.41737390 0.15319946
v 0.10332528 -0.39443138 0.16617365
v -0.07689769 -0.24471046 0.15883125
v -0.02183737 -0.24183011 0.17050523
v -0.07227292 -0.12208605 0.15990581
v -0.03742311 -0.14867592 0.17059869
v 0.02339689 0.43891788 0.11074170
v 0.07627966 -0.79153877 0.11621580
v 0.28394666 0.21806014 0.23047124
v -0.04348105 0.60443020 -0.06926969
v 0.05148119 0.38499588 0.11258292
v -0.01644280 0.53774613 0.05939974
v -0.06135653 0.64871097 -0.05707448
v 0.08087465 0.33482185 0.09644356
v 0.03969843 0.40756163 0.11703695
v 0.02906049 -0.47919843 0.13760071
v 0.17615393 -0.41922146 0.17489696
v -0.03697630 0.59041238 -0.04583058
v 0.35856178 -0.05055437 0.29476726
v 0.06328358 -0.21822619 0.19150271
v -0.17077646 -0.03675177 0.12993266
v -0.19204137 -0.10482878 0.13003547
v 0.10631667 0.30972731 0.11123118
v -0.03699988 -0.66585028 0.09424508
v 0.10283478 -0.73105127 0.12116142
v 0.06814702 0.35567403 0.08867437
v 0.05097268 0.30760235 0.13775983
v -0.01498165 0.54188877 -0.04599379
v -0.04386120 0.61169285 -0.02809447
v -0.04963224 0.62681580 -0.07974182
v -0.03459037 0.59062940 -0.05917633
v 0.18305314 -0.97990793 0.13823500
v 0.26427320 -0.96952713 0.15673263
v 0.17151313 -0.96915722 0.13555402
v 0.27452478 -0.95666027 0.15901753
v 0.27238148 -0.93471754 0.15843344
v 0.25984719 -0.92421466 0.15552650
v 0.17163002 -0.92270845 0.13538016
v 0.18177229 -0.91049409 0.13764288
v 0.21916768 -0.90611851 0.14616124
v 0.03932835 0.41355434 0.11856614
v 0.04898797 -0.48474529 0.13499610
v 0.18981689 -0.45448482 0.16854581
v -0.09255678 0.17460796 0.07290956
v 0.02954884 0.43407249 0.11536135
v 0.11478773 0.29313928 0.07751130
v -0.11670727 0.17939541 0.09811121
v 0.05177996 -0.20946328 0.19006503
v -0.04581520 0.62078559 -0.10604204
v -0.16666360 0.02875908 0.12463671
v -0.03507170 0.59482819 -0.03365988
v -0.05168557 -0.71122235 0.08290139
v 0.03635608 0.41948983 0.11802044
v 0.01543363 0.47106099 0.09524379
v 0.17960113 -0.25910544 0.19466349
v 0.04151791 -0.20625325 0.17825602
v -0.00150656 -0.78342497 0.09223415
v 0.03526555 -0.69977677 0.10420463
v -0.14660716 -0.18126094 0.13638093
v 0.09516685 -0.23732869 0.18634874
v -0.15500093 0.12640081 0.10971764
v 0.03379385 0.42688948 0.11762038
v -0.02731835 0.57721353 0.05696222
v 0.02577105 -0.20010664 0.17907874
v -0.05049112 0.63532108 -0.02329154
v 0.06455810 -0.20994522 0.18391493
v 0.07322624 -0.21977796 0.18437149
v -0.13801362 -0.06320843 0.13784383
v 0.12988275 0.16112740 0.15969177
v 0.08098531 0.23785239 0.19332725
v 0.16243231 0.15608147 0.17622423
v 0.08179435 0.25080681 0.19238257
v 0.19309831 0.17056867 0.18944634
v 0.09559218 0.27441722 0.19490826
v 0.21475470 0.19832420 0.19688866
v 0.12191866 0.29339603 0.19137527
v 0.22038484 0.24395593 0.19926734
v 0.15428047 0.30417305 0.19655162
v 0.21082309 0.27424327 0.19706558
v 0.18621144 0.29530039 0.19130594
v 0.05544401 -0.82960737 0.10476268
v 0.07259313 -0.78809428 0.10860580
v -0.12787542 -0.84160852 0.06313645
v 0.02631961 0.44990888 0.11209220
v 0.05539810 0.39235416 0.11865651
v -0.18701495 -0.14512378 0.12593260
v 0.22979793 0.30759615 0.20000327
v -0.13150792 -0.30009964 0.12719513
v -0.04771496 0.63359153 0.00550807
v 0.08070482 -0.23997185 0.18074830
v 0.10319835 0.33137390 0.15510513
v 0.06768920 0.37233019 0.10888695
v -0.07821642 0.15646747 0.05708128
v -0.14601025 -0.78805876 0.05686192
v 0.01302717 0.49027374 -0.16136782
v -0.14273787 -0.24297743 0.13014641
v -0.03828937 0.61453116 -0.13596661
v 0.05647704 -0.47914088 0.13255648
v 0.18019421 -0.43521306 0.16382933
v -0.11227275 -0.19859904 0.14090805
v 0.00483609 -0.18904354 0.17037991
v -0.14584868 -0.16382077 0.13305216
v 0.16616040 -0.23540764 0.18617062
v -0.15552045 -0.81280172 0.05424171
v 0.10190525 -0.97396255 0.11399430
v 0.12699036 -0.27642789 0.18159677
v 0.02029127 -0.18187632 0.17441668
v -0.12372284 -0.04345681 0.13299999
v 0.09267985 0.30649221 -0.00837992
v 0.03607328 -0.19271663 0.17771319
v 0.18550333 0.30599651 0.18785149
v -0.01129578 0.55000198 0.00255571
v -0.04082792 -0.70981193 0.08011799
v 0.06724075 -0.77566177 0.10371350
v 0.09677113 0.32078093 0.07626561
v -0.03199605 0.60249394 -0.06896540
v 0.04562800 -0.20144212 0.18219160
v -0.10367645 -0.36240238 0.12177961
v 0.29112762 0.14622720 0.22792231
v -0.01778390 -0.76935971 0.08287452
v 0.01804328 -0.79376978 0.09063285
v 0.01848153 -0.68949109 0.09505833
v 0.05180529 -0.71026087 0.10096957
v 0.38041532 0.01794021 0.29404351
v -0.14299387 -0.19517940 0.13104579
v 0.05464509 0.40122324 0.12210769
v -0.03994328 0.62595558 -0.07544609
v -0.01530048 0.56761116 -0.16460657
v 0.06435390 -0.49252182 0.12852126
v 0.18311369 -0.47575393 0.15588596
v 0.04452681 -0.44978410 0.13245168
v 0.15195616 -0.40318108 0.16152354
v -0.10303445 -0.22730516 0.13865976
v 0.00511917 -0.21509188 0.16609710
v -0.10909728 -0.17043535 0.13900886
v -0.00855489 -0.17482723 0.16573969
v 0.21759751 0.29001582 0.19241078
v -0.04121199 0.62815690 0.03271494
v 0.01699021 0.48631644 0.08471580
v -0.00503189 0.54265213 -0.09916210
v -0.03271994 0.60960495 -0.02728134
v 0.18469919 -0.96883464 0.12938206
v 0.26512393 -0.95787990 0.14769559
v 0.26298064 -0.93593717 0.14711149
v 0.18450776 -0.92250335 0.12913823
v 0.22168253 -0.91744089 0.13760336
v 0.12654005 -0.87215310 0.11555491
v -0.14752559 0.01999173 0.11853114
v 0.03593357 0.44439444 0.11898682
v 0.08925185 0.31283274 -0.12015295
v -0.04089306 0.63329124 -0.02610241
v 0.00302981 0.52907038 -0.16242553
v 0.10635911 -0.84648424 0.10879019
v 0.15326941 -0.31929338 0.17392403
v -0.11260262 -0.75668496 0.05813296
v -0.14524156 -0.02756787 0.12129873
v -0.06685767 -0.41110289 0.11769280
v -0.16943732 -0.17440070 0.12189832
v 0.07118581 -0.22134279 0.17362651
v -0.00331479 0.54405367 0.07624391
v 0.07947877 0.36484876 0.10251541
v 0.26756626 0.28052351 0.20515187
v 0.18531938 -0.96882367 0.12665772
v 0.26574582 -0.95789170 0.14497177
v 0.26360252 -0.93594897 0.14438768
v 0.18510181 -0.92249143 0.12640795
v 0.22229619 -0.91743618 0.13487761
v 0.09514601 0.34153423 0.11399499
v 0.05310421 0.41193160 0.12454760
v 0.35385540 0.06478249 0.26602015
v 0.09509697 -0.81928790 0.10479782
v 0.14711808 -0.90635103 0.11691463
v 0.16344178 -0.90761554 0.12064684
v 0.16636053 -0.89497483 0.12120196
v 0.01231388 0.50862497 0.08390897
v 0.01801789 -0.17085314 0.16706003
v -0.04848886 -0.75501436 0.07046505
v -0.03167940 -0.71988571 0.07522065
v 0.04323062 0.43366927 0.12306440
v 0.10228641 0.28870717 -0.05564994
v 0.04822915 0.42186391 0.12421446
v -0.02069219 0.59140664 0.01063070
v 0.05090777 0.42062706 -0.14409627
v -0.04211358 0.20753083 0.05549938
v 0.03976666 -0.19292557 0.17137073
v -0.04468683 0.65395176 -0.08334626
v -0.02576996 -0.71511352 0.07502393
v 0.05758494 -0.77112943 0.09322752
v 0.12206969 -0.52591401 0.12994359
v 0.08547109 -0.38891572 0.14223747
v -0.04849422 -0.25738403 0.14611086
v -0.03778504 -0.13421091 0.14505671
v 0.06322019 0.29187840 0.12633909
v 0.35229361 0.12090400 0.25775445
v 0.17231977 -0.36404046 0.16506284
v -0.02357948 -0.44932854 0.11498368
v 0.14304709 -0.96350610 0.11279219
v 0.15949225 -0.96415097 0.11654935
v -0.02449136 0.60997212 -0.16630338
v 0.15892965 -0.97902316 0.11636832
v 0.07541128 0.38272873 0.11771780
v -0.04567292 0.66077334 -0.02600102
v -0.01189688 0.57788146 0.07283492
v 0.06243558 -0.22767150 0.16775687
v -0.02003553 0.60057354 -0.06060895
v -0.02059233 0.60169995 -0.04586212
v -0.03095469 -0.73916930 0.07015378
v 0.04518187 -0.79284346 0.08768614
v -0.01308516 -0.69535679 0.07703817
v 0.06545360 -0.74503136 0.09282430
v 0.07673341 -0.50920582 0.11960682
v 0.17015000 -0.50758052 0.13978936
v 0.03591060 -0.42238939 0.12757894
v 0.12419510 -0.38323712 0.15013164
v -0.07970263 -0.25246128 0.13246636
v -0.00229843 -0.23819761 0.15398584
v -0.08497154 -0.10961277 0.13518213
v -0.01731131 -0.15716483 0.15331383
v -0.08309369 -0.72949505 0.05835567
v -0.01760718 -0.57125539 0.09034640
v 0.18287712 -0.63068002 0.12832758
v 0.00229146 -0.53393662 0.09924101
v 0.20435347 -0.57461780 0.13937932
v -0.02875613 0.62168306 0.05642579
v 0.31925330 0.18938281 0.23085511
v 0.13500850 0.31715474 0.13226482
v 0.36601001 0.12292884 0.26397857
v 0.08061921 0.37561092 0.07121060
v -0.02822958 0.62402630 -0.07503702
v -0.03256778 -0.61492556 0.08020400
v 0.15462472 -0.68260819 0.11525039
v 0.08639772 -0.79544848 0.09535287
v 0.10657870 -0.52511400 0.12228974
v 0.13687545 -0.52578241 0.12849624
v 0.05770873 -0.39379540 0.13382855
v 0.08746506 -0.38138026 0.14085013
v -0.06122122 -0.25788531 0.13872562
v -0.02725094 -0.25681654 0.14484359
v -0.04808012 -0.12326442 0.13827336
v -0.02682585 -0.14642020 0.14342614
v 0.02647521 -0.50484377 0.10693262
v 0.21233933 -0.51377398 0.14641590
v 0.03457451 0.47157860 0.10945999
v -0.03022060 0.63118869 -0.02585571
v -0.14867362 -0.05693614 0.11917514
v 0.25483975 0.26493043 0.19215168
v 0.07167297 -0.22975525 0.16255200
v 0.15566672 0.31728113 0.16021495
v 0.18769333 -0.97988164 0.11806653
v 0.26887926 -0.96961421 0.13655680
v 0.17610800 -0.96919328 0.11537536
v 0.27913094 -0.95674747 0.13884172
v 0.27698755 -0.93480468 0.13825762
v 0.26445338 -0.92430174 0.13535067
v 0.17626177 -0.92281049 0.11521021
v 0.18654776 -0.91070360 0.11750626
v 0.22371951 -0.90611809 0.12597270
v -0.13397355 -0.03447477 0.11554981
v 0.02483373 -0.47867808 0.11254399
v 0.18868423 -0.41358063 0.15403847
v -0.03605209 0.65097433 -0.07701925
v -0.15212230 -0.18268275 0.11500504
v 0.18508887 -0.29177073 0.17957100
v -0.04050687 -0.66001469 0.07001038
v 0.11566025 -0.73426098 0.10011181
v -0.05804954 -0.70422965 0.06053233
v 0.06200094 -0.83421355 0.08699948
v 0.08058493 -0.79102290 0.09104268
v 0.03209770 -0.24227025 0.16131903
v 0.16464145 0.29653752 0.12310809
v -0.00202283 -0.79550231 0.07046296
v 0.04501442 -0.68537927 0.08622356
v 0.29689121 0.25182965 0.20864663
v 0.04512877 -0.48247573 0.11133987
v 0.20240979 -0.44991127 0.14867409
v -0.03671903 0.65562439 -0.02948209
v -0.03679445 0.65736336 -0.10991095
v 0.38932395 0.07469145 0.27925321
v 0.00853671 0.54697222 0.05314960
v -0.02746722 -0.76034772 0.06372707
v 0.02905423 -0.80762589 0.07670666
v 0.00624854 -0.68064374 0.07570618
v 0.06647495 -0.71885765 0.08673330
v -0.15209323 -0.16650920 0.11234470
v 0.04728734 0.45481956 0.06991164
v 0.07839098 0.39513734 0.12364910
v 0.03051868 -0.18916500 0.15717083
v -0.01118535 -0.78958750 0.06492179
v 0.00858808 -0.80118209 0.06963206
v 0.03734711 -0.67860812 0.08206797
v 0.05404690 -0.69175571 0.08412817
v -0.02167090 0.62576574 0.01014456
v 0.28922954 0.21714015 0.20355020
v -0.00136227 0.57614523 0.04887989
v 0.11415948 0.31427795 0.13149229
v -0.04948817 -0.75233763 0.05706435
v -0.03261391 -0.71664429 0.06193727
v -0.04306997 -0.70497125 0.06002600
v 0.07657634 -0.77968931 0.08612522
v 0.02363083 0.51627535 0.06173790
v 0.08941768 0.37820119 0.11242951
v -0.03953380 0.67264235 -0.07508262
v 0.08187735 0.37825906 -0.16932280
v -0.04066049 0.67610079 -0.03807770
v 0.04755189 0.46074912 0.11946958
v 0.13667239 -0.27871621 0.16790771
v 0.07774402 -0.23814073 0.16609921
v 0.14622293 0.17379154 0.13785143
v 0.12734064 0.19038600 0.12624441
v 0.17043214 0.17012952 0.15079145
v 0.10236241 0.25519001 0.17306946
v 0.19392042 0.18048559 0.16197366
v 0.11493035 0.26889017 0.16732334
v 0.21011488 0.20203818 0.16820951
v 0.13380016 0.28673825 0.17299183
v 0.21456334 0.22922722 0.16831826
v 0.16166066 0.28354022 0.15510976
v 0.20544972 0.26218706 0.16898616
v 0.18654273 0.28002200 0.16421123
v -0.04083699 0.67920887 -0.05685525
v 0.06924162 0.41443107 -0.17841136
v 0.17768045 -0.28533322 0.17138983
v 0.24499936 -0.22742382 0.16720288
v -0.03263057 0.66511244 -0.07107334
v 0.20123184 0.32768792 0.16472286
v 0.01249542 0.55379695 0.08833465
v 0.06377249 -0.22155011 0.16403526
v 0.07329165 0.41252834 0.12738666
v 0.09656982 -0.52283543 0.10838010
v 0.14856499 -0.52542704 0.11890450
v 0.04600550 -0.39620757 0.12001701
v 0.09818009 -0.37514883 0.13221973
v -0.05915035 -0.26172629 0.12433311
v -0.01628726 -0.25484294 0.13588858
v -0.05495265 -0.11651386 0.12489358
v -0.01813914 -0.15662085 0.13381849
v -0.03552003 0.67367083 0.00221967
v 0.05856111 0.44380942 0.12612157
v 0.04063409 0.48785618 0.09893394
v -0.02407246 0.64792818 -0.07558396
v 0.08916644 -0.24761415 0.15910105
v -0.03276083 0.66914654 -0.04042394
v -0.02540850 0.65152514 -0.02907743
v 0.12192036 -0.95327538 0.09171060
v 0.19551025 -0.95860690 0.10853415
v 0.12722063 -0.92260063 0.09278820
v 0.19547220 -0.92782754 0.10839258
v 0.01191158 0.56329888 -0.15184128
v -0.03324659 0.67137676 -0.05565118
v 0.00034084 0.26014510 0.05182573
v 0.05662351 0.45587572 -0.18162727
v 0.09881044 0.34865928 -0.15272307
v 0.10413059 0.33578256 -0.10992091
v 0.02453669 0.53017366 0.09453366
v 0.06701176 0.42748833 0.12778553
v 0.02860074 -0.17795061 0.14941409
v 0.03883857 0.50067139 -0.14941241
v 0.23715740 0.30954826 0.17196956
v 0.11180551 0.35533091 0.12200212
v -0.01036886 0.62069046 0.03948761
v -0.00767831 0.61391687 0.07170130
v -0.01561705 -0.78112096 0.05551405
v 0.01780876 -0.80517638 0.06264058
v 0.03178876 -0.67372847 0.07183727
v 0.05844435 -0.69824070 0.07516410
v -0.01684943 0.63942534 -0.06345643
v -0.01740623 0.64055181 -0.04870960
v 0.00753473 0.57948780 0.08368714
v -0.02518382 0.66303873 -0.13665146
v 0.32975113 -0.08023563 0.23818004
v 0.08630252 -0.25094023 0.15166134
v 0.17279226 0.31918436 0.12446882
v 0.05830245 -0.20870665 0.15412579
v -0.02650912 0.66965687 0.03765837
v -0.03468987 0.16700758 0.02952484
v -0.18757825 -0.06357172 0.08908530
v 0.09440531 -0.25854436 0.15141247
v -0.01544816 0.64652818 -0.16871358
v -0.17475154 -0.03170176 0.08894349
v -0.00365236 0.61830437 -0.15168038
v -0.14423849 -0.19904366 0.10016820
v 0.04474796 -0.19613355 0.14670222
v -0.02130343 0.66006142 -0.07017486
v 0.16018352 0.34071293 0.13318600
v 0.06961355 -0.21626578 0.14903758
v 0.09539549 0.39285493 0.11735805
v 0.04639083 0.49943984 -0.18342848
v 0.19328092 0.31649926 0.12118088
v -0.05037874 -0.20932232 0.12205621
v 0.07763482 -0.25099298 0.14800251
v -0.14348008 -0.24575955 0.09537426
v -0.19314623 -0.11818090 0.08852345
v 0.36126116 0.15408628 0.23655695
v 0.04047765 0.51198834 0.10171815
v -0.02143817 0.66501403 -0.04057307
v 0.10210603 -0.23973520 0.14906096
v -0.02143125 0.66724575 -0.05477071
v 0.05253738 -0.20080450 0.14617373
v 0.11676039 0.32409871 -0.13052155
v -0.13184625 -0.30114296 0.08956146
v -0.15087771 -0.02202603 0.08930251
v 0.15005043 0.32189932 0.04406614
v 0.26942161 0.29118633 0.17526969
v -0.16956061 -0.18755972 0.09067142
v 0.35000929 0.15642704 0.22724484
v 0.07010482 0.44630694 0.18534774
v -0.02613060 0.68483514 -0.09732892
v 0.15699595 0.33335698 0.13823427
v 0.06943291 0.45050621 0.15109862
v 0.12478398 0.30403289 -0.09697523
v 0.03468950 0.53991079 -0.18689652
v 0.16240688 0.19472145 0.12509260
v 0.15221734 0.20357700 0.11851603
v 0.17539193 0.19293556 0.13253783
v 0.14758869 0.21737655 0.11517739
v 0.18788566 0.19875880 0.13905756
v 0.14958967 0.23208211 0.11509945
v 0.19633761 0.21056619 0.14269148
v 0.15589646 0.25316775 0.13294993
v 0.19851036 0.22531739 0.14277263
v 0.16873810 0.25830492 0.13771559
v 0.19377278 0.23906592 0.13928139
v 0.18246758 0.25502574 0.14166911
v 0.13589968 -0.27601859 0.14535905
v -0.10311715 -0.36228898 0.08433540
v 0.34393540 0.13403481 0.22402826
v 0.06031449 0.47555840 0.11042006
v 0.24685980 0.30117300 0.16561092
v -0.18517786 -0.16653541 0.08566523
v 0.08906981 0.41707277 0.12459422
v 0.32808760 0.21791133 0.20632771
v 0.07819002 0.43390229 0.14897913
v -0.15508714 -0.18723045 0.09029728
v 0.24626207 0.30440688 0.15594628
v -0.02793768 0.69510454 -0.02366435
v 0.03296873 -0.26635599 0.13890216
v 0.13997073 0.30970386 0.00332685
v 0.22654207 -0.29253092 0.15798250
v -0.06520370 -0.40995359 0.08275661
v 0.16167466 -0.31635177 0.14058661
v 0.01544921 0.59318531 -0.18877649
v 0.38842064 0.12370716 0.25062358
v 0.17958693 -0.36000785 0.13618711
v -0.02247321 -0.44699383 0.08444064
v -0.04053309 -0.70237279 0.03947088
v 0.02622967 -0.73885381 0.05356501
v 0.08392762 -0.78011817 0.06656059
v -0.03793988 -0.65636009 0.04522300
v 0.12392126 -0.73473448 0.07639709
v -0.02834390 -0.60931438 0.05323813
v 0.16356204 -0.68226087 0.08895312
v -0.01446658 -0.56711155 0.06155753
v 0.19194686 -0.62996119 0.10059976
v 0.00510291 -0.52982450 0.07049352
v 0.21364830 -0.57306129 0.11179628
v 0.02922670 -0.50169402 0.07982811
v 0.22115801 -0.51131868 0.12050018
v 0.04743214 -0.48092386 0.08728802
v 0.12949897 -0.46506777 0.10680793
v 0.21000659 -0.44687927 0.12588018
v 0.02714993 -0.47578511 0.08719816
v 0.12281972 -0.44478044 0.10825305
v 0.19633733 -0.40973997 0.13007706
v 0.02410763 -0.93756783 0.05409770
v 0.05819658 -0.95598841 0.06195978
v -0.01083195 -0.91664922 0.04579136
v 0.11071076 -0.97482216 0.07403010
v -0.04576865 -0.89355356 0.03765440
v -0.08756910 -0.86511105 0.02792596
v -0.12498297 -0.83747154 0.01921725
v 0.16576776 -0.97876233 0.08661664
v -0.15177129 -0.81049699 0.01293172
v 0.14962848 -0.96346992 0.08286599
v 0.16592349 -0.96378195 0.08658751
v -0.14290492 -0.78442383 0.01485303
v 0.15459812 -0.90667826 0.08375543
v 0.17003769 -0.90772516 0.08728476
v -0.11020241 -0.75279194 0.02218321
v 0.17329443 -0.89516652 0.08797401
v 0.13466226 -0.87262630 0.07905710
v -0.04719246 -0.74988908 0.03630339
v 0.01695923 -0.78887069 0.05013104
v 0.06924417 -0.83521795 0.06348118
v -0.08229865 -0.72737151 0.02867037
v 0.11562671 -0.84932232 0.07440118
v 0.10538343 -0.82409561 0.07186426
v -0.05600424 -0.70120490 0.03564881
v -0.03043775 -0.71381009 0.04123748
v 0.08727306 -0.79225427 0.06744911
v 0.09472736 -0.79646832 0.06920033
v 0.27307132 -0.26366940 0.15714113
v 0.12727721 -0.52851629 0.09703570
v 0.09501429 -0.52037168 0.09193588
v 0.15610930 -0.52387226 0.10409229
v 0.07552414 -0.50538814 0.08946425
v 0.18351489 -0.50388664 0.11267265
v 0.06301685 -0.48860353 0.08909169
v 0.19966941 -0.47117457 0.12031792
v 0.05494306 -0.47599876 0.08976768
v 0.19796737 -0.42728657 0.12573770
v 0.03270767 -0.44959456 0.09270420
v 0.16606344 -0.39511076 0.12648211
v 0.02995568 -0.42025709 0.09746204
v 0.13226718 -0.37659904 0.12338707
v 0.04467226 -0.39489195 0.10393267
v 0.10227541 -0.37152681 0.11785295
v 0.09003993 -0.37897587 0.11204585
v -0.03471765 -0.26249382 0.11456047
v -0.06338106 -0.26019400 0.10809646
v -0.00562590 -0.25307730 0.12105214
v -0.09209357 -0.24458671 0.10296018
v 0.00983980 -0.23532856 0.12685584
v -0.10768857 -0.22392137 0.09921580
v 0.01983924 -0.21152233 0.13068576
v -0.11592556 -0.19556597 0.09811837
v 0.01806635 -0.18792230 0.13199227
v -0.11998364 -0.11322306 0.10311453
v -0.00550537 -0.19814888 0.12915727
v -0.08794341 -0.10823477 0.10489452
v -0.00939785 -0.19380741 0.12393677
v -0.05656100 -0.11576813 0.10850196
v -0.01405240 -0.16207968 0.11880757
v -0.03061401 -0.13467605 0.11338754
v 0.00292551 -0.79743820 0.04624021
v -0.01408267 -0.77745426 0.04304525
v 0.01632462 -0.81500751 0.05048313
v -0.02579786 -0.75746185 0.04004115
v 0.03855062 -0.81052369 0.05569432
v -0.03028804 -0.73300368 0.04013296
v 0.05646594 -0.79741913 0.06001928
v -0.02534715 -0.70880002 0.04241537
v 0.07098924 -0.77476710 0.06341793
v -0.01292747 -0.68964356 0.04711019
v 0.07694710 -0.74883443 0.06507815
v 0.00649568 -0.67596418 0.05298563
v 0.07451541 -0.72232616 0.06516971
v 0.03196525 -0.67086101 0.05958655
v 0.06174848 -0.70119041 0.06297668
v 0.05128719 -0.68080622 0.06095630
v -0.14198287 -0.03157822 0.08732990
v 0.08187289 0.42968398 0.18168668
v 0.08567906 -0.24675968 0.13847135
v 0.08063765 0.43445206 0.12387429
v 0.07410334 0.45166677 0.12180352
v -0.16133147 -0.11549253 0.08631919
v 0.09274464 0.41832775 0.11974072
v 0.06616597 0.47163704 0.18809406
v 0.11263157 0.38524315 0.12198254
v -0.02650800 0.70066977 -0.05859899
v 0.17535903 0.22093172 0.12367230
v 0.06540761 0.47546896 0.15174372
v 0.28917977 -0.24241716 0.18798739
v -0.15308513 -0.17574508 0.08635474
v 0.04028831 -0.19542190 0.13399738
v -0.01028963 0.66333753 0.00738518
v 0.33979514 -0.17653783 0.21895374
v -0.00842296 0.65907907 0.06181948
v 0.01391829 0.60515362 0.08202825
v 0.03092516 0.56482661 0.09522434
v 0.00938122 0.22670832 0.03076144
v 0.08194512 0.44336924 0.21136197
v 0.12808613 0.36413360 0.12301011
v 0.04083641 0.54624939 0.10215635
v 0.05793673 0.50595552 0.11046869
v 0.17698200 -0.27611360 0.14347695
v 0.07044375 0.47693700 0.12120756
v 0.30038643 0.27024391 0.17752478
v 0.39335060 -0.07646502 0.25250196
v 0.09192991 0.42794889 0.20111334
v 0.11769302 0.38903087 0.09905692
v 0.02964896 0.58185232 0.09086185
v 0.03756843 -0.18642300 0.12639435
v 0.05809985 0.30224791 0.04842378
v 0.00861824 0.63934714 -0.18604960
v 0.03808429 0.56477588 0.08823612
v 0.10251699 0.42177734 0.10177370
v -0.00878650 -0.77912056 0.03167314
v 0.02469892 -0.80288482 0.03891278
v 0.03573397 -0.67122215 0.04756489
v 0.06773319 -0.69441801 0.05230478
v 0.13195190 0.36723864 0.10024958
v 0.07909257 0.46651268 0.21376762
v 0.04075094 0.56184351 0.07569256
v 0.04678289 0.54768020 0.09417154
v 0.36414710 0.17248455 0.21764579
v -0.02053621 0.71436554 -0.05459479
v 0.09866774 0.42268652 0.14900485
v 0.37371406 0.07656819 0.23211034
v 0.18667454 -0.31082755 0.14310887
v 0.09872798 0.42340526 0.17551817
v 0.12654531 0.33674330 0.07849143
v 0.04970561 0.54503578 0.08172276
v 0.14640045 0.33762977 0.12325768
v 0.08878475 -0.25623101 0.13518167
v 0.05513918 0.53296238 0.10825004
v 0.35361177 0.17469209 0.20765585
v 0.00213665 0.66279572 0.03658469
v 0.03656859 0.57971454 0.08433622
v 0.07161288 -0.23645540 0.13425516
v 0.10086165 -0.51845855 0.07668316
v 0.15031567 -0.52485955 0.08635051
v 0.05043304 -0.39118180 0.08946432
v 0.09886979 -0.37127858 0.10160522
v -0.06989750 -0.25515917 0.09415985
v -0.00983295 -0.25316030 0.10471560
v -0.05247426 -0.12122696 0.09349100
v -0.01566075 -0.16133395 0.10241591
v 0.10669074 0.42293614 0.12640896
v 0.17971700 -0.30345261 0.13903636
v 0.01035734 0.64520854 0.07388879
v 0.00232370 0.66927648 -0.17522293
v 0.03879085 0.57741481 0.07200710
v 0.12896194 -0.95351368 0.06054797
v 0.12742870 -0.92687029 0.06008288
v 0.20244341 -0.95814520 0.07734366
v 0.20258360 -0.92796248 0.07724538
v 0.41831127 0.00355331 0.25773850
v 0.22774088 0.31577227 0.15268223
v 0.00937700 0.65504563 -0.15258998
v 0.10004322 -0.26073706 0.12852755
v 0.07236987 0.49923632 0.18841718
v 0.14310633 -0.29616144 0.13257270
v 0.06435784 -0.22073527 0.12725532
v 0.07083507 0.50450349 0.15203857
v 0.05997503 0.53448457 0.09994600
v -0.02665007 0.74773479 -0.05737462
v -0.03325830 -0.70212471 0.01986645
v 0.08703056 -0.77823037 0.04605357
v -0.03967060 -0.75079656 0.01671745
v -0.02292394 -0.71410441 0.02166192
v 0.01919644 0.63623673 0.07575958
v -0.00205198 0.69159555 -0.14373881
v -0.00045534 -0.78639132 0.02381468
v 0.01942552 -0.79836285 0.02845588
v 0.04525627 -0.67474508 0.04008784
v 0.06228099 -0.69017088 0.04206573
v 0.05419210 0.55270135 0.07233250
v 0.14996411 0.34251520 0.10040907
v 0.05866181 -0.21156837 0.12019341
v 0.02031335 0.63590795 0.07341295
v 0.06333932 0.53144199 0.08834127
v 0.09370093 -0.26033607 0.12208370
v 0.11044197 0.43060631 0.11149224
v 0.03639598 0.59866613 0.08968775
v -0.01634966 -0.75840598 0.01965288
v 0.04424632 -0.80134588 0.03335225
v 0.01703138 -0.67658591 0.03205375
v 0.07879617 -0.71592355 0.04313788
v 0.02025239 0.63854456 0.07833383
v 0.02007396 0.63974577 0.07586402
v 0.10280601 -0.27555355 0.12156031
v -0.13558826 -0.20869438 0.06973722
v 0.04542458 -0.20060030 0.11467739
v -0.00851615 0.71298867 -0.10567167
v -0.01238733 0.72082037 -0.00314419
v 0.02461249 0.63007575 0.07871749
v 0.05545695 -0.47922891 0.06451004
v 0.21209063 -0.44749340 0.10152148
v 0.08245009 -0.26709300 0.11869920
v 0.02151036 0.63917673 0.07317351
v 0.07574729 -0.83149332 0.03959714
v 0.09431587 -0.78853744 0.04373491
v 0.01021934 -0.79232037 0.02292784
v 0.05540318 -0.68139607 0.03816058
v -0.04673449 -0.70222259 0.01239374
v 0.02575573 0.63005900 0.07629112
v -0.02950416 -0.65516138 0.02155926
v 0.12738834 -0.73209327 0.05169781
v 0.02314973 0.63755143 0.07241699
v 0.03535830 -0.47084540 0.06329849
v 0.19881183 -0.40866077 0.10461383
v 0.06145498 0.54558659 0.05511149
v 0.05414255 0.56279153 0.08959863
v 0.27757898 0.37950760 0.14293362
v 0.17383347 0.34426424 0.17341499
v 0.02587571 0.63195115 0.08145225
v 0.07597985 0.51018941 0.12186239
v 0.05150849 0.57092220 0.06267343
v 0.19936778 -0.97977561 0.06737894
v 0.28045598 -0.96983325 0.08584840
v 0.18763652 -0.96919191 0.06465492
v 0.29070753 -0.95696646 0.08813325
v 0.28856426 -0.93502367 0.08754920
v 0.27603000 -0.92452085 0.08464227
v 0.18744051 -0.92279851 0.06441003
v 0.19759725 -0.91054195 0.06667578
v 0.23512150 -0.90605515 0.07522319
v 0.15119334 0.34707311 0.05972152
v 0.17581779 0.34587547 0.19239850
v 0.08322540 0.49326074 0.21249330
v 0.38534078 0.16365914 0.21659170
v 0.12678146 0.39026037 -0.18550467
v 0.25819185 0.39136276 0.13389187
v 0.07220948 0.27917269 0.03720309
v -0.00358464 0.70962340 -0.10388962
v 0.11403736 0.42598984 -0.19654766
v 0.02727642 0.63239437 0.07483006
v 0.04253105 0.59546411 0.08284685
v 0.03827605 -0.49884564 0.05409360
v 0.22294997 -0.50998896 0.09299841
v 0.02816142 0.63051838 0.07918609
v 0.10158099 -0.79304206 0.04258092
v 0.16340156 0.35648167 0.16808650
v 0.16648948 0.35952082 0.18903641
v -0.01901593 -0.60751981 0.02703220
v 0.16591063 -0.67966455 0.06132797
v 0.02947327 0.62851024 0.08368322
v 0.11524758 -0.51845175 0.06768772
v 0.14584388 -0.52078527 0.07381334
v 0.08386088 -0.38613087 0.08144657
v 0.08963271 -0.37409756 0.08767845
v -0.04134048 -0.25855604 0.09281422
v -0.01609662 -0.25884131 0.09710083
v -0.04378748 -0.13142772 0.08388274
v -0.02253320 -0.15458348 0.08903552
v 0.11397682 0.42234117 0.18948150
v 0.04904207 0.58122474 0.10551915
v 0.02866569 0.63134068 0.07616931
v 0.42440721 0.07267486 0.24693690
v 0.11231143 0.42691350 0.21466015
v 0.22357599 0.33555862 0.14987749
v -0.13920772 -0.24322551 0.06235564
v 0.06512756 -0.22308983 0.11267140
v 0.09369803 -0.25616464 0.11256538
v 0.01474668 -0.52724802 0.04311201
v 0.21505903 -0.57124817 0.08259595
v -0.00490751 -0.56478715 0.03403779
v 0.19331898 -0.62798738 0.07129437
v 0.10689568 0.44177532 0.22748186
v 0.04650400 -0.20634578 0.10924810
v 0.14003585 0.35896260 -0.16766569
v -0.06977144 -0.72812039 0.00164733
v 0.04507139 0.59452826 0.07064581
v 0.05207275 0.57775903 0.10490628
v -0.16030009 -0.20744756 0.05847471
v 0.05814626 0.56441987 0.04693455
v 0.05146319 0.58014393 0.07845339
v 0.08835161 -0.50149441 0.06212699
v 0.18101406 -0.50281602 0.08194387
v 0.04121621 -0.41350296 0.07065950
v 0.13006724 -0.37677100 0.09315403
v -0.09488304 -0.23620364 0.07677520
v 0.00439843 -0.23615699 0.09653313
v -0.08039208 -0.11832155 0.07715751
v -0.01236964 -0.19242942 0.09364861
v 0.22155887 0.32314104 0.12040576
v 0.05242718 0.57795292 0.10585586
v -0.01685942 -0.73470747 0.01289480
v 0.06229651 -0.78836614 0.03070213
v 0.00065728 -0.69070613 0.01990510
v 0.08094381 -0.74200714 0.03570733
v 0.05226583 0.57842064 0.10413840
v 0.07402270 0.52626973 0.11465254
v -0.01409175 -0.44198364 0.05605333
v 0.09981961 0.46861076 -0.20286462
v 0.17976741 -0.35863027 0.10585301
v -0.01896852 0.75397158 -0.00608361
v -0.01510906 0.74616414 -0.10829610
v 0.17253540 -0.97926050 0.05685207
v 0.15660305 -0.96382749 0.05303131
v 0.17299724 -0.96435988 0.05677629
v 0.05297474 0.57880867 0.10603740
v 0.05281334 0.57927638 0.10431995
v -0.00338160 0.71708328 0.00055156
v -0.00494848 0.72182620 -0.05978892
v 0.29835817 0.31558976 0.15313822
v 0.02847898 -0.28017426 0.10873489
v 0.05316782 0.57947028 0.10526942
v -0.14416699 -0.20818102 0.06003022
v 0.28927791 0.35524595 0.14237677
v 0.09469887 0.47943166 0.10358277
v 0.27287880 0.36399224 0.13581137
v 0.25528327 0.37412700 0.12937599
v -0.12710288 -0.29641911 0.05615138
v 0.10161676 -0.24230772 0.11147327
v 0.20529810 0.34587231 0.16013633
v 0.12861110 -0.51966900 0.06595636
v 0.09828868 -0.38051498 0.08076867
v -0.02850593 -0.25867933 0.09081011
v -0.03282834 -0.14363702 0.08225211
v 0.05587732 0.57559311 0.10331232
v 0.22269829 0.38691202 0.08918190
v -0.01073925 -0.71101058 0.01285009
v 0.07486094 -0.76776469 0.03141068
v 0.05576503 0.57669532 0.10237914
v 0.15009949 0.36550957 0.04055637
v 0.42408687 0.14142661 0.23683947
v 0.40117857 0.21553320 0.21573637
v 0.15849474 0.34691584 0.07821431
v 0.25628111 0.30521393 0.12990329
v 0.05656652 0.57577872 0.10457273
v 0.07637507 0.52813154 0.10641057
v -0.05532928 -0.40602645 0.05122030
v 0.16190252 -0.31599811 0.10690240
v 0.00385824 0.70579761 0.04288840
v 0.15211122 0.33203498 -0.14170446
v 0.12296157 0.42025062 0.15743519
v 0.41914028 0.15856186 0.23108830
v 0.40693367 0.19813202 0.21971440
v 0.05634193 0.57798290 0.10270643
v 0.26893613 0.40456468 0.13105410
v -0.09533485 -0.35822073 0.05148913
v -0.03276412 -0.75284868 0.00512645
v -0.01595005 -0.71568960 0.01006196
v 0.15316565 0.36264765 0.05935291
v 0.15937026 0.35301366 0.14084071
v 0.05714329 0.57706648 0.10489992
v 0.13598788 -0.27668211 0.10887412
v 0.18210638 -0.89540166 0.05517505
v 0.16231307 -0.90663600 0.05064807
v 0.17879498 -0.90795177 0.05441659
v 0.41826010 0.13677198 0.23213939
v 0.43224847 0.14311951 0.23970868
v 0.39431292 0.21380372 0.21062511
v 0.40824425 0.22023235 0.21837464
v 0.05703108 0.57816845 0.10396679
v 0.21987319 0.34257877 0.12967028
v 0.10349323 0.46386057 0.22897133
v 0.01288896 0.68869454 -0.10356330
v 0.18575042 0.34843409 0.20909755
v 0.11105792 -0.81883568 0.03778013
v 0.17624152 0.36331719 0.20763364
v 0.34899920 0.16966601 0.18520571
v 0.07957464 0.52471942 0.09571662
v 0.16471338 0.37454191 0.18415315
v 0.16373709 0.37150165 0.16543274
v 0.37352964 0.18398558 0.19966337
v -0.17383891 -0.02822804 0.04635883
v -0.17921565 -0.18712646 0.05036710
v 0.24136581 0.38230586 0.11934790
v 0.20081876 -0.96841842 0.05852965
v 0.28129601 -0.95818585 0.07685841
v 0.27915275 -0.93624312 0.07627431
v 0.20042215 -0.92259133 0.05824122
v 0.23766842 -0.91737318 0.06672197
v 0.05905494 0.57599258 0.09983778
v 0.05967934 0.57448423 0.10073954
v 0.21249823 0.34791252 0.09843101
v 0.41091624 0.14976680 0.22421917
v 0.43149877 0.15980297 0.23673849
v 0.39598569 0.19721763 0.21199483
v 0.41697884 0.20670056 0.22328946
v -0.09648359 -0.75575483 -0.01119891
v 0.12190001 -0.84675235 0.03928386
v -0.18872479 -0.06779188 0.04594108
v 0.43042117 0.12596929 0.23809616
v 0.39757228 0.23088479 0.20987457
v 0.16840097 0.33978021 0.05014013
v 0.21808521 0.31951934 0.11317565
v 0.23165685 0.34720510 0.11820468
v 0.21702848 0.33087739 0.17949592
v 0.05955784 0.57769507 0.10040900
v 0.04238620 -0.19880059 0.10131213
v -0.19295716 -0.12982666 0.04682295
v 0.06080657 0.57467854 0.10221252
v 0.15580858 0.32468343 -0.07080739
v 0.34017754 0.23758250 0.17597353
v 0.06131372 0.57432085 0.10428119
v 0.07482546 0.54253036 0.04055721
v 0.36307237 0.18647474 0.19020033
v 0.12958995 0.42215344 0.13034844
v 0.19796345 0.33365560 0.19226022
v 0.04683386 0.61103600 0.09103591
v 0.41722116 0.17069285 0.22401796
v 0.41264820 0.18543570 0.21987343
v 0.42497599 0.12321635 0.23317632
v 0.43746206 0.12888233 0.23993263
v 0.39208660 0.22790504 0.20533551
v 0.40460432 0.23355187 0.21205442
v 0.14305161 -0.87250900 0.04261769
v 0.05631328 0.58919919 0.05457409
v 0.06068501 0.57788950 0.10188192
v 0.06130936 0.57638127 0.10278368
v -0.14414763 -0.19301327 0.05410475
v 0.20145391 -0.96846527 0.05575950
v 0.28192857 -0.95819789 0.07408754
v 0.27978528 -0.93625510 0.07350345
v 0.20103432 -0.92258584 0.05546572
v 0.23826967 -0.91732216 0.06394367
v 0.08988150 0.51329833 -0.20701693
v -0.15296780 -0.01897345 0.04618791
v 0.15357254 0.37248215 0.04015216
v 0.08291723 -0.48815989 0.05395020
v 0.19805130 -0.46969971 0.08052009
v 0.05636886 -0.43999603 0.05772220
v 0.17325822 -0.39802605 0.08671181
v -0.10365193 -0.21420276 0.06461546
v 0.01504581 -0.21259835 0.09097378
v -0.11011748 -0.12640189 0.06687482
v -0.02124180 -0.22322854 0.08842148
v 0.15581819 0.36799139 0.05854032
v 0.23207684 0.40003163 0.08733319
v -0.16228589 -0.12106930 0.04928586
v -0.14946933 0.09371700 0.02843157
v 0.00041022 -0.76802349 0.00601064
v 0.03702706 -0.79031682 0.01441939
v 0.03517867 -0.68258852 0.01852492
v 0.07165408 -0.70521188 0.02506970
v 0.15975179 0.36017987 0.07507014
v 0.21901676 0.30287305 0.10976678
v 0.26351038 0.29717121 0.12569606
v 0.27541590 0.40911788 0.12803119
v 0.03298650 0.65121627 0.08518690
v -0.14528291 -0.02861853 0.04780013
v 0.07036594 0.56162655 0.03363300
v 0.05801719 0.59068108 0.09187223
v 0.01243488 0.70365375 -0.05563598
v -0.02212508 -0.70483422 0.00260666
v 0.08736312 -0.77277356 0.02635985
v 0.40662596 0.16049258 0.21532977
v 0.39915231 0.18368971 0.21035860
v 0.43259516 0.17313789 0.23109736
v 0.42569926 0.19553185 0.22434293
v 0.41623548 0.17794429 0.21966623
v 0.06134071 0.58427423 0.04265359
v 0.05627891 0.59618366 0.06652581
v 0.25202227 0.28387532 0.12108409
v 0.05209541 0.60654974 0.08411444
v 0.03290439 0.65314847 0.08193088
v 0.16554986 0.34924531 0.09344669
v 0.12857322 0.43456012 0.12366512
v 0.26586309 0.29103327 0.13542733
v 0.08726167 0.52060723 0.18876478
v 0.41698310 0.13043471 0.22408397
v 0.44232997 0.14193666 0.23779938
v 0.39052966 0.21453416 0.20161416
v 0.41588560 0.22605772 0.21538422
v 0.16194297 0.37774819 0.16094421
v 0.12007956 -0.97485059 0.03419092
v -0.15810028 0.02264496 0.03842215
v 0.16572407 0.35297966 0.12075933
v 0.01948484 0.68780321 0.06689185
v -0.13716029 -0.81279314 -0.02587037
v 0.16543277 0.38231647 0.17961112
v 0.22481710 0.31637040 0.11015414
v 0.32571712 0.22243613 0.16169012
v 0.23414664 0.34497595 0.14504538
v -0.17616382 0.02742579 0.03584351
v 0.16123682 0.36801541 0.13975380
v 0.05954068 0.59117258 0.11490553
v 0.17373683 0.37867236 0.20089835
v -0.12734032 -0.78771085 -0.02429604
v 0.03863195 0.64283061 0.08799657
v 0.06760167 -0.46803766 0.05187376
v 0.19706623 -0.42684159 0.08256346
v -0.11109820 -0.18088543 0.06090255
v 0.01632188 -0.18646868 0.08902757
v 0.03504846 0.65223920 0.07814368
v 0.43729532 0.11390412 0.23551026
v 0.39661136 0.24258536 0.20226540
v 0.41621187 0.12619275 0.22256298
v 0.06191128 0.58727610 0.11402730
v 0.05478765 0.60574687 0.07198230
v 0.06200534 0.58784419 0.11317081
v 0.19194718 0.33458850 0.07997156
v 0.10285240 0.48771206 0.22655204
v 0.06249123 0.58748895 0.11485379
v 0.03690840 0.65027922 0.07748324
v 0.22453225 0.34744617 0.12129487
v 0.16805139 0.35153982 0.10689797
v -0.10847329 -0.84171486 -0.02155812
v 0.06267957 0.58862478 0.11314097
v 0.25703552 0.29756781 0.11930474
v 0.07774013 -0.82642931 0.02046756
v 0.09414623 -0.78566337 0.02433797
v 0.43118003 0.11238995 0.23035213
v 0.44398248 0.11819934 0.23727959
v 0.39136818 0.23816945 0.19797441
v 0.40422857 0.24392639 0.20479071
v 0.04152042 0.64078361 0.08495993
v -0.18329866 0.06448876 0.02741928
v 0.07789897 0.55720586 -0.20625898
v 0.06316541 0.58826971 0.11482395
v 0.06496697 0.58447933 0.11189481
v 0.06325952 0.58883774 0.11396752
v 0.06478217 0.58551311 0.11089681
v 0.04121251 0.64328456 0.07981016
v 0.08844998 0.52780217 0.15580983
v 0.04206243 0.64151424 0.08174073
v 0.01734795 0.70287865 -0.00745260
v 0.16267648 0.36613736 0.07343689
v 0.15835640 0.37369180 0.03797137
v 0.25694144 0.32900605 0.16299066
v 0.06593946 0.58466005 0.11295286
v 0.16109197 0.36993361 0.05794474
v 0.23116168 0.34638816 0.13162179
v 0.25009233 0.40776023 0.09545854
v 0.41129506 0.14288507 0.21428750
v 0.44332913 0.15768659 0.23216669
v 0.39359555 0.19862506 0.20033783
v 0.42589316 0.21305524 0.21739104
v 0.06557011 0.58672690 0.11095700
v -0.03076310 -0.70694005 -0.00517574
v 0.02008089 -0.77912068 0.00427266
v 0.05513094 -0.69326019 0.01591889
v 0.09509925 0.51460862 0.21042202
v -0.07815216 0.16964503 -0.02625845
v 0.40345368 0.17132643 0.20776404
v 0.43387750 0.18513229 0.22422665
v 0.06730488 0.58416218 0.10780059
v 0.06792819 0.58265281 0.10870138
v 0.06672743 0.58587372 0.11301300
v 0.27895254 0.40836024 0.12266075
v 0.06654260 0.58690739 0.11201505
v 0.21535753 0.38424271 0.06627076
v 0.06789198 -0.47414824 0.04470467
v 0.20853488 -0.44491136 0.07795505
v 0.20828813 0.33656445 0.20554054
v 0.20398360 -0.97979498 0.04725451
v 0.28505144 -0.96992016 0.06571964
v 0.19221914 -0.96922058 0.04452311
v 0.29530302 -0.95705342 0.06800449
v 0.29315963 -0.93511063 0.06742044
v 0.28062543 -0.92460769 0.06451351
v 0.19217454 -0.92296582 0.04431320
v 0.20236747 -0.91075510 0.04658746
v 0.23969044 -0.90609926 0.05508807
v 0.28264156 0.30377480 0.14700332
v 0.16450810 0.37431857 0.13858381
v 0.21710913 0.37202698 0.06904178
v 0.16763131 0.36214837 0.09125776
v 0.06812659 0.58581436 0.10807008
v 0.06937325 0.58279562 0.10987161
v 0.16800900 0.38017482 0.16031000
v 0.16446234 0.36454669 0.03622751
v 0.07059578 0.58215863 0.03257908
v 0.06124291 0.60416424 0.07668919
v 0.17067996 0.38521892 0.17676514
v 0.25960532 0.35947937 0.11478398
v -0.01581841 -0.65658164 0.00059543
v 0.12536868 -0.72661495 0.02760270
v 0.20339565 0.34960443 0.21846139
v 0.16794923 0.36711875 0.12038476
v 0.17602348 0.38637143 0.19635893
v -0.10831562 0.17636219 -0.00930866
v 0.27347690 0.35138035 0.11914672
v -0.05193294 0.16289161 -0.04365802
v 0.16735880 0.36175606 0.05496470
v 0.06957160 0.58595735 0.10924041
v 0.07019486 0.58444822 0.11014115
v -0.15724576 0.12513313 0.01146831
v 0.16829264 0.37108764 0.16042686
v 0.04795510 -0.46482894 0.04244373
v 0.19249482 -0.40863532 0.07957795
v 0.03620690 0.66803759 0.07830740
v 0.06227949 0.60931247 -0.20250413
v 0.27666354 0.39841959 0.11901427
v 0.17564879 0.37716612 0.17739283
v 0.42139283 0.12353972 0.21744579
v 0.44982389 0.13644107 0.23282997
v 0.39100900 0.21936776 0.19282497
v 0.41947526 0.23224792 0.20816752
v 0.06511453 -0.22221461 0.09347012
v 0.16681086 0.36711121 0.07055918
v 0.26632053 0.28916335 0.12503186
v 0.24615332 0.36873549 0.10884827
v 0.10049633 -0.78945029 0.01918275
v 0.17002472 0.36468256 0.10508887
v 0.11406840 0.48234501 0.11043121
v 0.19635874 0.36658812 0.22240868
v 0.09357827 -0.27308303 0.10163428
v 0.19226430 0.31291431 0.07243764
v 0.03028716 0.68814987 0.04230115
v 0.06992239 -0.23277386 0.09601055
v 0.26894471 0.41216373 0.11364494
v 0.11258753 -0.49962729 0.04534385
v 0.16548683 -0.50091195 0.05657632
v 0.06443364 -0.40338328 0.05442868
v 0.11400641 -0.38197777 0.06742839
v -0.05144402 -0.24337988 0.06723322
v -0.00446539 -0.24449806 0.07511679
v -0.06434110 -0.13716994 0.05940440
v -0.02506830 -0.17995612 0.06892555
v 0.07443871 -0.25331822 0.10058372
v 0.00541860 -0.74522603 -0.00444229
v 0.05302994 -0.77450281 0.00622742
v 0.02453360 -0.69879144 0.00227344
v 0.07147652 -0.72869951 0.01161231
v 0.10645692 -0.27782887 0.09723329
v 0.22341380 0.39776266 0.06641931
v 0.25827128 0.32697898 0.14578149
v -0.05237617 -0.73488897 -0.01783284
v 0.19812775 0.32613638 0.07298481
v -0.01668240 -0.75938314 -0.01052891
v 0.00030253 -0.72128874 -0.00571518
v 0.05256538 -0.49541125 0.03114784
v 0.21770239 -0.50936943 0.06579663
v 0.04841742 -0.21865523 0.08577619
v 0.17044266 0.36834621 0.08843296
v 0.17011237 0.37503719 0.13885322
v 0.29888949 0.33783552 0.12433744
v 0.01445956 0.73196125 0.04081127
v 0.02161379 0.71748769 -0.14867049
v 0.17360027 0.35870063 0.06744346
v 0.26159585 0.33461508 0.13067603
v -0.00375890 -0.60821247 0.00385417
v 0.16179396 -0.67454267 0.03437307
v 0.09226791 0.54399776 0.03088555
v 0.07461395 0.58553451 0.11414493
v 0.40865359 0.15658307 0.20316385
v 0.44438803 0.17279863 0.22250015
v 0.40031514 0.18278001 0.19660461
v 0.43604976 0.19899569 0.21594094
v 0.26393232 0.26950318 0.11935656
v 0.26960295 0.40114158 0.11250850
v -0.13124751 -0.19692931 0.04376467
v 0.03941131 -0.20207810 0.08307086
v 0.17127664 0.37299678 0.11963417
v -0.08065540 0.16226821 -0.01234064
v 0.06811215 0.60495418 0.04921604
v 0.09861214 -0.27437291 0.09170082
v 0.14034884 0.42772502 0.21959905
v 0.07233344 -0.95637631 0.00905879
v 0.18075418 0.38812768 0.19181272
v 0.17528795 0.36693931 0.14134055
v 0.18448657 0.37877154 0.19075407
v 0.08630708 0.56296790 0.02479384
v 0.07017260 0.60092956 0.10088707
v 0.09827507 0.53266692 0.12068661
v 0.13450588 0.44313416 0.23350441
v -0.01560160 0.19819301 -0.04442582
v 0.08590928 -0.27659401 0.08929808
v 0.05176675 0.64645505 0.08741222
v 0.04896706 0.65781987 -0.19610623
v 0.42860201 0.11555099 0.21487531
v 0.45410615 0.12712425 0.22867583
v 0.39289075 0.22800393 0.18624119
v 0.41825125 0.23977110 0.20047133
v 0.07074713 0.60237277 0.04296840
v 0.06809420 0.60861480 0.05547993
v 0.01381262 -0.72148418 -0.00598060
v 0.06518314 -0.75309044 0.00517345
v 0.14411101 0.42236274 0.19494775
v 0.03040290 -0.52626187 0.01888029
v 0.20664421 -0.57153130 0.05305346
v 0.01123637 -0.56494224 0.00971846
v 0.18843767 -0.62312263 0.04288682
v 0.44483957 0.11116564 0.22386450
v 0.40252885 0.24409506 0.19058166
v 0.10899906 0.50785631 0.22357947
v -0.05312745 0.90541333 -0.07041896
v 0.22878405 0.40201074 0.06582446
v 0.26683745 0.28248051 0.11759915
v -0.00743291 -0.70953643 -0.01113971
v 0.08285099 -0.76521087 0.00835298
v 0.17396984 0.37138331 0.10410235
v 0.03706161 0.69078285 -0.18349570
v 0.19475368 0.38042432 0.21685508
v 0.43783838 0.11017283 0.21842501
v 0.45171031 0.11646772 0.22593133
v 0.39694825 0.23863897 0.18625972
v 0.41082031 0.24493375 0.19376594
v 0.07463277 0.59596348 0.11979437
v 0.05725022 -0.21224286 0.08733476
v 0.07301250 0.60021132 0.12074492
v 0.07459997 0.59644616 0.11888294
v 0.10061155 0.53406292 0.11276851
v 0.13827147 -0.95330429 0.02094023
v 0.13618994 -0.92721778 0.02035242
v 0.21154694 -0.95847881 0.03769132
v 0.21202089 -0.92854869 0.03767029
v 0.07676653 0.59260964 0.11736444
v 0.07648894 0.59358066 0.11632626
v 0.07540541 0.59615356 0.12045144
v 0.17596284 0.36856449 0.08613217
v 0.00651371 0.76450956 0.03769534
v 0.01364365 0.75008708 -0.15113144
v 0.07533979 0.59711915 0.11862847
v 0.07122811 -0.81782210 0.00366132
v 0.08790532 -0.77738041 0.00749039
v 0.40683252 0.16785423 0.19528119
v 0.26258570 0.33277389 0.14162923
v 0.15052436 0.41431496 0.19861259
v 0.15026233 0.41484496 0.20555198
v 0.14016847 0.43945542 0.19630121
v 0.13990644 0.43998545 0.20324059
v 0.12957908 0.46470439 0.23625018
v 0.07806625 0.59165674 0.11292236
v 0.07868816 0.59014654 0.11382259
v 0.00087018 -0.43430606 0.03078689
v 0.17329197 -0.36001071 0.07525304
v 0.07614536 0.59682631 0.12019698
v 0.10402436 0.52954638 0.10335224
v 0.14028853 -0.49941197 0.04319394
v 0.10957750 -0.39283308 0.05365128
v -0.02735285 -0.24393077 0.06346315
v -0.04409120 -0.15972979 0.05639118
v 0.07796700 0.59272951 0.11816613
v 0.07611249 0.59730929 0.11928554
v 0.17647372 0.37386698 0.12001765
v 0.08266954 0.58317471 0.02588427
v 0.07044938 0.61192656 0.08351690
v 0.07741165 0.59467185 0.11608977
v 0.04533588 -0.20986986 0.07830444
v 0.41968033 0.13445514 0.20388263
v 0.45358047 0.14983821 0.22222632
v 0.39722237 0.20501234 0.18621650
v 0.43112263 0.22039540 0.20456024
v 0.03100888 -0.75984818 -0.00688546
v 0.04964180 -0.71494150 -0.00122589
v 0.15096956 0.42089859 0.16537033
v 0.06544560 0.62445027 0.09425541
v 0.19978847 0.36497486 0.19605748
v 0.18562175 0.38951811 0.19299981
v 0.03030674 0.71347225 -0.15076670
v 0.01122747 0.75852376 -0.05676863
v 0.07559777 0.60126406 0.03768837
v 0.07069587 0.61279750 0.06080661
v 0.27430597 0.33462957 0.12051907
v 0.05396809 0.65311569 0.09419334
v 0.23385864 0.40160233 0.06659996
v 0.04973015 0.66367036 0.09208575
v 0.40768468 0.16915667 0.19371933
v 0.44391814 0.18559854 0.21332555
v 0.17268910 -0.90543956 0.02607218
v 0.18598866 -0.90710896 0.02911564
v 0.18154119 0.35979205 0.08515273
v 0.07912206 0.59319162 0.11283604
v 0.08036597 0.59017110 0.11463645
v 0.07888974 0.59382063 0.11792954
v 0.25449166 -0.23168552 0.09042890
v 0.26557010 0.40173087 0.10243513
v 0.07861208 0.59479183 0.11689141
v 0.04950507 0.66629112 0.08824024
v 0.18871567 -0.89554507 0.02917136
v -0.14026155 -0.21302027 0.03417521
v 0.05665488 0.65016437 0.09031355
v 0.16338773 -0.96429521 0.02307175
v 0.17972428 -0.96475649 0.02680330
v -0.14646979 -0.22653773 0.03086882
v -0.06919873 -0.86673748 -0.03094147
v -0.12784234 -0.23872919 0.03434137
v 0.18216527 0.36546007 0.12207907
v 0.05372889 -0.23040968 0.07749730
v 0.06985115 0.61970580 0.08723872
v 0.20303285 0.36615282 0.20190667
v 0.18927169 0.39085394 0.19907770
v 0.08079984 0.59321624 0.11365001
v 0.08142178 0.59170604 0.11455014
v 0.25544927 0.32306516 0.18850040
v 0.05729555 0.65107489 0.08691276
v 0.17817500 0.33404353 0.03199185
v -0.07825087 -0.76170844 -0.03454665
v 0.17960849 -0.97966409 0.02576476
v 0.19793588 0.36473715 0.18864515
v 0.18620458 0.38972181 0.18615901
v -0.00136013 0.79660499 -0.06015282
v 0.18027352 0.37146011 0.10418630
v -0.01653864 0.83369768 -0.06355932
v 0.05700966 0.65329677 0.08501340
v 0.19568048 0.38728347 0.21129666
v 0.05215897 0.66529304 0.08388136
v 0.18114036 0.36218771 0.03406687
v 0.18377569 -0.29299811 0.09056298
v 0.15729801 0.42220998 0.13754672
v -0.04941307 0.91457534 -0.07097857
v 0.05373259 0.66221744 0.08320459
v -0.04527189 0.90540743 -0.10567933
v -0.04793765 0.91080046 -0.03507699
v 0.15657859 0.41180778 0.19903271
v 0.15631656 0.41233790 0.20597211
v 0.15499119 0.41573206 0.19401310
v 0.15437983 0.41696891 0.21020514
v 0.14463530 0.44087255 0.19170167
v 0.14402391 0.44210938 0.20789371
v 0.02767512 0.72963923 -0.11081920
v 0.27806240 0.39170966 0.10516426
v 0.04098433 -0.93910086 -0.00724534
v 0.28331488 0.31632826 0.16848291
v 0.18782397 0.39529225 0.19416694
v 0.25921386 0.33567646 0.12582925
v 0.07268020 0.61899167 0.07569098
v -0.00752847 -0.71568877 -0.01931113
v 0.12624271 0.48724908 0.23422845
v 0.04153191 -0.73710752 -0.00880743
v 0.10631583 0.53762555 0.19010530
v 0.10905958 -0.80668634 0.00607623
v 0.18496428 0.36117727 0.05284673
v 0.03116740 0.25333527 -0.03332758
v 0.18644260 0.36319315 0.10445413
v 0.00561824 -0.77079213 -0.01901353
v 0.02206838 -0.73284966 -0.01464630
v 0.08432507 -0.46797648 0.02913512
v 0.19953585 -0.44627032 0.05605664
v 0.08192567 0.60179651 0.03417956
v 0.07552106 0.61686558 0.06438508
v -0.04113795 -0.39689484 0.02391777
v 0.15137269 -0.31974468 0.07228362
v -0.14196412 -0.19703992 0.03012972
v 0.01913523 0.75766128 -0.09059659
v 0.01656576 0.76286227 -0.02270591
v 0.19847745 0.36958051 0.17937507
v 0.18873473 0.39557692 0.18743707
v 0.20155928 0.37937245 0.20389588
v 0.02574776 0.74210775 -0.05979483
v 0.11078139 -0.47679532 0.03196954
v 0.17887542 -0.46959245 0.04740173
v 0.08733675 -0.42760414 0.03646077
v 0.14392969 -0.40130910 0.05331495
v -0.09057001 -0.21144147 0.04341770
v 0.00395273 -0.22271417 0.05941680
v -0.08914579 -0.15102854 0.04367884
v -0.03783344 -0.20693150 0.05611877
v 0.15072414 -0.87244505 0.01405900
v 0.19813444 0.38773963 0.20487528
v 0.36755502 -0.06940505 0.17308880
v -0.11766983 -0.28632784 0.02703396
v 0.08893151 -0.24981584 0.07337471
v 0.12940457 -0.84707117 0.00785149
v 0.19019330 0.36545119 0.16192234
v 0.28482366 -0.28509402 0.09242979
v 0.09170782 -0.77905947 -0.00151834
v 0.00264230 -0.66067082 -0.01625975
v 0.11798678 -0.71830398 0.00581015
v 0.05413375 -0.80354029 -0.01043266
v 0.07139418 -0.76322818 -0.00632545
v 0.11236528 0.53186423 0.20958228
v 0.10838335 0.54297316 0.15949851
v 0.20348723 0.36655736 0.18587959
v 0.19123931 0.39149395 0.18334445
v 0.19127591 -0.32573643 0.09010522
v 0.23786260 0.33883995 0.20784529
v -0.17203118 -0.20231275 0.02070606
v 0.20300338 0.37224343 0.19212823
v 0.00619442 0.79597229 -0.09291874
v 0.00370857 0.80100340 -0.02719785
v 0.00741813 -0.91812879 -0.02092541
v 0.27629209 0.34458953 0.09936491
v -0.07939432 -0.35069749 0.02172420
v 0.18255852 0.31393218 0.03049316
v 0.23438548 -0.31410024 0.09131273
v -0.01154358 0.83830935 -0.03066750
v -0.00906221 0.83328909 -0.09630105
v 0.00948338 -0.71653503 -0.02057353
v 0.07408476 -0.75559807 -0.00665722
v -0.02630309 -0.89496100 -0.02893003
v 0.02915110 0.73930532 0.00215841
v 0.12373674 0.50670463 0.22947782
v 0.06448213 -0.45733592 0.02611119
v 0.18118803 -0.41108158 0.05649229
v 0.18348306 -0.31759432 0.08760502
v 0.12461595 -0.28196847 0.07129819
v -0.04214242 0.91457081 -0.10360447
v -0.04460902 0.91956097 -0.03827715
v 0.03007060 -0.78644437 -0.01747762
v 0.04643887 -0.74785155 -0.01334775
v 0.29075536 0.32019448 0.15027702
v 0.31476253 -0.25769171 0.12789808
v 0.19107720 0.35935602 0.06758477
v 0.25637516 0.35798270 0.09182357
v 0.14790164 -0.30935210 0.08254747
v 0.43068582 0.12277678 0.19805145
v 0.46118206 0.13661534 0.21455322
v 0.40072370 0.21691027 0.17448238
v 0.43121988 0.23074873 0.19098414
v 0.18746901 0.32395571 0.02796138
v 0.29902560 0.28320414 0.13053215
v -0.03038964 -0.74369776 -0.03285284
v 0.23167033 0.35246480 0.22134595
v 0.19417144 0.36386290 0.14326078
v 0.42020443 0.14828157 0.18852518
v 0.45612216 0.16458026 0.20796058
v 0.40731975 0.18876193 0.17838977
v 0.44323754 0.20506062 0.19782515
v 0.36715227 -0.19748269 0.15730837
v 0.10489223 -0.45483136 0.02868847
v 0.17181024 -0.43110913 0.04680821
v -0.10209794 -0.17778006 0.03817591
v -0.05888485 -0.23140255 0.05256454
v 0.09053350 0.59791589 0.11481973
v 0.09115388 0.59640491 0.11571975
v -0.01122963 0.15800261 -0.05506357
v 0.11112685 0.54976618 0.02756888
v 0.10354298 0.56823957 0.02176263
v 0.10157261 0.57224560 0.07262852
v 0.09572378 0.58716750 0.02358850
v 0.09201846 0.59472501 0.11768816
v 0.08876744 0.60388929 0.03297631
v 0.08607907 0.60932893 0.10412537
v 0.08396372 0.61531615 0.04740763
v 0.08249688 0.61828822 0.08596960
v 0.08183513 0.62019986 0.06567055
v 0.09000904 0.60029465 0.11826101
v 0.09039323 0.59937477 0.11931207
v 0.22547477 0.36672398 0.22948556
v 0.17895351 0.33740693 -0.06859340
v 0.08910702 0.60358292 0.12084727
v 0.08928523 0.60317051 0.12177612
v 0.03864801 0.72740072 0.04626333
v -0.10885568 -0.79377514 -0.05313338
v -0.11822131 -0.82026154 -0.05535845
v 0.45026547 0.12132076 0.20532104
v 0.41510332 0.23179144 0.17766134
v 0.24634506 0.36784768 0.07104711
v 0.24877855 0.38589254 0.07112322
v 0.09074407 0.60571945 -0.18275397
v 0.26861784 0.33232668 0.09388713
v 0.12063991 0.53358507 -0.19078475
v 0.44350269 0.11935297 0.20140035
v 0.45655012 0.12527367 0.20846049
v 0.40897840 0.22781928 0.17424259
v 0.42202580 0.23374009 0.18130267
v 0.09172135 0.59927487 0.11435026
v 0.09296211 0.59625274 0.11615026
v 0.09098043 0.60122311 0.11772040
v 0.07235344 -0.49430203 0.01311459
v 0.20692155 -0.50646675 0.04127875
v 0.09174880 0.59938353 0.11982238
v 0.10066767 -0.26899660 0.06864358
v 0.19682559 0.35843480 0.08477233
v 0.42500016 -0.10026010 0.19536705
v 0.08984669 0.60412329 0.12037195
v 0.11106631 -0.28919134 0.07241862
v 0.09020328 0.60329813 0.12222975
v 0.08844934 0.60766435 0.12260007
v 0.19724131 0.36280134 0.12404244
v -0.15459269 -0.16672638 0.01818620
v 0.23588070 0.39145750 0.05029947
v 0.01509736 -0.61320478 -0.01523042
v 0.15182164 -0.66677433 0.01005552
v 0.09076480 0.60425085 0.12082563
v 0.09094298 0.60383832 0.12175453
v 0.26793727 0.39613047 0.07889860
v 0.18753797 0.33539820 0.01528155
v 0.09233597 0.60123187 0.11823076
v 0.09272014 0.60031199 0.11928177
v 0.09352953 0.59912282 0.11478077
v 0.09414991 0.59761178 0.11568075
v 0.29608998 0.26493236 0.12250826
v 0.03174518 0.21212262 -0.04288562
v 0.18731166 0.35847291 -0.13727970
v 0.19876248 0.36082476 0.10409395
v 0.23969713 0.39785585 0.05172366
v 0.15585174 0.45429015 -0.18235019
v 0.12457167 0.52418017 0.22287966
v 0.07965332 0.29512531 -0.02164540
v 0.01812297 -0.72872263 -0.02685911
v -0.19442870 -0.13816056 0.00884781
v 0.45083520 -0.01691440 0.20735702
v -0.07267905 -0.18823202 0.04031848
v 0.02847379 -0.09666701 0.03455910
v 0.26788649 0.40655497 0.07658042
v 0.40865433 0.08027973 0.18093789
v 0.16637425 0.43928576 0.13919413
v 0.14657082 -0.47215444 0.02954722
v 0.12218798 -0.41405523 0.03482207
v -0.02579038 -0.22204299 0.04431289
v -0.06268798 -0.18050449 0.03974166
v 0.02705580 -0.72543448 -0.02499428
v 0.06081658 -0.74543905 -0.01777323
v 0.29812211 0.27727935 0.12207904
v 0.22079168 0.38117433 0.22685662
v 0.28503421 0.28917578 0.10781172
v 0.27384621 0.29558861 0.08959644
v 0.07150890 0.66031188 0.09923429
v 0.05170742 -0.52761674 -0.00041663
v 0.19652098 -0.56374681 0.02775603
v 0.23250711 0.31229293 0.06206934
v 0.03289199 -0.56764102 -0.00969801
v 0.17722028 -0.61610991 0.01711682
v 0.12003238 0.54323655 0.12377855
v -0.12902263 -0.18461072 0.02373437
v 0.02942414 -0.20352037 0.05410865
v 0.07320496 0.65721774 0.09489257
v 0.29002970 0.32580620 0.13119750
v 0.05279131 0.70776838 0.06933406
v 0.07631413 -0.76548046 -0.01671793
v 0.30687562 0.29775816 0.12562495
v 0.28953758 0.32744297 0.10667915
v 0.04462398 -0.73524797 -0.02404944
v 0.09508166 0.60722333 0.03426175
v 0.08867705 0.62229234 0.06446727
v 0.07388123 0.65826780 0.09095799
v 0.45745623 0.06766325 0.20601936
v 0.04851452 -0.23214699 0.05741946
v 0.28029370 0.38827363 0.08964031
v 0.10411692 -0.46304086 0.01878781
v 0.18568145 -0.44804317 0.03768383
v 0.12799928 -0.97251326 -0.00460463
v 0.06812888 0.67302376 0.09776717
v 0.07361567 0.66075063 0.08893769
v 0.21989155 0.38762915 0.22170761
v -0.16363007 -0.11974824 0.00895549
v 0.29400620 0.32317546 0.13390663
v 0.06792908 0.67600352 0.09399112
v 0.12207532 0.54487365 0.11597422
v -0.19300675 -0.06750182 0.00056362
v 0.07652049 0.65994644 -0.17547718
v -0.07880060 -0.85446686 -0.05424574
v 0.30460888 0.32701522 0.11824687
v 0.30433232 0.32363287 0.11787775
v 0.16174619 0.44872031 0.23509064
v 0.04670281 -0.74631244 -0.02626829
v 0.19021536 0.37198728 -0.17829031
v -0.17511357 -0.02451794 -0.00082927
v 0.06961697 0.67500460 0.08895796
v 0.01712665 -0.42402795 0.01277218
v 0.17977463 0.40629038 -0.19497997
v 0.07120875 0.67147231 0.08754055
v 0.16086161 -0.36434677 0.04802565
v 0.14547223 0.49134600 0.12208376
v 0.16861136 0.43376356 0.22244401
v 0.20189309 0.36359909 0.03128273
v 0.08754511 0.63286042 0.09711876
v -0.02556606 0.91078371 -0.13549156
v -0.03049182 0.92074913 -0.00503265
v 0.06636844 -0.23642693 0.05852212
v 0.16735752 0.44310066 -0.20597261
v 0.14287788 -0.44187146 0.02679545
v -0.08578728 -0.20279801 0.03483841
v 0.02396750 -0.66714811 -0.02779580
v 0.10524351 -0.70802605 -0.01226348
v 0.12592462 0.54051894 0.10708796
v 0.12784672 0.32914424 -0.00416977
v 0.22002810 0.38937593 0.21562412
v 0.17824696 -0.90613919 0.00302997
v 0.19086254 -0.90774226 0.00591694
v 0.17246908 0.42749262 0.19827811
v 0.09130701 0.27242479 -0.02184607
v 0.22397713 0.38113797 0.21377324
v 0.09637809 -0.79122233 -0.01684117
v 0.19840124 0.34201798 -0.15396293
v 0.07836650 0.65873891 0.09097780
v 0.06828404 0.68336326 0.08200004
v 0.15534121 0.47022849 0.23856008
v 0.08476002 -0.44895384 0.01537594
v 0.16692060 -0.41606927 0.03688214
v 0.04547482 -0.22214235 0.05181046
v -0.15623553 -0.01910015 -0.00073083
v 0.09128618 0.62929273 0.08901072
v 0.03896924 0.76068759 -0.11906586
v 0.03420957 0.77032608 0.00637704
v 0.20552301 0.36342230 0.04998196
v 0.09990684 0.61129159 0.03784022
v 0.09500494 0.62282479 0.06095846
v -0.15027077 -0.03103221 0.00133026
v 0.22414999 0.37344450 0.19911243
v 0.10777129 0.59352911 0.02604112
v 0.09555115 0.62228090 0.08367375
v 0.21886824 0.36979318 0.18212853
v 0.17808490 0.42620158 0.16959031
v -0.04794492 -0.21578760 0.03663796
v 0.05320792 -0.12422271 0.03087858
v -0.09591443 -0.16352662 0.02500843
v 0.00523842 -0.07196173 0.01924900
v 0.10377379 0.60247082 0.11335073
v 0.10439252 0.60095930 0.11425101
v 0.07600023 -0.24387392 0.05994218
v -0.00163901 -0.75603968 -0.04260460
v 0.44572875 0.12494725 0.18730485
v 0.42108992 0.16755664 0.17028743
v 0.45732340 0.18399853 0.18989366
v 0.02515093 0.79940701 -0.12055876
v 0.02054666 0.80872893 0.00094112
v 0.21089935 0.36645308 0.16320311
v 0.00509176 0.84656310 -0.00265216
v 0.00968219 0.83727419 -0.12391464
v 0.19492479 -0.89820451 0.00257226
v 0.14985611 0.49269608 0.23684640
v -0.02390553 0.91954708 -0.13118558
v -0.02846301 0.92876738 -0.01048124
v 0.10498155 0.60360837 0.11249933
v 0.10621893 0.60058546 0.11429979
v 0.09457433 0.62937993 0.07749827
v 0.10433080 0.60515219 0.11655643
v 0.12650703 0.55028605 0.19246812
v 0.10482703 0.60426915 0.11759182
v -0.05358942 -0.77100086 -0.05558697
v 0.15564641 0.48700750 -0.21545437
v 0.43435219 0.13484991 0.17845200
v 0.46679747 0.14957279 0.19600834
v 0.41303846 0.20181249 0.16168588
v 0.44548377 0.21653537 0.17924228
v 0.18276112 0.42786232 0.14094491
v 0.20998865 0.36209643 0.06711004
v 0.09509475 -0.29282486 0.06440346
v 0.10526090 0.60589039 0.11572704
v 0.11446476 -0.82148904 -0.01782456
v 0.12674747 0.55342418 0.17531057
v 0.10625338 0.60412425 0.11779770
v 0.10444077 0.60872072 0.11891655
v 0.12576219 -0.45789775 0.01415489
v 0.16791514 -0.45064631 0.02402189
v 0.14616832 -0.95226181 -0.01003271
v 0.15169902 -0.92232120 -0.00889935
v 0.21851206 -0.95812416 0.00650862
v 0.21758153 -0.92699969 0.00616178
v 0.10680794 0.60323483 0.11254807
v 0.10742671 0.60172307 0.11344830
v 0.10477213 0.60835797 0.11982416
v 0.05572620 -0.22415490 0.04570016
v 0.23835649 0.37615222 0.21187559
v 0.21959968 0.40097129 0.20949042
v 0.07511833 -0.27518108 0.06223589
v -0.11040216 -0.23565809 0.01273773
v 0.17103767 -0.96245408 -0.00453130
v 0.18640909 -0.96392304 -0.00101573
v 0.11114423 -0.29265627 0.06077646
v 0.21312238 0.36467746 0.14304319
v 0.12427214 0.56018662 0.20883992
v 0.10250846 0.61547422 0.04316685
v 0.09985554 0.62171608 0.05567838
v 0.13055287 0.54520875 0.20771074
v 0.12488643 0.55968881 0.19281989
v 0.10511454 0.60911322 0.11824079
v 0.10668737 0.60574532 0.11593302
v 0.08807034 -0.29472443 0.05503618
v 0.10718355 0.60486233 0.11696830
v 0.11944934 0.57663900 0.02500090
v 0.10331487 0.61460060 0.10109413
v 0.10577734 0.60838807 0.12005587
v 0.42865637 0.16988702 0.17027169
v 0.09582575 -0.49436852 0.00099263
v 0.19069982 -0.50311661 0.02081873
v 0.05504394 -0.24511679 0.05371710
v 0.10197476 -0.29363018 0.05626741
v 0.23328763 0.33475462 0.03507658
v 0.10611965 0.60914332 0.11847239
v 0.10249039 0.61913502 0.04943084
v 0.21385436 0.36053124 0.08501437
v 0.10469577 0.61297429 0.12033223
v 0.10645106 0.60878068 0.11937995
v 0.21473739 0.36326686 0.12417728
v 0.12568678 0.56121552 0.22398379
v 0.21817958 0.40554148 0.20478690
v 0.17880487 -0.91140610 -0.00495489
v 0.19198395 -0.91300642 -0.00193928
v -0.08266294 -0.20055901 0.02610467
v 0.04080161 -0.08879714 0.01907484
v 0.13280109 0.54498142 0.22322896
v 0.03906091 -0.61915177 -0.02800744
v 0.13600358 -0.65735668 -0.01011739
v 0.17302883 -0.94907933 -0.00667810
v 0.18732539 -0.95034164 -0.00340884
v 0.21534690 0.36132607 0.10431012
v -0.02301248 -0.38629329 0.00398502
v 0.12853138 0.55895633 0.03111211
v 0.11087741 0.60049307 0.11437149
v 0.12680872 0.56127316 0.17766646
v 0.13407417 -0.32610303 0.04252883
v 0.14542621 0.51562893 0.23146629
v 0.14179838 0.53146583 -0.22017708
v 0.14745858 -0.45392242 0.01599507
v 0.17532191 -0.93122751 -0.00675622
v 0.18886265 -0.93247586 -0.00365954
v 0.04667671 -0.67562568 -0.03325697
v 0.09007619 -0.69632041 -0.02494076
v 0.21040908 0.23752832 0.03779714
v 0.10109798 0.62914628 -0.03840777
v 0.31949851 0.31454214 0.17345712
v 0.13448618 -0.85252619 -0.01781601
v 0.15678935 -0.87560350 -0.01255649
v 0.30220002 0.31421471 0.10087070
v 0.07549397 0.69518328 -0.16485518
v 0.18525748 0.42363769 0.19921191
v 0.18499547 0.42416778 0.20615131
v 0.18367007 0.42756206 0.19419231
v 0.18305871 0.42879891 0.21038434
v 0.17331418 0.45270246 0.19188091
v 0.17270282 0.45393938 0.20807296
v 0.41541690 0.19114415 0.15731652
v 0.10497810 -0.44006032 0.01104039
v 0.14821352 -0.42274183 0.02218191
v 0.03541759 -0.77093816 -0.04188637
v 0.21912649 0.40594450 0.19824176
v 0.13899289 0.53692895 0.22046416
v -0.11219888 -0.23905370 0.00808968
v 0.33272004 0.30769736 0.15015088
v 0.39092806 0.17866790 0.14283995
v 0.40398994 0.19284622 0.14933477
v 0.44795960 0.13498923 0.17799257
v 0.46249342 0.14158447 0.18585688
v 0.42441630 0.20895649 0.15947269
v 0.43642917 0.21761934 0.16907576
v 0.12690932 0.57580632 -0.21791470
v 0.06250450 0.72885203 -0.00173834
v 0.29769975 0.33294255 0.19626199
v 0.24434026 0.37779197 0.20880270
v 0.22530743 0.40275136 0.20665351
v 0.06929497 -0.68556863 -0.03227633
v 0.06168447 0.73304576 -0.05537291
v 0.38538584 0.22845827 0.13713786
v 0.07684173 -0.53088886 -0.01353234
v 0.17950612 -0.55649030 0.00638600
v 0.23465422 0.37663600 0.19618815
v 0.22168832 0.40190381 0.19421317
v 0.09040670 0.66179800 0.09865834
v 0.08904828 0.66508645 0.10288349
v 0.05800674 -0.57249296 -0.02301258
v 0.15963626 -0.60771704 -0.00427964
v 0.06478873 0.72839743 -0.17715298
v 0.05543823 0.74731481 0.07046497
v 0.07144926 0.70894718 0.04557448
v 0.07856110 -0.25355455 0.04034893
v -0.09911923 -0.28022245 0.01043175
v 0.45588148 0.13839898 0.18062022
v 0.43246409 0.21197067 0.16219939
v 0.12845983 0.56982797 0.19309717
v 0.12791532 0.57109821 0.20884410
v 0.18788376 -0.97315907 -0.00850555
v 0.09111032 0.66262645 0.09400594
v 0.11697781 0.60129112 0.03286888
v 0.10762494 0.62329674 0.07697900
v 0.12626545 -0.43090725 0.01338838
v -0.05556828 -0.34350002 -0.00013688
v 0.10738530 -0.28921881 0.03935388
v 0.25839794 0.38541904 0.04421166
v 0.18513703 0.33471012 -0.01618143
v 0.13161896 0.56343663 0.23121198
v -0.10926973 -0.22979829 0.00529954
v 0.12954265 0.56986195 0.18153116
v 0.13848996 0.54744816 0.23188774
v 0.28575048 0.33914793 0.07297885
v 0.12848739 0.57198936 0.22162165
v 0.26925558 0.34790826 0.05695399
v 0.26352760 0.35854775 0.21916930
v 0.08642719 -0.95362073 -0.03299950
v -0.12285293 -0.18622255 0.00979535
v 0.01991058 -0.21482974 0.02994616
v 0.09119095 0.66526103 0.09171742
v 0.21556443 -0.98000002 -0.00345304
v 0.29638776 -0.97125280 0.01496111
v 0.20376667 -0.96930617 -0.00619264
v 0.30676135 -0.95826447 0.01727326
v 0.30478325 -0.93630451 0.01672685
v 0.29244950 -0.92633873 0.01386798
v 0.20273094 -0.92259264 -0.00663079
v 0.21291272 -0.91022915 -0.00435974
v 0.25116315 -0.90615058 0.00435521
v 0.18778755 0.42968580 0.19884542
v 0.18752556 0.43021601 0.20578480
v 0.17743166 0.45482627 0.19653402
v 0.17716967 0.45535651 0.20347342
v 0.23817132 0.37775674 0.20193315
v 0.22586940 0.40313941 0.20010497
v 0.13746697 0.55382383 0.11739321
v 0.18704198 0.31713408 -0.00917161
v 0.33709520 0.30939987 0.13081136
v 0.13831548 0.55225325 0.12586194
v -0.06311095 -0.22234136 0.02319529
v 0.06035360 -0.11057950 0.01616546
v -0.09597893 -0.18211509 0.01373008
v 0.02243438 -0.06926796 0.00697249
v 0.04538791 0.77895337 0.06718976
v 0.05470264 0.76010871 -0.17947702
v 0.07046812 0.72104806 -0.11452315
v 0.24816744 0.35814497 0.03536998
v 0.08669624 0.67915344 0.10175527
v 0.10889879 0.63080943 -0.21059901
v 0.13718502 0.55684310 0.14626218
v 0.06095039 -0.22866359 0.03477792
v 0.14448088 0.53815579 0.22896773
v 0.24716973 0.37378305 0.03156984
v 0.25802988 0.39584264 0.03971345
v 0.25143978 0.38789016 0.03410389
v 0.07592035 -0.80156016 -0.03854984
v 0.07659351 0.70979452 -0.18681163
v 0.23606178 0.22683951 0.04465281
v 0.10690624 0.63407546 -0.01081647
v 0.19210111 0.24734043 0.01810324
v 0.10898656 0.62986672 -0.06591340
v 0.28634855 0.32877475 0.07549470
v 0.25464103 0.39427000 0.03619882
v 0.14707200 0.53358829 0.22453795
v 0.19295125 0.32479638 -0.01437692
v 0.03805513 -0.41285396 0.00084327
v 0.14147122 0.54963177 0.10776545
v 0.13784873 -0.37242261 0.02542285
v 0.25808483 0.37257329 0.22964758
v 0.28895366 0.38008264 0.06171013
v 0.12098025 -0.49523821 -0.00445517
v 0.16998541 -0.49987069 0.00577395
v 0.13764030 0.55893618 0.16491741
v 0.08699936 0.68273258 0.09784997
v 0.19637117 -0.90821260 -0.01106671
v 0.09254155 0.67459834 -0.20181096
v 0.08953389 0.67752856 0.09037792
v 0.05561418 -0.21777822 0.03243934
v 0.37356624 0.21220319 0.12541576
v 0.13221979 0.57317835 0.22683722
v 0.08846062 0.68151635 0.09194831
v -0.04794886 -0.87186784 -0.06843316
v 0.13562302 0.56665397 0.16897564
v 0.06492884 -0.62722993 -0.03407741
v 0.11519708 -0.64705008 -0.02479018
v -0.13219284 -0.24218801 -0.00284410
v 0.06948661 0.73225826 -0.15600318
v 0.10778519 0.63687283 0.10130088
v 0.19048971 -0.95221657 -0.01409974
v 0.25249714 0.38570106 0.23060998
v 0.25051764 0.38442594 0.21796694
v 0.19273274 -0.93249828 -0.01431902
v 0.30379492 0.32322568 0.08867673
v 0.11099981 0.63167095 0.09301359
v 0.24853233 0.39193556 0.22649083
v 0.32866415 0.31565350 0.11453201
v 0.24542812 0.39320335 0.22078222
v 0.22336201 0.36724627 0.02980014
v 0.24542293 0.37985787 0.20421024
v 0.25264162 0.38052151 0.21097445
v 0.23300000 0.40532935 0.20252883
v 0.23572510 0.40587872 0.20934454
v 0.19357558 0.43207350 0.19888163
v 0.19331355 0.43260354 0.20582101
v 0.18321966 0.45721388 0.19657017
v 0.18295766 0.45774400 0.20350957
v 0.06509148 0.74831921 -0.11539071
v 0.14628063 -0.49710503 -0.00282755
v 0.10390728 -0.83168608 -0.03683514
v 0.12194175 0.60927194 0.04303221
v 0.11687995 0.62118149 0.06690443
v 0.13160491 0.58688736 0.03401564
v 0.11925614 0.61594194 0.09225487
v 0.13596182 0.57440317 0.17610049
v 0.26824406 0.37516269 0.20181400
v 0.09102383 -0.63675869 -0.03295632
v 0.31835163 0.31980583 0.10113930
v 0.06105421 0.76105160 -0.06021044
v 0.32952532 0.35139552 0.17084026
v 0.34134054 0.27792212 0.11967470
v -0.09048234 -0.83258361 -0.08295195
v 0.22652979 0.36730900 0.04859915
v 0.34500435 0.34316501 0.15047958
v 0.13630725 0.57664073 0.19194223
v 0.13569447 0.57790428 0.20821020
v -0.07958941 -0.80251235 -0.08108758
v 0.10395879 -0.53581268 -0.01959126
v 0.15710808 -0.54919201 -0.00930302
v -0.08158110 -0.24764057 0.00648388
v 0.14720581 0.55113310 0.23654987
v 0.13599914 0.57879215 0.22120386
v 0.08545665 -0.57944775 -0.02924311
v 0.13720383 -0.59850293 -0.01985270
v 0.19199537 0.44364706 0.22249269
v 0.12190738 0.61625642 0.05498393
v 0.14097698 0.56740558 0.23472790
v 0.21260890 0.22267801 0.02268776
v 0.10930493 0.64876521 -0.03959648
v 0.19578727 0.43605536 0.19860230
v -0.01841618 -0.78321576 -0.06849723
v 0.23245630 0.36716580 0.14490239
v 0.11593695 0.63171530 0.08085949
v -0.16351683 -0.21986540 -0.01276164
v 0.22954939 0.36598641 0.06627669
v 0.14183158 0.57017016 0.04097585
v 0.12831989 0.60196066 0.10469984
v 0.45636198 0.17687091 0.16430750
v 0.05601757 -0.93667156 -0.05087988
v 0.13866407 0.57582772 0.22894475
v 0.15353833 0.54008323 0.23289618
v 0.18747498 0.45835081 0.23389582
v 0.24959271 0.38096759 0.19914064
v 0.25850362 0.38210949 0.21469097
v 0.23624828 0.40644071 0.19750918
v 0.24190035 0.40763009 0.21330290
v 0.23594373 0.41113037 0.20175087
v 0.23825260 0.41164187 0.20852807
v 0.19962978 0.42956623 0.19930169
v 0.19936775 0.43009636 0.20624109
v 0.19804238 0.43349063 0.19428207
v 0.19743101 0.43472746 0.21047412
v 0.18768649 0.45863101 0.19197065
v 0.18707509 0.45986784 0.20816270
v 0.23324248 0.36521268 0.12497503
v 0.23205119 0.36409977 0.08432878
v 0.06520458 0.75877690 0.00187496
v 0.20056123 0.43355724 0.16904113
v 0.33498415 0.26021355 0.11179704
v 0.01660145 -0.25216189 0.02108150
v 0.23335376 0.36362353 0.10405201
v 0.33666155 0.27250993 0.11217021
v -0.07831088 -0.23632947 0.00400984
v 0.21760795 -0.96852320 -0.01508287
v 0.29794574 -0.95988029 0.00322083
v 0.29606870 -0.93813044 0.00269845
v 0.21576783 -0.92167562 -0.01570521
v 0.25447610 -0.91769725 -0.00688531
v -0.07875600 -0.24016994 0.00405450
v 0.02491347 -0.24430363 0.02141703
v 0.12945782 -0.86422461 -0.03624488
v 0.10625918 0.66084307 0.09644040
v 0.18065198 0.47846574 0.23728231
v -0.04907315 -0.21238773 0.00611228
v -0.00096702 -0.21401170 0.01409938
v 0.01548628 -0.24058314 0.01896143
v 0.13717984 -0.96202582 -0.03418766
v 0.15768628 0.53479463 0.22545581
v -0.14613689 -0.19460127 -0.01308090
v 0.13146891 -0.54208010 -0.01813560
v 0.16398619 0.52053756 0.23135518
v 0.11140010 -0.58922601 -0.02852916
v 0.17235246 0.50077486 0.23565631
v 0.15441731 -0.88925743 -0.03135446
v 0.07299007 0.74482667 0.04759203
v -0.04900367 -0.24969381 0.00813452
v 0.45257625 0.16271664 0.15964639
v 0.44366708 0.18452680 0.15662788
v 0.46983737 0.17110257 0.16894875
v 0.46029109 0.19342625 0.16635633
v -0.01369329 -0.25098422 0.01365161
v -0.02833946 -0.23880997 0.01495307
v 0.07281339 -0.14724496 0.00919369
v -0.10984559 -0.15003254 -0.00536080
v -0.01027226 -0.05672634 -0.01094928
v 0.06204814 -0.40176433 -0.00391640
v 0.11296345 -0.38146472 0.00857802
v 0.20796899 0.34443218 -0.08459774
v 0.00299187 0.92072445 -0.15531664
v -0.00344414 0.93374509 0.01513986
v 0.20688029 0.43495274 0.13901535
v 0.10725044 0.66423643 0.10164003
v 0.00004554 -0.37491855 -0.00938995
v -0.04841593 -0.23790872 0.00614029
v 0.11000075 -0.33469316 0.01689968
v 0.10608958 0.66797036 0.10492869
v -0.01396661 -0.23916124 0.01149310
v 0.21069606 0.33475545 -0.01963719
v 0.23127463 0.21490052 0.02767616
v 0.11353123 0.65235186 -0.01952020
v 0.19928740 0.22981764 0.00835782
v 0.11504494 0.64928949 -0.05961049
v 0.10825430 0.66463315 0.09628951
v 0.06727631 0.76819420 -0.13793895
v 0.06108128 0.78073001 0.02596545
v -0.01113536 -0.89318550 -0.07216710
v 0.31158015 0.29187861 0.08204111
v -0.19800293 -0.14071429 -0.02504591
v 0.44236279 0.16920729 0.15016183
v 0.46633968 0.15802574 0.16464236
v 0.44727889 0.19977339 0.15844072
v 0.47608235 0.18385155 0.16845259
v -0.02409755 -0.21326730 0.00605566
v 0.14881618 0.56905431 0.11702167
v 0.10803278 0.66830707 0.09362151
v 0.05234906 0.80716515 -0.13892500
v 0.04634726 0.81930947 0.01990765
v 0.43563446 0.16605438 0.14579822
v 0.47105160 0.18212596 0.16496272
v 0.03064635 0.85765266 0.01617967
v 0.03663117 0.84554380 -0.14224350
v 0.33094418 0.32512555 0.09652761
v 0.33475128 0.29749528 0.10100575
v 0.00251863 0.92874581 -0.14952353
v -0.00343579 0.94079214 0.00817811
v 0.13815880 0.59742469 0.04743447
v 0.13147575 0.61314875 0.07895331
v 0.34264502 0.31466967 0.11057989
v 0.28257599 0.29728550 0.05370403
v 0.44129246 0.15144068 0.14933798
v 0.47545269 0.16694169 0.16782236
v 0.43183059 0.18116745 0.14189497
v 0.46215332 0.20039803 0.16387470
v -0.16843359 -0.11774622 -0.02448326
v 0.12686275 0.62558585 0.09881060
v 0.12472449 0.63072854 0.10714184
v 0.08739289 -0.39123201 -0.00129443
v 0.07975247 -0.23485208 0.02295834
v 0.14975730 -0.91542524 -0.03752016
v 0.07534391 -0.26082730 0.02907862
v 0.02113409 -0.91328835 -0.06751883
v 0.25038981 0.30966976 0.01902537
v 0.15259849 0.56601846 0.10658860
v 0.08846650 0.72278339 0.07233118
v 0.10487285 0.68254358 0.10402230
v 0.11096352 0.66863930 0.10279646
v 0.15122882 0.57099390 0.12493890
v 0.14512379 -0.93625563 -0.04027423
v -0.07340531 -0.27907476 -0.00513205
v 0.10427888 0.68657100 0.10015611
v 0.46974528 -0.06096931 0.16959105
v 0.44736195 -0.06432865 0.15649645
v 0.48879457 0.06630908 0.17911313
v 0.46660694 0.05003749 0.16517647
v 0.05880916 -0.25891092 0.01322344
v 0.11179493 0.66891938 0.09754260
v 0.10692442 0.68106985 0.09251305
v -0.19641228 -0.06369200 -0.03580765
v 0.13811345 0.60664642 0.06321454
v 0.10568058 0.68541843 0.09401108
v -0.02890954 -0.33386764 -0.01512687
v 0.14900275 0.58169973 0.05565852
v 0.14169031 0.59890467 0.09014566
v 0.01526721 -0.19403759 0.00620660
v 0.07585145 -0.12877835 -0.00097616
v -0.11113922 -0.17008781 -0.01002415
v 0.01017340 -0.05722458 -0.01689887
v 0.06220765 -0.23885071 0.01842857
v 0.08189257 -0.29826400 0.01220863
v 0.06164093 -0.25810143 0.02452838
v 0.02245555 -0.80107051 -0.07138726
v 0.07382967 -0.29387671 0.03028862
v 0.45234057 0.15036231 0.15049680
v 0.43689981 0.18976615 0.14412975
v 0.48423499 0.16585752 0.16768527
v 0.46634483 0.20734628 0.16311802
v 0.26218554 0.21813805 0.03683325
v 0.12485506 0.64333385 0.00946725
v 0.19305903 0.24997206 -0.01261839
v 0.12845834 0.63604420 -0.08596336
v -0.15406661 -0.03509594 -0.03399965
v -0.17648076 -0.02114831 -0.03909621
v 0.11320212 -0.31215301 0.03033064
v 0.47500929 -0.04485141 0.17015716
v 0.46574119 -0.07765094 0.16501911
v 0.45507285 -0.04492810 0.15877096
v 0.44527572 -0.07732961 0.15370154
v 0.48762119 0.07690175 0.17515530
v 0.48966059 0.04813192 0.17662348
v 0.46900657 0.07101129 0.16490810
v 0.46869111 0.03694192 0.16431575
v 0.45457965 0.14713435 0.15129432
v 0.47220337 0.15513153 0.16083062
v 0.43710124 0.19559754 0.14311728
v 0.45165342 0.20648117 0.15530758
v 0.47599617 -0.06232368 0.16989686
v 0.44266269 -0.06448917 0.15100238
v 0.49535868 0.06782661 0.17977495
v 0.46218160 0.04745179 0.15969859
v -0.15905482 -0.02037712 -0.03721936
v 0.09081045 -0.30501217 0.02519808
v 0.09425833 -0.30975744 0.03238877
v 0.13306062 0.62453157 0.08784477
v 0.18967342 0.50578535 0.12513974
v 0.10442376 -0.30822414 0.02642722
v 0.27071711 0.34409079 0.02907182
v 0.21157457 0.45017052 0.13754053
v 0.10957040 0.68346184 0.10179881
v 0.12384936 -0.88831776 -0.04957780
v 0.44214517 0.15779354 0.14170873
v 0.46612209 0.14661197 0.15618932
v 0.43725446 0.17650986 0.13763273
v 0.48155808 0.15584905 0.16438939
v 0.44111332 0.19999960 0.14415739
v 0.48901474 0.17561503 0.16730559
v 0.45343566 0.21209808 0.15495341
v 0.48200345 0.19645387 0.16525091
v 0.34224418 0.32860395 0.17923190
v 0.11050661 0.68251240 0.09576322
v 0.25914180 0.35556066 0.01476228
v 0.26645479 0.38261244 0.02125255
v -0.05141751 -0.24175651 -0.00406138
v 0.14951010 0.58863962 0.11368097
v 0.00142327 -0.24354701 0.00460214
v 0.48035577 -0.04874444 0.16963668
v 0.47320095 -0.07616691 0.16648357
v 0.45057598 -0.04563167 0.15376301
v 0.44097430 -0.07592971 0.14865953
v 0.49428976 0.07747627 0.17616944
v 0.49684581 0.05313733 0.17818969
v 0.46511528 0.06824429 0.16010907
v 0.46411964 0.03577882 0.15898937
v 0.35822496 0.31239694 0.15380777
v 0.29540578 0.33670694 0.05055007
v 0.14895312 0.59178996 0.07292454
v 0.32075953 0.35020593 0.20236398
v 0.14077903 0.61117017 0.10681888
v 0.25821850 0.37195742 0.01083753
v 0.36603844 0.30428964 0.12913539
v 0.26032674 0.38544643 0.01201917
v 0.46513408 0.15055571 0.15332618
v 0.44606793 0.20115088 0.14626631
v 0.15968832 0.56652522 0.14722617
v 0.26255178 0.39115205 0.01397510
v 0.26530841 0.39258698 0.01722193
v 0.10766462 0.69408959 0.08799153
v -0.09323571 -0.25731772 -0.01203276
v 0.14064603 0.61482483 0.11592319
v 0.15026031 0.59148544 0.12225129
v 0.15415166 0.58161151 0.17422588
v 0.16224837 0.56280881 0.12895200
v 0.30474097 0.32747304 0.05876540
v 0.15737472 0.57519734 0.16685633
v 0.06638530 -0.82950777 -0.06703454
v 0.10269489 -0.94338566 -0.05766619
v 0.02624976 -0.36396840 -0.01476266
v 0.15371022 0.58483845 0.19119956
v 0.15366602 0.58628672 0.10346993
v 0.29676476 0.37338391 0.22201045
v 0.08233074 -0.34422472 -0.00166139
v 0.24336849 0.37294677 0.00949477
v 0.16459517 0.55816764 0.23761962
v 0.09702055 -0.85860330 -0.06003929
v 0.15814602 0.57413262 0.23568599
v 0.36050525 0.30656981 0.11184264
v 0.15488663 0.58292371 0.22941370
v 0.15366548 0.58631831 0.20757966
v 0.15354383 0.58656234 0.22099778
v 0.02806035 -0.26164961 0.00687594
v 0.16150352 0.56846839 0.16391481
v 0.32120046 0.32141992 0.07199605
v 0.48065561 -0.03304615 0.16551337
v 0.46263841 -0.02973895 0.15603049
v 0.46482387 -0.09082554 0.15766525
v 0.44306675 -0.09198222 0.14532050
v 0.48882839 0.08561889 0.16795120
v 0.47021371 0.07972863 0.15770400
v 0.49294260 0.03465789 0.17130840
v 0.47223806 0.02505590 0.15947092
v 0.24525680 0.37324142 0.02905385
v -0.02372656 -0.24281076 -0.00380044
v 0.48099411 -0.06314702 0.16550548
v 0.44239315 -0.06588489 0.14362438
v 0.50064600 0.06814865 0.17555968
v 0.46233365 0.04468275 0.15241088
v 0.35655341 0.34381163 0.14042328
v 0.33357474 0.35710651 0.16686124
v 0.14608648 0.61002618 0.09575639
v 0.25028312 0.20856906 0.02198639
v 0.12659138 0.65908843 -0.00476107
v 0.19487964 0.23440638 -0.01147393
v 0.12921321 0.65378445 -0.07419952
v 0.36784416 0.33477101 0.11815712
v 0.27362692 0.39947981 0.22070375
v 0.34942731 0.31150809 0.09679738
v 0.24742641 0.37294137 0.04784792
v 0.27621356 0.39834452 0.22595142
v 0.43708783 0.16777419 0.13116308
v 0.48139146 0.14711317 0.15791972
v 0.44508240 0.21027236 0.14233688
v 0.49516949 0.18363594 0.16330807
v 0.28126875 0.39208162 0.22897805
v 0.27773577 0.39135116 0.21811762
v -0.04862865 -0.25906909 -0.00787741
v 0.30476260 0.37466443 0.19699216
v 0.25233305 0.36753163 0.10290528
v 0.35480580 0.33812231 0.10438864
v -0.01095557 -0.26020327 -0.00174460
v 0.17198595 0.54720533 0.23324440
v 0.33670565 0.31622812 0.08385392
v 0.48585987 -0.03698113 0.16621903
v 0.46081838 -0.02649439 0.15369900
v 0.47243774 -0.08820520 0.15983990
v 0.43865380 -0.08962547 0.14080656
v 0.49538976 0.08541845 0.16960593
v 0.46621519 0.07618627 0.15354556
v 0.49966031 0.03998096 0.17307658
v 0.46732974 0.02499713 0.15457952
v 0.48429850 -0.05286550 0.16528156
v 0.47890711 -0.07368030 0.16292919
v 0.45090201 -0.04780713 0.14773673
v 0.43994588 -0.07630930 0.14083691
v 0.49982935 0.07552191 0.17280465
v 0.50191176 0.05724668 0.17446889
v 0.46628076 0.06490562 0.15433641
v 0.46386632 0.03603344 0.15195104
v 0.24967590 0.37126315 0.06543920
v 0.21041939 0.45525485 0.22027931
v 0.25147963 0.36893532 0.08336523
v 0.21518087 0.44591635 0.19752008
v 0.05408543 -0.35383013 -0.01210439
v 0.22031915 0.44084260 0.16788283
v 0.13216105 0.64988834 0.10742701
v 0.20628972 0.46905306 0.23113030
v 0.11802931 -0.91262776 -0.05924508
v 0.17632203 0.54227346 0.22237629
v 0.18345144 0.52745372 0.22833142
v 0.22587577 0.44026369 0.13771808
v -0.04309492 -0.27807263 -0.01335100
v 0.01292571 -0.27482298 -0.00301535
v 0.19302449 0.50744563 0.23193021
v 0.20110442 0.48793450 0.23309775
v 0.45569101 0.14168876 0.13825166
v 0.43947759 0.18892896 0.12575032
v 0.49736300 0.16193424 0.16070953
v 0.47360244 0.21679030 0.15549289
v -0.03835716 -0.81534004 -0.09842592
v 0.48860228 -0.04369697 0.16289462
v 0.47838423 -0.08286584 0.15791595
v 0.45904151 -0.03299726 0.14791536
v 0.43908933 -0.08537516 0.13563968
v 0.50067019 0.08159244 0.16778743
v 0.50395471 0.04662886 0.17038909
v 0.46712169 0.07097625 0.14931919
v 0.46625909 0.02770139 0.14853792
v -0.00835471 -0.32344440 -0.01917160
v 0.05046562 -0.30792189 -0.00670820
v 0.44524053 0.14978015 0.13039570
v 0.46921739 0.13859861 0.14487629
v 0.43802890 0.18351249 0.12396656
v 0.49591428 0.15651777 0.15892582
v 0.43704870 0.19993146 0.13134940
v 0.49994969 0.16721494 0.16050404
v 0.46044502 0.22058707 0.14771815
v 0.48810232 0.20573831 0.15871453
v -0.04816178 -0.84977758 -0.10284860
v 0.14937240 0.62175316 0.11901804
v 0.48673213 -0.02557776 0.15774606
v 0.47067294 -0.01893088 0.14971986
v 0.46622175 -0.10019186 0.14794140
v 0.44474429 -0.10058163 0.13591518
v 0.49223256 0.09113383 0.15859756
v 0.47361776 0.08524327 0.14835025
v 0.49748516 0.02527813 0.16311817
v 0.47657287 0.01580731 0.15124299
v 0.16261224 0.59271008 0.12520798
v -0.01335099 -0.27631372 -0.01258934
v 0.43945697 0.16164093 0.12250439
v 0.48376057 0.14098011 0.14926104
v 0.43793872 0.17878453 0.12046514
v 0.49582410 0.15178981 0.15542440
v 0.43985990 0.20485264 0.12976886
v 0.50328082 0.17155600 0.15834060
v 0.44900331 0.21835855 0.13838513
v 0.50176257 0.18869960 0.15630136
v 0.49112320 -0.03073125 0.15891635
v 0.46539667 -0.02131972 0.14590913
v 0.47404888 -0.09639090 0.15122242
v 0.44049290 -0.09702053 0.13249061
v 0.49849162 0.09044351 0.16108264
v 0.46931696 0.08121123 0.14502224
v 0.50386059 0.03132594 0.16560784
v 0.47131246 0.01670194 0.14712483
v 0.02055092 -0.31577018 -0.01696670
v 0.07171446 -0.92528570 -0.07811292
v 0.49271113 -0.03883527 0.15735731
v 0.46268246 -0.02886459 0.14204662
v 0.47961697 -0.08925016 0.15128103
v 0.44070148 -0.09077350 0.12942988
v 0.50304258 0.08543525 0.16126908
v 0.46949390 0.07481896 0.14280084
v 0.50717390 0.03981046 0.16463143
v 0.46961665 0.02204182 0.14310506
v 0.33486179 0.37107921 0.17690609
v 0.31250650 0.38283730 0.20179456
v 0.26856202 0.41592211 0.19379142
v 0.27522251 0.41671488 0.20890607
v 0.26854938 0.42054966 0.19791932
v 0.27159131 0.42089096 0.20438984
v 0.22830869 0.44139624 0.19948089
v 0.22804667 0.44192627 0.20642027
v 0.22672130 0.44532043 0.19446129
v 0.22610994 0.44655728 0.21065332
v 0.21636541 0.47046092 0.19214989
v 0.21575402 0.47169775 0.20834194
v 0.43922079 0.17546521 0.11577913
v 0.49710619 0.14847049 0.15073834
v 0.44140473 0.21004502 0.12852827
v 0.50684887 0.17429630 0.15454856
v 0.08990703 -0.88496464 -0.07934222
v 0.33890018 0.37222663 0.17962477
v 0.33362156 0.37546721 0.18872637
v 0.27657691 0.41743332 0.19727506
v 0.27869898 0.41778186 0.20380457
v 0.23083878 0.44744435 0.19911440
v 0.23057677 0.44797438 0.20605378
v 0.22048289 0.47258484 0.19680300
v 0.22022085 0.47311485 0.20374240
v 0.00961071 -0.83196771 -0.10111628
v -0.00501293 -0.87239677 -0.10421367
v 0.05709906 -0.85499048 -0.09078816
v 0.03908355 -0.89880359 -0.09488005
v 0.49604887 -0.02946081 0.14988378
v 0.49652311 -0.03778349 0.15048076
v 0.49212205 -0.02421545 0.14782172
v 0.48993969 -0.06504770 0.14732924
v 0.47529000 -0.01892782 0.13921076
v 0.46962580 -0.02123141 0.13635980
v 0.48246893 -0.09191389 0.14405569
v 0.46634915 -0.02806336 0.13506128
v 0.47761452 -0.10002401 0.14167018
v 0.47015813 -0.10406125 0.13746983
v 0.44763520 -0.10573420 0.12451430
v 0.44266087 -0.09447871 0.12143911
v 0.44300207 -0.10187825 0.12199881
v 0.50312334 0.09178546 0.15189731
v 0.50658619 0.08646188 0.15424189
v 0.49731508 0.09260635 0.14851831
v 0.51008886 0.06493302 0.15724574
v 0.47870034 0.08671578 0.13827106
v 0.47394884 0.08255317 0.13583690
v 0.51100874 0.03725174 0.15790775
v 0.47303751 0.07584538 0.13577361
v 0.50872886 0.02775873 0.15671781
v 0.50278479 0.02140731 0.15335923
v 0.48127484 0.01094704 0.14104672
v 0.47275421 0.01831236 0.13586725
v 0.47553298 0.01216494 0.13778540
v -0.01911601 -0.25113016 -0.01892574
v 0.08203684 -0.15956527 -0.02468517
v 0.28178051 0.21375555 0.01643373
v 0.15013508 0.65444076 0.01700856
v 0.02299063 -0.19496083 -0.02052546
v 0.08314247 -0.13851734 -0.02775690
v 0.26454103 0.20538022 0.00714303
v 0.14498594 0.66717029 0.00072622
v 0.19609550 0.25330636 -0.03764900
v 0.15429577 0.64602321 -0.09318525
v 0.20056665 0.23521455 -0.03149363
v 0.14801337 0.66104537 -0.07945440
v -0.11505503 -0.14660820 -0.04218479
v -0.01390219 -0.05504320 -0.04794422
v -0.11616061 -0.16765599 -0.03911306
v 0.00730394 -0.05589424 -0.04614289
v -0.05555024 -0.26330453 -0.02459565
v -0.01540554 -0.26745901 -0.01876344
v 0.02484634 -0.27196616 -0.01268614
v -0.10021638 -0.25732586 -0.03121368
v 0.05523246 -0.27624738 -0.00746574
v -0.12899469 -0.24918391 -0.03588803
v 0.06575302 -0.28492841 -0.00321497
v -0.17130159 -0.21356621 -0.04322524
v 0.04600557 -0.25189871 -0.01169613
v 0.01928665 -0.24835838 -0.01600643
v -0.08348688 -0.23690277 -0.03134063
v -0.11282610 -0.23205411 -0.03582229
v -0.05146928 -0.24030529 -0.02652927
v -0.01495322 -0.24393383 -0.02122337
v 0.05926757 -0.25423148 -0.00902986
v -0.15234281 -0.19136608 -0.04412111
v -0.20112130 -0.13589363 -0.05408400
v 0.07160097 -0.30968410 0.00108427
v 0.05755779 -0.28269678 -0.00446694
v -0.16988754 -0.11713238 -0.05302489
v 0.09566194 -0.32313207 0.00409809
v -0.19618128 -0.05934423 -0.06307099
v -0.17570636 -0.01894860 -0.06613154
v 0.09318105 -0.31095824 -0.00108361
v -0.15425231 -0.04017650 -0.06125229
v 0.11474429 -0.32336247 0.00313518
v 0.10652488 -0.31406546 0.00043586
v -0.15857932 -0.02455328 -0.06393863
v 0.11855548 -0.30224633 -0.00038855
v -0.17040966 0.01379623 -0.07062803
v 0.10728868 -0.28200722 -0.00431539
v -0.15027434 0.00910391 -0.06833465
v 0.15423393 -0.32227808 0.00543378
v -0.17696050 0.04984582 -0.07655559
v 0.19715081 -0.33944839 0.01139792
v 0.18950407 -0.33074391 0.00948797
v 0.19144297 -0.30743918 0.00614325
v -0.14179809 0.07809540 -0.07982915
v 0.24100403 -0.32921767 0.01332340
v -0.14827310 0.11165145 -0.08722851
v 0.29414168 -0.30108920 0.01372820
v 0.25757945 -0.24778906 0.00287144
v -0.08344657 0.16951893 -0.10652779
v -0.05306669 0.15305680 -0.10442015
v -0.04361390 0.15858763 -0.12394197
v 0.34228855 -0.26601985 0.05507035
v -0.01021318 0.15796107 -0.13340847
v 0.39651436 -0.20703396 0.08841547
v 0.02050508 0.15039806 -0.12287239
v 0.39569589 -0.09143744 0.09656695
v 0.45597091 -0.11485079 0.12849069
v 0.02879826 0.19501781 -0.12623335
v 0.48567107 -0.03115453 0.14494799
v 0.06360450 0.20403948 -0.10772005
v 0.06993222 0.24890184 -0.10716346
v 0.44521579 0.07672494 0.11929114
v 0.49435091 0.05629318 0.14811198
v 0.11579553 0.26495293 -0.08202135
v 0.10933984 0.29002610 -0.08742673
v 0.47983989 0.12381807 0.13588370
v 0.46211740 0.13801645 0.12477518
v 0.45117769 0.14638740 0.11794507
v 0.47515461 0.13520575 0.13242562
v 0.44232613 0.16161913 0.11588251
v 0.48830462 0.13838319 0.13973176
v 0.46093616 0.15588592 0.12287919
v 0.42541140 0.17539911 0.10122322
v 0.47490692 0.15578672 0.13087855
v 0.44791213 0.17714375 0.13171920
v 0.43942770 0.17727189 0.11416561
v 0.49956548 0.14706530 0.14558113
v 0.45370692 0.18176398 0.13492389
v 0.44597343 0.18826777 0.12933312
v 0.40492907 0.20555782 0.09137705
v 0.48529613 0.16694006 0.13606061
v 0.43418407 0.19405587 0.11070483
v 0.44168478 0.19290449 0.11526088
v 0.50722283 0.15992989 0.14908347
v 0.44572926 0.19287504 0.11770594
v 0.15312895 0.32761163 -0.06494178
v 0.48155919 0.18085019 0.13682707
v 0.45509824 0.20014198 0.13492619
v 0.47077176 0.19765241 0.14030170
v 0.44397232 0.21190181 0.12498774
v 0.51011080 0.17501871 0.14970525
v 0.41513243 0.22819591 0.09954859
v 0.21110784 0.31742147 -0.05425671
v 0.36948353 0.25425303 0.08330099
v 0.45353907 0.22190335 0.13190334
v 0.50778991 0.19003461 0.14735211
v 0.21740851 0.32624730 -0.05548171
v 0.37103426 0.26708359 0.08499588
v 0.46754202 0.22377960 0.13774380
v 0.49567774 0.20811604 0.14779423
v 0.27118805 0.31139761 -0.00242194
v 0.30378541 0.29791164 0.02779376
v 0.21040209 0.33570608 -0.06119671
v 0.48200881 0.21935371 0.14376242
v 0.37950554 0.27174547 0.09157606
v 0.33869082 0.29133901 0.05769947
v 0.23252618 0.33821338 -0.04701387
v 0.35914698 0.29485804 0.07419204
v 0.26779485 0.33962691 -0.00863319
v 0.34666088 0.31512707 0.06228796
v 0.39101163 0.29999179 0.10761467
v 0.37986904 0.30353355 0.09412286
v 0.23263445 0.35112134 -0.09403178
v 0.36732021 0.30799568 0.08062076
v 0.35281792 0.31351084 0.06831100
v 0.33808854 0.31897333 0.05516420
v 0.32120290 0.32591373 0.04108503
v 0.38574678 0.30926064 0.13433836
v 0.30379808 0.33410159 0.02628688
v 0.37154526 0.30884999 0.08452005
v 0.28514853 0.34454280 0.01029349
v 0.37819922 0.32376638 0.15950905
v 0.35751089 0.32130921 0.07154150
v 0.27521747 0.35617614 -0.00162391
v 0.36048749 0.34557208 0.18523689
v 0.37464064 0.33355537 0.08911898
v 0.27144498 0.37326455 0.10172479
v 0.38752085 0.33034036 0.10150849
v 0.27890450 0.37999088 0.16390032
v 0.26990119 0.37484145 0.08199227
v 0.27463171 0.37306127 -0.00354465
v 0.33337975 0.37134919 0.21000035
v 0.35732010 0.35602510 0.15619615
v 0.26780972 0.37737808 0.06417825
v 0.25745863 0.36266494 -0.16332920
v 0.26629522 0.37928385 0.04792342
v 0.34496364 0.36842993 0.18286027
v 0.26506516 0.38008651 0.02866907
v 0.26408038 0.38017175 0.00871760
v 0.28557000 0.38319173 0.00785645
v 0.27795187 0.38674715 -0.00088180
v 0.30382028 0.39718154 0.22525506
v 0.30001247 0.39698151 0.21520612
v 0.28032321 0.39233726 0.00133474
v 0.29899326 0.40335491 0.22282399
v 0.25485146 0.38099855 -0.14801870
v 0.28325590 0.39382821 0.00448364
v 0.29608029 0.40524480 0.21840668
v 0.25173625 0.39268965 -0.18374240
v 0.23744728 0.44728842 0.16708913
v 0.24137479 0.44569564 0.13651381
v 0.23115842 0.45527297 0.19829509
v 0.24115464 0.42919368 -0.20013598
v 0.23811232 0.45741892 0.13489939
v 0.22599512 0.46757719 0.21234456
v 0.22058478 0.48057702 0.22002891
v 0.21510451 0.49380073 0.22411829
v 0.22934417 0.46356013 -0.21029229
v 0.20744857 0.51235861 0.22426164
v 0.22193092 0.48351350 -0.18929128
v 0.20694387 0.51509649 0.12427913
v 0.19920164 0.53239834 0.22115315
v 0.21286102 0.50596172 -0.21968842
v 0.19308750 0.54730147 0.21581598
v 0.19001333 0.55449033 0.23323345
v 0.18964915 0.55705136 0.12243661
v 0.18501236 0.56654358 0.23787542
v 0.18340686 0.57208306 0.12912056
v 0.18152232 0.57613069 0.16351099
v 0.18184815 0.57559174 0.14695439
v 0.18304919 0.57317913 0.11400469
v 0.17831649 0.58280659 0.23586418
v 0.19469985 0.55006623 -0.22477531
v 0.17825972 0.58398896 0.16689524
v 0.17479517 0.59144145 0.22937959
v 0.17544004 0.59070593 0.17472167
v 0.17345379 0.59481168 0.22156329
v 0.17357378 0.59473604 0.20735982
v 0.17419578 0.59347939 0.19077010
v 0.18768020 0.56669623 -0.19918887
v 0.17461580 0.59373832 0.10644907
v 0.17365555 0.59577465 0.12569731
v 0.16486122 0.61750752 0.09842964
v 0.17603236 0.59528542 -0.22240812
v 0.16061758 0.62746805 0.12002307
v 0.15818460 0.63807607 -0.19092052
v 0.14291875 0.67059457 0.10550240
v 0.15411869 0.64830035 -0.21517415
v 0.14292005 0.67099631 0.07877203
v 0.12858543 0.70556706 0.09067379
v 0.13637881 0.69077438 -0.18004987
v 0.13589337 0.69234008 -0.20571627
v 0.11843329 0.73081040 0.04895587
v 0.11615320 0.73594493 0.07489805
v 0.12406228 0.72040319 -0.16489287
v 0.12042428 0.72958964 -0.18911056
v 0.10997015 0.75203443 0.00226367
v 0.11419744 0.74354625 -0.11392846
v 0.10631545 0.76017445 0.04978766
v 0.10824651 0.75706959 -0.05428357
v 0.11092289 0.75214380 -0.15744302
v 0.10012223 0.77589160 0.00336678
v 0.10438524 0.76738161 -0.11709088
v 0.09876704 0.78013176 -0.05966385
v 0.02988435 0.94728529 -0.07048313
v 0.10987498 0.75309670 -0.05262931
v 0.06752782 0.85721004 -0.14854147
v 0.06105332 0.87030864 0.02293410
v 0.08341616 0.81864256 -0.14524141
v 0.07692322 0.83177847 0.02672243
v 0.03310681 0.94076604 -0.15582924
v 0.02666189 0.95380455 0.01486298
v 0.09942342 0.77982414 -0.14441477
v 0.09272485 0.79337603 0.03299548
v 0.03605411 0.93371654 -0.16213463
v 0.02908775 0.94781023 0.02236773
v 0.10106253 0.77652895 -0.18920474
v 0.09098244 0.79692215 0.07776241
v 0.11369380 0.74587303 -0.18692759
v 0.10357313 0.76634830 0.08111472
v 0.03996361 -0.89554191 -0.09570155
v 0.05764156 -0.85496318 -0.09311105
v -0.00438648 -0.87084252 -0.10698016
v 0.01010181 -0.83236539 -0.10435391
v 0.23689555 0.44994268 0.19915228
v 0.23663352 0.45047289 0.20609167
v 0.22653963 0.47508317 0.19684090
v 0.22627763 0.47561327 0.20378028
v 0.34978116 0.37077692 0.17478670
v 0.34450904 0.37415317 0.18410578
v 0.28391364 0.41926944 0.19616391
v 0.28650555 0.41956112 0.20257977
v -0.35041773 -0.04373985 -0.01656440
v 0.44317910 0.17739899 0.10870209
v 0.50282741 0.14778762 0.14073786
v 0.44603544 0.21146724 0.12104567
v 0.51257014 0.17361341 0.14454809
v 0.49966171 -0.04034302 0.14346972
v 0.48658597 -0.09039768 0.13741133
v 0.46926436 -0.03104831 0.12787335
v 0.44610715 -0.09391183 0.11422911
v 0.51076043 0.08451414 0.14777859
v 0.51486027 0.03913389 0.15118927
v 0.47721183 0.07389765 0.12931029
v 0.47809690 0.02327937 0.13038822
v 0.24294975 0.44743559 0.19957235
v 0.24268775 0.44796562 0.20651174
v 0.24136238 0.45135978 0.19455273
v 0.24075100 0.45259663 0.21074478
v 0.23100646 0.47650027 0.19224136
v 0.23039509 0.47773710 0.20843340
v 0.36032444 0.36762655 0.16517870
v 0.34843299 0.37553912 0.18711013
v 0.28549471 0.42049405 0.19140968
v 0.29351661 0.42096683 0.20594877
v 0.28729206 0.42495397 0.19517966
v 0.28964734 0.42524922 0.20161302
v -0.34151271 -0.01065393 -0.03913888
v 0.50002015 -0.03311948 0.14060058
v 0.47364059 -0.02487715 0.12709419
v 0.48298490 -0.09808076 0.13297229
v 0.44805640 -0.10040798 0.11300521
v 0.50857961 0.08923947 0.14344920
v 0.47940505 0.08000728 0.12738875
v 0.51373297 0.03008900 0.14789461
v 0.48165965 0.01670164 0.12986746
v -0.08060265 -0.33333519 -0.01213306
v 0.45002836 0.16037913 0.10402586
v 0.49433199 0.13971822 0.13078251
v 0.44732803 0.17931087 0.10399577
v 0.50639552 0.15052801 0.13694587
v 0.45310950 0.20107450 0.10897678
v 0.51385218 0.17029411 0.13986208
v 0.45807132 0.22024354 0.12373501
v 0.51233393 0.18743771 0.13782284
v 0.49633661 -0.02855650 0.13750884
v 0.47970396 -0.02295519 0.12903975
v 0.47596434 -0.10205363 0.12787308
v 0.45338717 -0.10382293 0.11485196
v 0.50330240 0.08981267 0.13924798
v 0.48468760 0.08392210 0.12900069
v 0.50824684 0.02385369 0.14364088
v 0.48765883 0.01525693 0.13208432
v -0.04690408 -0.28550819 -0.02597563
v 0.18365233 0.60138911 0.12533946
v 0.17263156 0.63134742 0.11916338
v -0.04284290 -0.84880233 -0.12725970
v 0.45905280 0.14813155 0.10625235
v 0.48302966 0.13695000 0.12073290
v 0.45091128 0.18326247 0.10139218
v 0.50972652 0.15486906 0.13478243
v 0.45433831 0.19471125 0.10375826
v 0.51376194 0.16556633 0.13636066
v 0.47423443 0.22047159 0.12579925
v 0.50274742 0.20385025 0.13464396
v 0.50150251 -0.04631751 0.13729852
v 0.49116933 -0.08516322 0.13224810
v 0.47008774 -0.03862597 0.12097703
v 0.45435089 -0.08401193 0.11195954
v 0.51492822 0.07989087 0.14286536
v 0.51807153 0.04502822 0.14544418
v 0.48137957 0.06927448 0.12439712
v 0.48117128 0.02836187 0.12440232
v -0.05325894 -0.34570029 -0.01482392
v -0.11163249 -0.32177633 -0.01777460
v -0.21540464 -0.06403004 -0.07930637
v 0.47064134 0.13990429 0.11211908
v 0.45338637 0.18866742 0.10131132
v 0.51231331 0.16014977 0.13457690
v 0.48936725 0.21540976 0.13036244
v 0.22907205 0.49947110 0.23327251
v 0.22105865 0.51900965 0.23210539
v -0.01964751 -0.29337361 -0.02725316
v -0.07642624 -0.27830669 -0.03342777
v 0.25598288 0.45207638 0.13695215
v 0.21377975 0.53996408 0.22852096
v 0.20845091 0.55552649 0.22257704
v -0.39236322 -0.02661162 -0.01968211
v 0.23872764 0.48243350 0.23133297
v 0.16512474 0.66348583 0.10763295
v 0.25395823 0.45421174 0.16762082
v -0.11357642 -0.37527701 -0.00767952
v 0.24909316 0.45990500 0.19773191
v 0.50093013 -0.05643841 0.13164526
v 0.49566355 -0.07670599 0.12945758
v 0.47146517 -0.04538489 0.11736933
v 0.45978755 -0.07460946 0.10991546
v 0.51845437 0.07329909 0.14024904
v 0.51988780 0.05350184 0.14133053
v 0.48490581 0.06268269 0.12178076
v 0.48256338 0.03511233 0.11973265
v 0.50250542 -0.04089096 0.13256739
v 0.47507626 -0.03438718 0.11829263
v 0.48920119 -0.09102526 0.12636527
v 0.45693144 -0.09012116 0.10856338
v 0.51402932 0.08319389 0.13702495
v 0.48485473 0.07396171 0.12096455
v 0.51806051 0.03789817 0.14044994
v 0.48638740 0.02477612 0.12262029
v 0.28793892 0.38187984 0.08104318
v 0.24564292 0.46978444 0.22049940
v 0.28612497 0.38433242 0.06318200
v 0.36707962 0.31163540 0.05172363
v 0.20793268 0.56203324 0.23346896
v -0.02262602 -0.26708379 -0.03686162
v 0.39322072 0.33020946 0.06978336
v 0.28998974 0.38077959 0.10045814
v 0.37655315 0.36324620 0.16579998
v -0.06055031 -0.26028877 -0.04182934
v 0.34179798 0.39038217 0.19874404
v 0.34268543 0.39175498 0.21024458
v 0.45662138 0.16544259 0.09701915
v 0.50092500 0.14478166 0.12377580
v 0.46156296 0.21379364 0.11518332
v 0.51470304 0.18130444 0.12916414
v 0.32474181 0.40632552 0.21546096
v 0.28498691 0.38654619 0.04563156
v 0.49911171 -0.06660648 0.12926275
v 0.46369010 -0.06429596 0.10997025
v 0.52007419 0.06355451 0.13955475
v 0.48369348 0.04643555 0.11857729
v 0.38163105 0.30613300 0.06290834
v 0.31894559 0.40938124 0.21215017
v 0.40820488 0.32598677 0.08183535
v 0.27022806 0.20618847 -0.01287665
v 0.16378611 0.67443120 -0.00452866
v 0.21482456 0.23202568 -0.04633699
v 0.16640794 0.66912699 -0.07396711
v 0.49905154 -0.03718626 0.12866454
v 0.48172286 -0.03279418 0.11967231
v 0.48307800 -0.09403160 0.12079060
v 0.46261925 -0.09316101 0.10957768
v 0.50928289 0.08317790 0.13219789
v 0.49066818 0.07728744 0.12195064
v 0.51309341 0.03244443 0.13550849
v 0.49291459 0.02430528 0.12419847
v 0.18347757 0.62545002 0.09599003
v 0.38333961 0.35288289 0.13969804
v 0.29798141 0.38714698 0.16131561
v -0.03292935 -0.24765950 -0.04186636
v 0.28464672 0.38773739 0.02681931
v 0.35338339 0.31712621 0.03734259
v 0.20111576 0.58480835 0.16416231
v 0.01702196 -0.27588770 -0.03353975
v 0.19339429 0.60300052 0.22124679
v 0.19362324 0.60280073 0.20782930
v 0.19491737 0.59943628 0.22966385
v 0.39735860 0.29997385 0.07384087
v 0.19873686 0.59087622 0.23593961
v -0.36305374 -0.07363193 -0.01956183
v 0.20539849 0.57499874 0.23787455
v 0.28440812 0.38828036 0.00725237
v -0.08768523 -0.38954926 -0.01103035
v 0.37272662 0.36463806 0.19115096
v 0.19475691 0.60323662 0.10372668
v 0.19480969 0.60179204 0.19145630
v -0.14304715 -0.36197844 -0.01220578
v -0.38201863 -0.00131857 -0.03980445
v -0.32305500 -0.09043282 -0.03097650
v 0.19926822 0.59247828 0.16711809
v 0.33778852 0.32397223 0.02261853
v 0.20495096 0.58042359 0.12921885
v 0.19695297 0.59926701 0.17449333
v 0.19330627 0.60924178 0.12252027
v 0.18373705 0.63259989 0.11619243
v -0.10728998 -0.25136173 -0.05063353
v 0.15154111 0.71218848 0.08826570
v 0.29850629 0.39566278 -0.01039027
v 0.29562271 0.39429966 -0.01370378
v 0.20395111 0.58478349 0.14750269
v 0.46633407 0.20504594 0.11274280
v 0.48891321 0.14771743 0.11176114
v 0.50224996 -0.05323174 0.12577619
v 0.49521327 -0.07990758 0.12279348
v 0.47638249 -0.04398011 0.11322724
v 0.46435052 -0.07750570 0.10610814
v 0.51864237 0.07456994 0.13360237
v 0.52076650 0.04961279 0.13532969
v 0.48946780 0.06533786 0.11754201
v 0.48821846 0.03363758 0.11652180
v 0.29354152 0.38864893 -0.01614036
v 0.41278717 0.29393339 0.08458600
v 0.29044718 0.37470323 -0.01891713
v 0.18631659 0.62995434 0.10710344
v 0.39781588 0.33815390 0.16303053
v 0.19454534 0.61059654 0.07320941
v 0.32209849 0.33174706 0.00601464
v 0.41007134 0.30407944 0.11296421
v -0.00623241 -0.25244328 -0.04265726
v 0.19593611 0.60779023 0.11397103
v -0.05964607 -0.24298684 -0.04959471
v 0.30142736 0.38576320 -0.00829081
v 0.29171130 0.35777819 -0.01741093
v 0.15760475 0.70194024 0.09605745
v 0.41726539 0.31211531 0.13113898
v 0.46766692 0.15474726 0.09709757
v 0.49164385 0.14356571 0.11157822
v 0.46277621 0.17346360 0.09302163
v 0.50707984 0.15280269 0.11977828
v 0.47023287 0.19322968 0.09593783
v 0.51453650 0.17256877 0.12269448
v 0.47786024 0.21294586 0.11546636
v 0.50964582 0.19128521 0.11861849
v -0.40116650 -0.05174670 -0.01569905
v 0.15753478 0.70324695 0.10209845
v 0.25945222 0.46906877 0.13637801
v 0.49987018 -0.06656411 0.12262339
v 0.46948591 -0.06395834 0.10620489
v 0.52108783 0.06284677 0.13305035
v 0.48945713 0.04792222 0.11480114
v 0.30259675 0.34601611 -0.00617660
v 0.49914095 -0.05009412 0.12161057
v 0.49027908 -0.08107495 0.11739209
v 0.48288628 -0.04377386 0.11391410
v 0.47068641 -0.07936442 0.10683670
v 0.51434624 0.07371218 0.12844139
v 0.51604569 0.04494796 0.12979744
v 0.49573150 0.06782162 0.11819409
v 0.49509862 0.03445694 0.11766525
v 0.10857166 -0.31611213 -0.02612937
v 0.23166539 0.52529407 0.12443358
v 0.18257269 0.64495504 0.08815408
v 0.09767487 -0.33572105 -0.02415745
v 0.09500856 -0.31299570 -0.02799481
v -0.15485330 -0.02836717 -0.09045573
v 0.46720177 0.18914355 0.09273875
v 0.47737998 0.20752645 0.11365148
v 0.48159963 0.14390925 0.10406451
v 0.49922329 0.15190654 0.11360081
v 0.11649551 -0.32926321 -0.02437199
v -0.17119083 -0.02294551 -0.09316872
v -0.14977039 -0.04326595 -0.08843541
v 0.28959632 0.21486630 -0.01107975
v 0.17597254 0.66441977 0.00978669
v 0.21632485 0.24908303 -0.05749475
v 0.17957579 0.65712994 -0.08564399
v 0.47996518 0.14706500 0.10221002
v 0.46755597 0.18322122 0.09264194
v 0.51185954 0.16256030 0.11939859
v 0.49503994 0.20460942 0.11619161
v 0.07104347 -0.32560846 -0.02834023
v -0.27471694 -0.09962141 -0.05472503
v 0.05814809 -0.29472271 -0.03513087
v -0.03173706 -0.36124483 -0.02620275
v 0.04633414 -0.27004904 -0.03865994
v 0.01543546 -0.20506234 -0.04984694
v 0.08027306 -0.13718700 -0.05700087
v -0.10886957 -0.17739497 -0.06589385
v 0.01459499 -0.06563312 -0.07292363
v 0.19449580 0.62068659 0.09047554
v 0.20180823 0.60348177 0.05598840
v -0.14563736 -0.31026343 -0.03141888
v 0.49582770 -0.06586452 0.11756233
v 0.47634119 -0.06438416 0.10698235
v 0.51725525 0.06154811 0.12807988
v 0.49659157 0.05066162 0.11594723
v 0.15899695 0.70741129 0.09434422
v 0.19186173 0.62881738 0.06355033
v -0.19242311 -0.05712293 -0.08996674
v 0.16119666 0.70345694 0.09285211
v 0.16625535 0.69138414 0.09788287
v 0.00508427 -0.30268249 -0.03783610
v 0.15911274 0.70918977 0.10049873
v -0.10878934 -0.27061626 -0.04866107
v -0.43112269 -0.00892028 -0.02370316
v 0.20703746 0.59401470 0.12528764
v 0.16698635 0.69174856 0.10314651
v 0.16148964 0.70589775 0.10437601
v 0.14509282 0.74614149 0.07268500
v 0.20976987 0.58960146 0.10694578
v 0.29051858 0.31129584 -0.02288165
v -0.09690668 -0.55907053 -0.10730775
v 0.05298104 -0.31180876 -0.03620108
v -0.43759194 -0.02804258 -0.01535730
v 0.03834791 -0.29265538 -0.03958350
v -0.14430498 -0.41687801 -0.00984806
v 0.18390894 0.65514207 0.10751165
v 0.18610729 0.65002400 0.09918071
v -0.16630276 -0.10958578 -0.08282024
v 0.46395248 0.17733340 0.08574706
v 0.49343148 0.19949730 0.11157786
v 0.47341439 0.14760652 0.09319004
v 0.50757462 0.16310763 0.11167442
v 0.32433355 0.29302001 0.00143483
v 0.39457318 0.30704331 0.05641967
v 0.19849950 0.62231493 0.04781151
v 0.19181646 0.63803899 0.07933035
v 0.06320452 0.95377851 -0.14914434
v 0.05725007 0.96582502 0.00855729
v 0.38256657 0.29064482 0.04627356
v 0.38016534 0.31916726 0.04352317
v 0.09759485 0.87069100 -0.14186259
v 0.09161026 0.88280004 0.01656063
v 0.46835342 0.16214904 0.08860664
v 0.50377047 0.17822060 0.10777111
v 0.10746865 0.84452206 0.02028958
v 0.11347050 0.83237773 -0.13854311
v 0.16939674 0.69361949 0.09400487
v 0.21020034 0.59437507 0.11740523
v -0.02792643 -0.21875811 -0.05745592
v 0.47570854 0.16522709 0.09187452
v 0.49968544 0.15404554 0.10635517
v 0.47921997 0.20047542 0.10627140
v 0.50942814 0.17987135 0.11016539
v -0.20091027 -0.12633798 -0.08339476
v 0.35873771 0.28510532 0.02533847
v 0.00488717 -0.88585740 -0.13811255
v 0.13034958 0.79421175 -0.13754484
v 0.12415450 0.80674779 0.02635949
v 0.17180127 0.69084609 0.09668652
v 0.26582029 0.21077712 -0.03270842
v 0.17795439 0.67892611 -0.01911767
v 0.23383304 0.22569433 -0.05202676
v 0.17946813 0.67586380 -0.05920798
v 0.25750101 0.33610308 -0.06657419
v -0.02091679 -0.24619402 -0.05477066
v 0.17089131 0.69470084 0.10533353
v -0.06698036 -0.40608907 -0.02246163
v -0.05533763 -0.23998819 -0.05953036
v -0.17559917 -0.34949306 -0.02413978
v 0.17273572 0.69124889 0.10204915
v 0.27237999 0.46080962 0.13758695
v 0.06214996 0.96080232 0.01554969
v 0.06858600 0.94778174 -0.15490681
v 0.26300183 0.35698023 -0.11121068
v -0.12243709 -0.43107393 -0.01297269
v -0.16953558 -0.40378213 -0.01383366
v -0.02274594 -0.24944714 -0.05592067
v 0.07840691 -0.15788224 -0.06168011
v -0.10583157 -0.15892841 -0.07606364
v -0.00467873 -0.06736351 -0.08182307
v -0.02258522 -0.25812760 -0.05460821
v 0.48866948 0.15840858 0.09655676
v 0.47674671 0.18674657 0.10153314
v 0.50593060 0.16679452 0.10585907
v 0.49557170 0.19185606 0.10684867
v -0.05767057 -0.25168106 -0.05945254
v 0.14079100 0.77279425 0.04801561
v -0.44477960 -0.05299586 -0.00829513
v 0.24038087 0.52883631 0.23608132
v -0.24907427 -0.33148986 -0.00767264
v 0.23242664 0.54876894 0.23178284
v -0.23202156 -0.38734716 -0.00287750
v -0.15780571 -0.17632806 -0.07143841
v 0.22690575 0.56334740 0.22588825
v -0.42659760 0.01110623 -0.04239057
v 0.01017169 -0.25207365 -0.05316926
v -0.05212519 -0.21456458 -0.06470982
v -0.00349855 -0.22315675 -0.05846203
v 0.25020626 0.50715661 0.23771688
v 0.17588644 0.68956411 0.09687539
v -0.41169673 -0.07824766 -0.01452633
v 0.01918558 -0.25731096 -0.05206864
v -0.08614943 -0.23828962 -0.06553285
v -0.50460649 0.04636915 -0.02222260
v -0.57455289 0.08847530 -0.00751824
v -0.58274531 0.07090007 0.00301520
v -0.52163661 0.00787613 0.00044049
v -0.55714613 0.02902490 0.00799443
v -0.08510116 -0.23452860 -0.06612382
v 0.39208296 0.26259485 0.04498071
v 0.30678236 0.38995910 0.09947928
v 0.00801786 -0.26516595 -0.05272867
v 0.38949749 0.25034431 0.04408338
v 0.27451506 0.46231708 0.16815364
v 0.13696502 0.78837794 0.00232330
v 0.30551729 0.39069027 0.07988160
v 0.30785650 0.39169845 0.12023303
v 0.27162868 0.45926550 0.19975156
v 0.27136666 0.45979562 0.20669094
v 0.27004129 0.46318981 0.19473194
v 0.26942992 0.46442664 0.21092398
v 0.25968540 0.48833027 0.19242050
v 0.25907400 0.48956713 0.20861255
v 0.40090382 0.36215571 0.14151165
v 0.39658520 0.36740515 0.16155557
v 0.33379999 0.42080387 0.17747706
v 0.34920534 0.41643745 0.18681034
v 0.33705112 0.42420518 0.18019795
v 0.34286398 0.42264944 0.18459599
v 0.25958523 0.48809603 0.23434639
v 0.22603919 0.56998950 0.23334920
v 0.21142888 0.60584289 0.22939940
v -0.34593087 -0.01294438 -0.07115056
v 0.49542904 0.17220782 0.09601972
v 0.21517868 0.60042542 0.04143417
v 0.20166700 0.63221616 0.10515815
v 0.30449980 0.39334351 0.06184357
v -0.18409263 -0.19462857 -0.07221861
v 0.18972543 0.66215283 0.08132056
v 0.42034766 0.32833812 0.06536129
v -0.23871449 -0.10597029 -0.08143020
v 0.26978609 0.46657971 0.19906469
v 0.25249881 0.21791674 -0.04703839
v 0.18369442 0.67945045 -0.03913170
v 0.21566465 0.59821391 0.23519458
v 0.19666652 0.64709449 0.05545100
v 0.26686761 0.47453156 0.22296049
v -0.22668079 -0.32301155 -0.02340403
v -0.27303636 -0.33975327 0.00042420
v 0.21131133 0.60985816 0.22167441
v 0.22270042 0.58227438 0.23702152
v -0.09150792 -0.24478710 -0.06752631
v -0.21475625 -0.37786099 -0.01719830
v -0.25078550 -0.39808211 0.00407452
v -0.18928230 -0.07562172 -0.11662156
v 0.21229213 0.60950047 0.20868878
v 0.21292210 0.60824406 0.19242091
v 0.31980297 0.39486980 0.15583062
v 0.30423585 0.39589050 0.04412442
v -0.18818095 -0.04856315 -0.12854677
v 0.40167162 0.26753905 0.04746416
v 0.43226838 0.33466318 0.10231014
v 0.13896745 0.79319042 -0.05972371
v 0.38229805 0.31231320 0.03369543
v -0.26667345 -0.27767718 -0.01870783
v 0.40703800 0.35805777 0.14141285
v 0.21491376 0.60697055 0.17659374
v 0.21071918 0.61952168 0.03450990
v 0.19837044 0.64857614 0.09274914
v 0.20169395 0.64216930 0.04353055
v 0.19663218 0.65407896 0.06740277
v -0.37720263 -0.10653564 -0.02522288
v -0.20965441 -0.44004473 -0.00516637
v 0.14567015 0.78155780 -0.11488728
v 0.27415875 0.46531373 0.19938511
v 0.27389675 0.46584374 0.20632449
v 0.26380286 0.49045423 0.19707371
v 0.26354083 0.49098423 0.20401311
v 0.40579346 0.36247897 0.14317304
v 0.40420154 0.36465609 0.15172622
v 0.34584817 0.41903070 0.17721739
v 0.35420036 0.41613680 0.18009302
v 0.30483603 0.39748627 0.02527118
v 0.37412888 0.39550826 0.18186018
v 0.39669192 0.30727449 0.04320652
v 0.38026577 0.39192894 0.18443576
v 0.19312793 0.66554844 0.09352669
v 0.36888820 0.31745327 0.01934652
v -0.49466380 -0.00264748 -0.01494655
v 0.38184568 0.38333717 0.17413187
v 0.39041516 0.38144404 0.18274675
v -0.48868319 0.01419456 -0.02493928
v 0.19165163 0.67146742 0.10182488
v 0.15431021 0.76724780 -0.15547326
v -0.14771806 -0.22904441 -0.07443316
v -0.24357243 -0.27217036 -0.03367608
v -0.29218510 -0.28309280 -0.01064002
v 0.22069339 0.60174519 0.16950718
v -0.02693807 -0.86620033 -0.15776592
v 0.17398104 0.71679306 0.09248260
v 0.21788892 0.60851663 0.22737248
v 0.42155695 0.20494796 0.04346058
v 0.02885278 -0.26434073 -0.05889014
v 0.17604803 0.71321541 0.09091843
v 0.17910132 0.71030396 -0.20127015
v -0.50252581 -0.02515387 -0.00549407
v 0.17409679 0.71865994 0.09839415
v 0.22474729 0.59486741 0.16546169
v -0.20328739 -0.43044758 -0.01614845
v -0.21768264 -0.45078480 -0.00103981
v 0.30647433 0.39906979 0.00510626
v 0.41158116 0.35746971 0.16667418
v -0.10509251 -0.44656959 -0.02324927
v 0.22920060 0.58581984 0.10831360
v -0.19667698 -0.39206129 -0.02466572
v 0.24804103 0.32711482 -0.08010047
v 0.23529284 0.56997907 0.22508915
v 0.31202874 0.39750662 -0.02849399
v 0.35467815 0.32275179 0.00131750
v 0.28353867 0.22117260 -0.03833494
v 0.19544430 0.67059702 -0.01026324
v 0.23957792 0.24167362 -0.06488449
v 0.19752464 0.66638851 -0.06536022
v 0.16543669 0.74644196 -0.18625656
v -0.34016088 -0.12757044 -0.03907339
v 0.30964789 0.39101771 -0.03100135
v 0.31553388 0.39930606 -0.02526601
v 0.30641961 0.37677667 -0.03371160
v 0.23386274 0.57502544 0.22952615
v 0.02764972 -0.27674699 -0.05892767
v 0.22674498 0.59378618 0.14682174
v 0.19846734 0.66775608 -0.21003941
v 0.17679323 0.71631831 0.10231818
v 0.30728000 0.36047789 -0.03212789
v 0.16107462 0.75842291 -0.11395697
v 0.14540990 0.79752505 -0.17891029
v 0.13609532 0.81636995 0.06775654
v -0.05545244 -0.23690547 -0.07384245
v 0.06801211 -0.12514362 -0.08087223
v -0.09337174 -0.19559382 -0.08303547
v 0.03009283 -0.08383197 -0.09006525
v 0.22939704 0.58982408 0.12643106
v 0.41375396 0.29955181 0.05052570
v 0.24679661 0.31598574 -0.08226545
v 0.22898199 0.59157348 0.11796499
v 0.37899765 0.38154569 0.15841118
v 0.35333225 0.41869032 0.17107874
v 0.27994674 0.46770126 0.19942126
v 0.27968475 0.46823126 0.20636065
v 0.26959085 0.49284172 0.19710986
v 0.26932883 0.49337175 0.20404926
v -0.50486678 0.05181861 -0.03789634
v -0.57466656 0.09391550 -0.02325370
v -0.49917677 0.03656784 -0.03446310
v -0.58892244 0.09050961 -0.01556370
v -0.59713411 0.07292806 -0.00501936
v -0.59159791 0.05757911 -0.00147898
v -0.51578021 -0.00217063 -0.01189418
v -0.53022414 -0.00556582 -0.00412458
v -0.56590676 0.01566310 0.00347514
v 0.18350746 0.70334125 0.09229418
v -0.13152555 -0.19138318 -0.08741471
v 0.01938249 -0.22750922 -0.06765821
v -0.38372999 -0.00495779 -0.06973921
v 0.42833778 0.33240235 0.13983259
v 0.31611139 0.34174922 -0.02786753
v 0.22142959 0.61032766 0.22220238
v 0.33798975 0.33188263 -0.01948544
v 0.23152871 0.58582628 0.23246910
v 0.22260930 0.60825163 0.18211260
v -0.11412291 -0.22568253 -0.07856117
v 0.22513629 0.60201222 0.23179628
v 0.24631082 0.33551684 -0.08800518
v 0.31936660 0.38927847 -0.02375556
v -0.01774121 -0.37982395 -0.04641126
v -0.18746552 -0.29741499 -0.04819454
v -0.17318662 -0.45462641 -0.01786688
v 0.21094902 0.64005393 0.03345604
v 0.20159619 0.66205955 0.07756615
v 0.18539760 0.70151961 0.09459502
v -0.48412725 0.02995456 -0.04005423
v 0.22260009 0.61015522 0.20943573
v 0.22327764 0.60893989 0.19368963
v 0.47521967 0.21974103 0.08896529
v 0.50694102 0.13230452 0.09136997
v -0.13846540 -0.26213589 -0.07167322
v 0.01034245 -0.32622418 -0.05658065
v 0.16720040 0.74844408 0.04617273
v 0.16058937 0.76791489 -0.17655443
v 0.15123886 0.78683227 0.07106353
v -0.20722570 -0.31722933 -0.04572557
v -0.29781252 -0.34885457 0.00095823
v 0.18503071 0.70467889 0.10348317
v 0.18643086 0.70140755 0.09925832
v 0.37854958 0.38213760 0.15243980
v 0.35024858 0.42061463 0.16677678
v -0.19977233 -0.36954543 -0.03807961
v -0.27215785 -0.40886000 0.00434543
v 0.43889740 0.22092380 0.04558079
v 0.15821311 0.77286351 -0.05476987
v -0.28427672 -0.22687779 -0.03528242
v 0.39012906 0.37779525 0.15805706
v 0.36559021 0.41535482 0.17132027
v 0.44068438 0.30815437 0.10816215
v 0.16001546 0.76907498 -0.00112908
v 0.22455139 0.61608326 -0.21730463
v 0.47691175 0.20269072 0.06771254
v 0.48320833 0.22250915 0.09069126
v 0.50045508 0.12872346 0.08623231
v 0.51498890 0.13531861 0.09409663
v 0.45687011 0.18653452 0.05690213
v 0.44381651 0.17235519 0.05039289
v 0.42988265 0.29172909 0.05975111
v -0.11907045 -0.23437200 -0.08094917
v 0.23871022 0.57806194 0.22108714
v 0.35699901 0.42311203 0.16718225
v -0.29263571 -0.14100720 -0.06115544
v -0.19133624 -0.44342571 -0.02178521
v -0.15697157 -0.46698430 -0.02007397
v 0.46943805 0.18469617 0.06288950
v 0.28600097 0.46519405 0.19984134
v 0.28573895 0.46572417 0.20678072
v 0.28441358 0.46911836 0.19482172
v 0.28380221 0.47035518 0.21101376
v 0.27405769 0.49425885 0.19251034
v 0.27344632 0.49549568 0.20870239
v 0.17628296 0.73675829 -0.16422546
v 0.37986329 0.30759349 0.01581668
v -0.45860836 -0.07079354 -0.01592398
v -0.42710063 -0.09500109 -0.02079637
v 0.43783689 0.29593518 0.08329895
v 0.26523063 0.23098481 -0.05802887
v 0.20333292 0.67131770 -0.03776895
v -0.26265052 -0.22501139 -0.04830155
v -0.30854109 -0.22842558 -0.02839716
v -0.48303276 -0.01396846 -0.02878627
v -0.49937704 -0.00585609 -0.02467432
v -0.18654029 -0.46397272 -0.01806589
v 0.24527781 0.57415068 -0.21953055
v 0.24904728 0.55837232 0.23211373
v -0.05310675 -0.42423227 -0.04178778
v 0.23064438 0.60410500 0.17831522
v 0.23262115 0.60189307 0.03176251
v 0.21496719 0.64342982 0.11502189
v -0.20814198 -0.33835587 -0.04271213
v 0.32231495 0.39963728 0.09743349
v -0.47802046 0.00128486 -0.03758723
v -0.49377120 0.00926136 -0.03368682
v -0.22453763 -0.26806265 -0.05434845
v -0.31857425 -0.28901738 -0.00982733
v 0.23739430 0.58812571 0.22388241
v -0.07381973 -0.21737619 -0.08594485
v 0.04964483 -0.10561433 -0.09297468
v -0.48860258 -0.03167416 -0.02060882
v -0.50536925 -0.02362280 -0.01628452
v 0.36717749 0.42077118 0.16853845
v 0.23098604 0.60465109 0.22464174
v 0.32358575 0.40195635 0.11706424
v 0.21220975 0.65240580 0.12004074
v 0.21048786 0.65661293 0.12099322
v 0.32201052 0.39956334 0.07816848
v 0.20846543 0.66284931 0.05009295
v 0.21219879 0.65290058 0.11913521
v 0.29416710 0.33452567 -0.05127189
v 0.11064889 -0.31492031 -0.05750374
v 0.06002249 -0.29825753 -0.06784937
v -0.19966127 -0.42253172 -0.03301967
v -0.22793019 -0.46251029 -0.00384062
v 0.48605293 0.16303612 0.06994453
v 0.21295714 0.65259933 0.12072551
v 0.22666033 0.62086320 0.02567075
v 0.21052586 0.65882474 0.10176398
v 0.21447855 0.64912105 0.11763867
v 0.09711670 -0.31192791 -0.05958714
v 0.21421897 0.65010160 0.11660491
v 0.21293528 0.65358889 0.11891441
v 0.23296273 0.60426998 0.19349515
v 0.23899400 0.58994043 0.20838828
v 0.21110040 0.66026807 0.04384536
v 0.20844747 0.66650987 0.05635689
v 0.23287636 0.60498536 0.20951848
v 0.33061770 0.40286443 0.13278788
v 0.11883100 -0.32774410 -0.05616597
v -0.47487143 0.01195381 -0.04605164
v -0.49018157 0.01980137 -0.04229712
v -0.11659059 -0.23067407 -0.08623427
v 0.07140710 -0.33935249 -0.06144912
v 0.42088804 0.36208951 0.13845469
v 0.37720615 0.41329119 0.16776793
v 0.02924657 -0.27361792 -0.06980556
v 0.21369354 0.65328765 0.12050471
v 0.21655694 0.64673883 0.11413017
v 0.21593958 0.64825118 0.11322994
v -0.52165478 0.03299115 -0.03367684
v -0.53257501 0.00746609 -0.01881493
v -0.45034894 -0.00369417 -0.05110980
v -0.45864761 -0.02998186 -0.03711827
v -0.19353676 -0.45462325 -0.02445174
v -0.18078977 -0.47450554 -0.01776600
v 0.21368261 0.65378261 0.11959913
v 0.21564965 0.64924979 0.11848120
v 0.23624662 0.59859216 0.17599466
v -0.39754817 -0.12357241 -0.02842868
v 0.21513043 0.65121114 0.11641349
v 0.09943941 -0.34974539 -0.05846157
v 0.32181332 0.40309012 0.06047464
v 0.29267472 0.47216341 0.13930035
v 0.47260764 0.19470230 0.05756103
v 0.49939790 0.21858679 0.08561527
v 0.49392146 0.12773982 0.07432704
v 0.52636671 0.14246272 0.09188348
v 0.26675081 0.53283769 -0.21476017
v -0.21492004 -0.11463640 -0.11197168
v 0.21656124 0.65035909 0.11828993
v 0.23844624 0.59646058 0.19316749
v 0.21630163 0.65133971 0.11725602
v 0.20655651 0.67557210 0.07819796
v 0.21820630 0.64677984 0.11499949
v 0.21697178 0.64980400 0.11319902
v 0.08823174 0.96580344 -0.13048495
v 0.08367424 0.97502351 -0.00978063
v 0.26201639 0.53896183 0.23754720
v -0.51082164 -0.03847524 -0.01246462
v 0.12233937 0.88374484 -0.12321078
v 0.11775070 0.89303452 -0.00194829
v 0.34014899 0.40225038 0.14767370
v 0.13342640 0.85529143 0.00164642
v 0.13803083 0.84596950 -0.11985347
v 0.48208177 0.16027658 0.06367581
v 0.51831526 0.17671855 0.08328204
v 0.50673103 0.11766596 0.08067495
v -0.25776392 -0.14222459 -0.08398917
v 0.04144442 -0.33258599 -0.06860676
v 0.21923847 0.64833295 0.11496853
v 0.21862115 0.64984494 0.11406829
v -0.03825655 -0.23421185 -0.08611901
v 0.06289628 -0.14264685 -0.09187839
v -0.08622613 -0.18195076 -0.09774853
v 0.01492670 -0.09038576 -0.10350797
v 0.29436013 0.47276431 0.16879468
v 0.35534880 0.39800507 0.15567805
v 0.22302277 0.64107001 0.02676118
v 0.21080261 0.66982180 0.08439381
v 0.39523181 0.37870881 0.14436914
v -0.14050618 -0.04960148 -0.12239360
v 0.21595103 0.65915936 0.03856527
v 0.21104912 0.67069256 0.06168352
v 0.32274497 0.40660080 0.04307188
v 0.15551354 0.80876172 -0.11833765
v 0.15075384 0.81840014 0.00710525
v 0.20882668 0.67777771 0.08974514
v -0.14542562 -0.03430010 -0.12593430
v 0.03820412 -0.26601937 -0.07490548
v -0.21105944 -0.43378451 -0.03145290
v -0.14565928 -0.47979185 -0.02800062
v 0.27394828 0.51915348 0.23930113
v 0.18709286 0.73237151 0.08274240
v 0.19720751 0.70776045 0.09172032
v 0.31659496 0.38444772 -0.16393539
v -0.36914843 -0.14865117 -0.03756737
v 0.40445840 0.38375109 0.15396273
v 0.15547241 0.26476604 -0.13400492
v 0.29236168 0.47694799 0.19902721
v -0.49321461 -0.03891268 -0.02494040
v -0.51014841 -0.03077637 -0.02057496
v 0.39985055 0.39517900 0.15966339
v 0.19256642 0.32141930 -0.11729748
v 0.24665688 0.59032053 0.10784230
v -0.24512216 -0.22396450 -0.06640237
v -0.33413354 -0.22958349 -0.02797948
v -0.17899434 -0.46359530 -0.02952380
v -0.07561774 -0.22213747 -0.09401648
v 0.28810859 0.49241915 -0.20606990
v 0.02500434 -0.32160828 -0.07375786
v 0.09070766 0.97074348 -0.00427541
v 0.09563350 0.96077788 -0.13473433
v 0.20887770 0.68290973 0.09787681
v 0.32368004 0.40865436 0.02403319
v 0.29041827 0.48400849 0.22320502
v 0.26730236 0.54160047 0.12284496
v -0.09376948 -0.46258926 -0.04028955
v 0.19334280 0.72185218 0.08830369
v 0.30155292 0.45487905 -0.19707018
v -0.22355589 -0.38232699 -0.04156099
v 0.19196618 0.72547317 0.08972243
v -0.16219869 -0.02988521 -0.13010097
v 0.31210467 0.41883963 -0.18337265
v -0.30237412 -0.17167801 -0.05993474
v 0.28460678 0.49939990 0.23585828
v 0.39915997 0.31643692 0.01520137
v 0.40007591 0.31991827 0.01538358
v -0.21827379 -0.04607501 -0.14605212
v 0.20051070 0.71109200 -0.17470248
v -0.18281205 -0.05632791 -0.12500171
v 0.24622145 0.59608346 0.11674989
v 0.19240509 0.72734940 0.09476883
v 0.41530642 0.30805424 0.02742177
v -0.15847588 -0.09452047 -0.12214204
v 0.40999019 0.39034480 0.15908164
v 0.19918001 0.71254545 0.08972223
v 0.19432382 0.72507870 0.09855568
v -0.43588087 0.00775249 -0.07279856
v -0.20278707 -0.44704065 -0.03603100
v -0.17812744 -0.48555055 -0.02328492
v 0.35188401 0.37873194 -0.03760414
v 0.03814398 -0.27722532 -0.07811093
v 0.52541131 0.05955220 0.08723643
v 0.20072052 0.71058851 0.09175047
v 0.22227894 0.65969181 0.03505647
v 0.21587430 0.67476076 0.06526199
v -0.29738411 -0.17967346 -0.06198728
v 0.38611946 0.32121581 0.00185164
v 0.40373978 0.28892756 0.01638158
v -0.34021181 -0.16653083 -0.04893652
v 0.18100850 0.76065743 0.07013519
v 0.41325843 0.31125125 0.02322717
v 0.20189826 0.71030337 0.09569666
v -0.14591148 -0.17695372 -0.11067206
v -0.00155087 -0.28319898 -0.08612639
v 0.24874102 0.59632832 0.12458274
v -0.19354369 -0.31240615 -0.07212978
v -0.32135099 -0.35931158 -0.00606044
v 0.30120248 0.30403087 -0.05934698
v -0.18752569 -0.36291882 -0.06431030
v -0.29106277 -0.41968343 -0.00396391
v 0.20087329 0.71367431 0.10004255
v 0.34468612 0.28625172 -0.03371396
v 0.38054249 0.28013751 -0.00533916
v 0.42359954 0.37892655 0.15417142
v 0.39657867 0.26293695 0.00107745
v -0.27907163 -0.18100531 -0.07211200
v -0.31784344 -0.17875795 -0.05691099
v -0.19903447 -0.46627715 -0.03142117
v -0.16522367 -0.44627306 -0.04051566
v -0.02760558 -0.22897485 -0.09378498
v -0.05153249 -0.20171894 -0.10160627
v 0.29635668 0.49220875 0.13738282
v 0.47978714 0.07178930 0.05660025
v 0.33690777 0.39782399 -0.04331988
v -0.06149195 -0.20950636 -0.10142905
v 0.03966089 -0.11794146 -0.10718849
v 0.51809585 -0.02733718 0.08086520
v -0.19555116 -0.11359705 -0.11796786
v -0.27199253 -0.17591365 -0.07738842
v 0.15104987 0.28660351 -0.14644401
v 0.25789869 0.57917708 0.22371268
v 0.28931764 0.50934434 -0.18151630
v 0.33238557 0.39681214 -0.04679454
v 0.33561110 0.40976307 0.09501173
v 0.31988329 0.40700024 -0.14685044
v 0.10357119 0.20354950 -0.16843490
v 0.39393610 0.25052723 -0.00096490
v 0.22884648 0.65317357 0.11652231
v 0.22823071 0.65468663 0.11562234
v 0.22791810 0.65608066 0.12012650
v 0.22755332 0.65700853 0.11907558
v 0.28260136 0.33554262 -0.08860529
v 0.33823773 0.38723141 -0.04338865
v 0.22666584 0.65982360 0.12260252
v 0.22651142 0.66024584 0.12167382
v -0.21069521 -0.26541248 -0.07938466
v -0.34436330 -0.29498744 -0.01614499
v 0.32849151 0.39091322 -0.05079621
v -0.15533565 -0.15648422 -0.10497164
v 0.33764958 0.41264150 0.11459569
v 0.22572786 0.66429126 0.12345783
v 0.22756623 0.65995973 0.12308802
v 0.12262867 -0.31117943 -0.07408398
v 0.22725715 0.66080457 0.12123053
v 0.48856291 -0.11241011 0.06209758
v 0.33614585 0.40911460 0.07604047
v 0.11224174 -0.29100698 -0.07800796
v 0.22925580 0.65610462 0.12068157
v -0.19840369 -0.41649392 -0.05485196
v -0.23977976 -0.47437039 -0.01337891
v 0.22852619 0.65796018 0.11857979
v 0.23064183 0.65304512 0.11701047
v 0.22941034 0.65607101 0.11521057
v 0.48285499 0.21900143 0.04510898
v 0.48544106 0.24368073 0.07423049
v 0.51737928 0.11053510 0.07226666
v 0.53042674 0.11645581 0.07932674
v 0.25847372 0.59044093 -0.18992358
v 0.37277535 0.32578713 -0.01848820
v 0.22873247 0.66263926 -0.18189181
v 0.32186353 0.37692606 -0.05569019
v 0.31939617 0.35891879 -0.05627913
v 0.48913965 0.22295444 0.04824844
v 0.52430189 0.11248375 0.07590797
v -0.17855093 -0.06634636 -0.16440929
v -0.17959397 -0.09002706 -0.15459375
v 0.17744322 0.78465319 0.04713056
v 0.22831202 0.66051859 0.12264478
v 0.22815756 0.66094077 0.12171603
v 0.29711109 0.36433005 -0.12355884
v 0.44254434 0.35427678 0.13941918
v 0.23022865 0.65705639 0.12018572
v 0.22986384 0.65798420 0.11913486
v 0.25148013 0.60766131 0.02844579
v 0.24389623 0.62613463 0.02263954
v 0.24192587 0.63014090 0.07350543
v 0.23607706 0.64506263 0.02446541
v 0.23237169 0.65262014 0.11856507
v 0.22912069 0.66178459 0.03385322
v 0.22643232 0.66722417 0.10500228
v 0.22431695 0.67321146 0.04828454
v 0.22285011 0.67618340 0.08684651
v 0.22218838 0.67809504 0.06654746
v 0.06101024 0.14938956 -0.18769550
v 0.23182140 0.65442973 0.11659860
v 0.23120563 0.65594262 0.11569867
v -0.20509033 -0.44680816 -0.04250520
v -0.16411778 -0.48336744 -0.03568365
v -0.10252012 -0.19353293 -0.11174260
v -0.04698000 -0.25404185 -0.09827768
v 0.42249331 -0.20714523 0.01715710
v 0.48328295 0.17969495 0.04560880
v 0.51920074 0.19599362 0.06504418
v 0.49616766 0.13921458 0.05574427
v 0.53208536 0.15551326 0.07517960
v 0.34556523 0.41416502 0.13035394
v 0.45664898 0.32682008 0.11184084
v -0.23714007 -0.14898513 -0.10826451
v 0.40524140 0.27354196 0.00719976
v 0.26404971 0.32445967 -0.09388138
v 0.47822309 0.20765997 0.03901615
v 0.50483972 0.22840022 0.06361928
v 0.50818521 0.11352646 0.06258523
v 0.53868151 0.12736490 0.07908699
v 0.16010779 -0.33256450 -0.07211231
v 0.34009144 0.34700781 -0.05580385
v 0.33851185 0.41296220 0.05806563
v 0.36083722 -0.26842055 -0.02159476
v 0.43214342 0.30294690 0.02607931
v -0.30764884 -0.13624735 -0.08544289
v -0.31031552 -0.17561401 -0.06970112
v 0.10437775 0.97500968 -0.10268901
v 0.10191115 0.98000002 -0.03736174
v -0.01825721 -0.40385744 -0.07295637
v 0.19584452 -0.34110209 -0.06902281
v -0.22995996 -0.42627478 -0.04634582
v -0.13894404 -0.49267220 -0.04175575
v 0.27074069 0.56734329 0.23039629
v 0.17625590 0.79998529 0.00307748
v -0.28497180 -0.04850652 -0.13093722
v -0.26413047 -0.18334527 -0.08642898
v -0.33928216 -0.17809655 -0.05716001
v 0.13814607 0.89401186 -0.09538136
v 0.13566533 0.89903253 -0.02974771
v 0.24677987 -0.33767053 -0.06573267
v 0.26015320 0.31266570 -0.09725327
v -0.21601163 -0.28734836 -0.07568607
v 0.35658583 0.33413011 -0.04157777
v -0.32073468 -0.03955900 -0.11885834
v 0.15111369 0.86180747 -0.02627685
v 0.15359956 0.85677636 -0.09199773
v 0.39183268 0.39604655 0.14220737
v -0.19288364 -0.16607369 -0.11160269
v 0.47000507 0.29603410 0.07190530
v 0.20373911 -0.34943771 -0.06781184
v 0.38015020 0.39828494 0.14556509
v 0.37798089 0.42245278 0.14286140
v 0.25680584 0.60419685 0.16042583
v 0.26127923 0.59329063 0.21051267
v -0.33797088 -0.13183074 -0.07582817
v -0.34086198 -0.17146371 -0.05989080
v -0.23282386 -0.22433451 -0.08824487
v -0.36003846 -0.22630408 -0.03435947
v -0.36917377 -0.16452096 -0.05020198
v 0.29874408 -0.30826539 -0.06634228
v 0.36171356 0.41023871 0.13790581
v -0.43846259 -0.10940469 -0.04059209
v 0.00114405 -0.36208370 -0.08396600
v -0.19252972 -0.24313381 -0.08922633
v 0.44193801 -0.07873246 0.02985766
v 0.40698385 0.40395930 0.14419451
v -0.47059399 -0.08299458 -0.03756004
v -0.20715597 -0.45297474 -0.04780199
v -0.19773766 -0.48445442 -0.03412843
v -0.19226453 -0.43117496 -0.05170036
v -0.14034852 -0.46204764 -0.05094124
v -0.12357167 -0.21800412 -0.11529683
v 0.00402341 -0.23478933 -0.09982801
v -0.07638700 -0.17529193 -0.11798342
v -0.02507466 -0.23119467 -0.10554344
v 0.17735502 0.80464524 -0.05884754
v 0.41323578 0.39157808 0.13765122
v 0.38442755 0.42459312 0.14266421
v 0.37672389 0.40497562 0.14175181
v 0.17140768 0.82047319 -0.08964518
v 0.16883822 0.82567394 -0.02175456
v -0.15377983 -0.18622552 -0.10804569
v -0.04654639 -0.44155216 -0.06689089
v -0.23459350 -0.33032548 -0.06674489
v 0.23543492 0.66511863 0.03513866
v 0.22903030 0.68018764 0.06534418
v -0.21122307 -0.44105127 -0.05318133
v -0.17860547 -0.49702522 -0.03435835
v -0.28198993 -0.14045468 -0.09904439
v -0.28389588 -0.17881152 -0.08400959
v 0.34370822 0.41950917 0.09390944
v 0.11390547 0.24345972 -0.17795072
v 0.34047091 0.41794083 0.04285153
v -0.40322983 -0.14577276 -0.04599608
v 0.26171520 0.60172725 0.19107622
v -0.30432597 -0.18425190 -0.07518785
v 0.28262928 0.55175793 0.23520558
v -0.25169393 -0.18035023 -0.09850623
v 0.22942513 0.68364841 0.07667035
v 0.41221204 0.32331002 0.00365343
v 0.39527798 0.42095920 0.14224628
v 0.44939631 0.29270601 0.03168338
v -0.35959932 -0.02971349 -0.11183457
v 0.36476615 0.38052833 -0.04786676
v 0.18532360 0.79466867 -0.10983423
v 0.31467986 0.47702396 0.20002054
v 0.31441787 0.47755408 0.20695992
v 0.31309247 0.48094815 0.19500092
v 0.31248111 0.48218521 0.21119297
v 0.30273658 0.50608873 0.19268948
v 0.30212522 0.50732559 0.20888153
v 0.11041352 0.97611982 -0.03408764
v 0.11307933 0.97072679 -0.10468988
v 0.21230657 0.72762865 0.08419536
v 0.10918180 0.97999531 -0.06998764
v 0.31382033 0.48587760 0.13575089
v 0.19715384 -0.31843936 -0.07894730
v 0.34071633 0.42078349 0.02395003
v 0.21124701 0.73091608 0.08487535
v 0.41837609 0.40061116 0.14264990
v 0.21625257 0.71898383 0.08600835
v 0.14280985 0.89942855 -0.06256366
v 0.34289736 0.42998177 0.09358986
v 0.15816076 0.86240673 -0.05915614
v 0.41786858 0.37568617 0.11565834
v 0.38853839 0.42075640 0.13940214
v -0.49538416 0.02384880 -0.07360346
v -0.20472462 -0.12655655 -0.14191230
v 0.26416302 0.33357909 -0.10418113
v 0.21759602 0.71719825 0.08791433
v 0.46397483 0.28959873 0.04700742
v 0.24204785 0.65796375 0.11555374
v 0.24143375 0.65947729 0.11465361
v 0.44613722 0.35616910 0.10261242
v 0.40452388 0.41315836 0.14073522
v 0.23080455 0.68609846 0.08824437
v 0.00226350 -0.32889962 -0.09676917
v 0.34788302 0.42413071 0.11053520
v -0.16883460 -0.20719162 -0.10844997
v -0.24238610 -0.05320964 -0.15663026
v -0.17918773 -0.18802156 -0.11202342
v -0.48567906 0.00315743 -0.07105090
v -0.50097495 0.01120645 -0.06738174
v 0.21865588 0.71698928 0.09132571
v -0.16197249 -0.19476585 -0.11149774
v -0.52249742 -0.04957836 -0.03468483
v 0.21237870 0.73347592 0.08925790
v 0.24183980 0.66212273 0.11791121
v 0.35878646 0.39031854 -0.05883387
v 0.27139336 -0.25688595 -0.08083566
v 0.24231648 0.66123354 0.11895067
v 0.24387777 0.65761912 0.11565809
v 0.24264954 0.66064608 0.11385778
v 0.34735355 0.41979945 0.07428452
v -0.50483608 -0.04680587 -0.04423116
v -0.51978087 -0.03910293 -0.04058303
v 0.49548706 0.15867653 0.04024388
v 0.53172052 0.17511852 0.05985011
v 0.21402559 0.73144162 0.09311228
v 0.36003539 0.40055940 -0.06031642
v 0.21843909 0.72095925 0.09522098
v 0.40312439 0.32505304 -0.01497680
v 0.24026009 0.66918665 0.03871713
v 0.23535822 0.68072009 0.06183537
v 0.17604597 0.82651091 -0.05573885
v 0.19528191 0.78152400 -0.14973600
v 0.44268087 0.35834375 0.09843891
v 0.40003264 0.41655988 0.13817777
v 0.23050873 0.69253808 0.09528672
v 0.31598502 0.48811030 0.16498686
v -0.30646670 -0.16348355 -0.08721606
v -0.30565223 -0.20795502 -0.07184058
v 0.48582456 0.19443688 0.03134305
v 0.51972473 0.20981985 0.04968673
v 0.50828254 0.12387969 0.04900914
v 0.54218274 0.13926275 0.06735277
v 0.00935146 -0.30822077 -0.10300988
v 0.24278419 0.66288739 0.11712301
v 0.24812457 0.65142423 0.02691803
v 0.23590440 0.68017620 0.08455066
v 0.34672186 0.43421251 0.10827222
v 0.24181192 0.66565967 0.12032082
v 0.24373753 0.66110933 0.11920182
v -0.21850689 -0.45756263 -0.04757400
v -0.15064323 -0.42280936 -0.06591376
v -0.03107099 -0.25180164 -0.10875648
v -0.03012791 -0.18628372 -0.12053338
v 0.26996243 0.59799534 0.10438905
v 0.24211934 0.66529018 0.12123399
v -0.08848891 -0.47753367 -0.06264832
v -0.24736258 -0.37553525 -0.06276830
v 0.24509349 0.65878820 0.11486225
v 0.24447946 0.66030169 0.11396212
v 0.29613593 0.53340846 0.23729086
v 0.31720996 0.48307210 0.19965409
v 0.31694794 0.48360232 0.20659347
v 0.30685404 0.50821257 0.19734269
v 0.30659205 0.50874269 0.20428209
v 0.42747590 0.31772631 0.00909194
v 0.49579737 0.15700646 0.03936671
v -0.36629307 -0.12951206 -0.07575739
v -0.37013915 -0.16881885 -0.05940743
v 0.24250089 0.66607255 0.11967292
v 0.18128826 0.81923980 -0.15008394
v 0.17415980 0.83366305 0.03874284
v 0.34615430 0.43013668 0.07506345
v 0.24311562 0.66533345 0.12149925
v 0.24420525 0.66276312 0.11737417
v 0.24468189 0.66187418 0.11841357
v -0.53389198 0.02215293 -0.06112728
v -0.54459387 -0.00364528 -0.04625584
v -0.46340823 -0.01526467 -0.07790698
v -0.47475579 -0.04182837 -0.06244783
v 0.26909772 0.60356295 0.11382121
v 0.24349728 0.66611564 0.11993818
v 0.24194863 0.66989684 0.12180047
v 0.04233024 -0.31906143 -0.09658156
v 0.24380462 0.66574621 0.12085135
v 0.48769474 0.22780748 0.02763814
v 0.50099027 0.23525161 0.03652857
v 0.52858484 0.09934133 0.05980341
v 0.54245692 0.10563623 0.06730963
v 0.43372804 0.38867033 0.13583578
v 0.20683751 0.76081473 -0.18243495
v 0.34779876 0.43397054 0.09271242
v -0.25379798 -0.18720315 -0.10365728
v -0.36059454 -0.17845067 -0.06234375
v 0.38583845 0.27371681 -0.02674993
v 0.34947804 0.40078020 -0.05964499
v 0.11826908 0.97611368 -0.06934804
v 0.28044248 0.57857609 0.22465061
v 0.49352282 0.23389389 0.03162206
v 0.53687626 0.10018015 0.06298768
v -0.18619935 -0.31092152 -0.10107959
v -0.34215459 -0.36903042 -0.02040263
v -0.18230923 -0.36146900 -0.09264828
v -0.30770063 -0.43088460 -0.01927115
v 0.31612316 0.49331716 0.19602245
v -0.27713448 -0.18783490 -0.09490123
v -0.33806074 -0.18311030 -0.07119522
v 0.24286173 0.67336935 0.04404381
v 0.24020882 0.67961138 0.05655534
v 0.48479629 0.21697465 0.02547785
v 0.51080310 0.22872420 0.03869406
v 0.52115387 0.10450399 0.05309802
v 0.54665804 0.11607724 0.06689847
v 0.22176893 0.72909993 -0.19502653
v 0.22476824 0.71781749 0.08849313
v 0.10016383 -0.30965549 -0.09575293
v 0.07735258 0.18709806 -0.20690642
v 0.30787864 0.51464975 0.23458767
v 0.27165428 0.60418522 0.12176986
v 0.25980261 0.63453424 0.02587781
v 0.24366812 0.67249590 0.10197103
v 0.40795603 0.40544647 0.13008562
v 0.35972229 0.42714858 0.12418749
v 0.40501198 0.41664624 0.13385271
v -0.39708349 -0.02096406 -0.10883052
v 0.31474739 0.49966368 0.22068872
v 0.11302189 -0.31247973 -0.09501953
v 0.24284364 0.67703032 0.05030775
v -0.02176939 0.14746617 -0.19260792
v 0.35110062 0.43700764 0.10729902
v -0.14404728 -0.18593749 -0.11981899
v 0.00982484 -0.30048096 -0.11053438
v 0.36748329 0.38869458 -0.05969334
v 0.38445032 0.26061687 -0.03029331
v 0.49501699 0.17147645 0.03106929
v 0.53075159 0.18769212 0.05040552
v 0.50157189 0.14470296 0.03939752
v 0.53908992 0.16149507 0.05696471
v 0.26888463 0.61685163 0.03198907
v 0.25123069 0.65838838 0.11524845
v -0.20314659 -0.26509175 -0.10694336
v -0.36737183 -0.30128571 -0.02927249
v 0.41541862 0.32671344 -0.00512355
v 0.35212949 0.42372608 0.05588434
v 0.19143866 0.80496484 0.04191703
v 0.19859301 0.79049087 -0.14756474
v 0.39013138 0.32657892 -0.03763209
v 0.35811692 0.43680882 0.12184546
v 0.35068354 0.43360001 0.07672331
v 0.00567869 -0.32041895 -0.10793671
v -0.20134813 -0.41257396 -0.07968242
v -0.25729394 -0.48629653 -0.02830473
v -0.26579025 -0.14662512 -0.11865149
v -0.26715198 -0.18250696 -0.10453790
v 0.29605407 0.31494150 -0.09588179
v -0.22576354 -0.15750316 -0.13225073
v 0.43083963 0.31253207 0.00451689
v 0.34804597 0.39704242 -0.06583615
v 0.12132917 -0.32438812 -0.09591176
v -0.28207424 -0.16701023 -0.10492823
v -0.33686033 -0.16256855 -0.08395750
v -0.27832925 -0.20980029 -0.09181082
v -0.33719897 -0.20828114 -0.06759231
v 0.07186634 -0.35035422 -0.10284428
v -0.21739912 -0.44756654 -0.06228528
v -0.22685720 -0.47081900 -0.04709069
v -0.17878123 -0.41033775 -0.07310818
v -0.13258415 -0.43822405 -0.07249714
v -0.05546564 -0.24774873 -0.11949234
v -0.00727000 -0.25663930 -0.11339773
v -0.04915076 -0.16605739 -0.13306773
v -0.00987797 -0.20884359 -0.12354659
v 0.37048674 0.39952177 -0.06201091
v 0.04013855 -0.34374371 -0.10638944
v 0.21108644 0.76272905 0.04343074
v 0.29193214 0.30158865 -0.09959501
v 0.10493600 -0.34580398 -0.09869404
v 0.45549706 0.36398947 0.11982447
v 0.29604170 0.55740827 0.11156814
v 0.35529652 0.43132493 0.09271240
v -0.39595044 -0.16497216 -0.05917282
v 0.35081336 0.35552341 -0.07428207
v 0.39450952 0.27995428 -0.02984829
v 0.35224143 0.43466106 0.05869195
v 0.01927221 -0.33650601 -0.10920700
v 0.48905042 0.20764408 0.02138093
v 0.51801229 0.22073548 0.03612368
v 0.52016431 0.11175034 0.04479682
v 0.54859537 0.12465169 0.06018111
v 0.39534530 0.41799024 0.12881558
v 0.37668487 0.38576910 -0.05684993
v 0.24659508 0.68534201 -0.20135254
v 0.22068343 0.74413347 0.07946001
v -0.24315158 -0.42297491 -0.06522456
v -0.13758864 -0.50506860 -0.05998363
v 0.38110977 0.42343876 0.12673381
v -0.13559487 0.09896602 -0.18463801
v 0.25517303 0.66075093 0.11129692
v 0.25456059 0.66226470 0.11039618
v 0.35353315 0.42988542 0.04311817
v 0.03860846 0.14954264 -0.22076172
v 0.37283969 0.33878168 -0.05487735
v -0.05151597 0.16432276 -0.20105407
v 0.35789761 0.43459883 0.10691263
v 0.41733813 0.41321468 0.12954780
v 0.47236013 0.32952476 0.08957455
v -0.22646229 -0.22656874 -0.11230343
v -0.38377333 -0.22873408 -0.04581107
v 0.36233082 0.34640965 -0.06491367
v 0.39641449 0.42583475 0.12708580
v 0.25733107 0.65918624 0.03374584
v 0.24797820 0.68119204 0.07785596
v 0.35196787 0.43350774 0.02447783
v 0.38068223 0.43190688 0.12448558
v 0.25692356 0.66015947 0.11104347
v 0.25569862 0.66318709 0.10924204
v 0.35767546 0.43066618 0.07820820
v 0.33803943 0.37068343 -0.07681092
v 0.36365184 0.43921641 0.11984206
v 0.42465544 0.29150268 -0.01262463
v -0.52478868 0.03436100 -0.08265975
v -0.59456235 0.07655007 -0.06806499
v -0.51911789 0.01900513 -0.07917682
v -0.60882854 0.07316923 -0.06038033
v -0.61707139 0.05557536 -0.04981699
v -0.61155188 0.04020064 -0.04625915
v -0.53566796 -0.01973507 -0.05663106
v -0.54993331 -0.02332927 -0.04886314
v -0.58586961 -0.00181060 -0.04126378
v 0.48843080 0.28895181 0.03784506
v -0.22278528 -0.43772081 -0.07244362
v -0.18177183 -0.50814104 -0.05038429
v 0.34299234 0.38433853 -0.07515228
v 0.25600910 0.66506159 0.11319882
v 0.38159499 0.39543098 -0.05780302
v 0.25659615 0.66419387 0.11419932
v 0.25806147 0.66108203 0.10988933
v 0.25744903 0.66259587 0.10898864
v 0.50387901 0.15858091 0.03115830
v 0.53595132 0.17294866 0.04580527
v -0.00133492 0.15365423 -0.21643689
v 0.28567925 0.59322214 0.21161272
v -0.31186652 -0.14889112 -0.10596041
v -0.30525017 -0.23197965 -0.08058135
v -0.23896049 -0.18649673 -0.12268091
v 0.25683737 0.66562384 0.11215208
v 0.49526829 0.18630241 0.02236070
v 0.52785641 0.20104294 0.03926135
v 0.51381850 0.13084637 0.03535941
v 0.54596883 0.14543554 0.05275627
v 0.37208459 0.40042740 -0.06828796
v 0.42536661 0.33786514 -0.00507782
v 0.35395628 0.44031310 0.04516128
v 0.25801122 0.66388893 0.11415293
v 0.44965285 0.31023857 0.00875971
v 0.35147619 0.44445270 0.02532752
v 0.35677329 0.43677348 0.06051604
v 0.21040931 0.78251576 -0.00624632
v 0.23519370 0.72118008 0.08294742
v 0.28167605 0.60750729 0.15701714
v 0.23456891 0.72304326 0.08101827
v 0.25825244 0.66531891 0.11210564
v 0.25695550 0.66873658 0.11517777
v 0.25883949 0.66445112 0.11310609
v 0.25741354 0.66839629 0.11603757
v 0.27229467 0.63739336 -0.20504439
v -0.16693154 0.03336351 -0.17996314
v 0.23605870 0.72102994 0.08617538
v 0.49438411 0.22567987 0.01769603
v 0.50730711 0.23153244 0.02447760
v 0.53557444 0.09992940 0.04787435
v 0.54837692 0.10573879 0.05480183
v -0.38745421 -0.13118461 -0.08318432
v -0.39105961 -0.16944286 -0.06721242
v 0.36193362 0.28425491 -0.06342572
v 0.25752571 0.66899824 0.11435836
v -0.21036947 -0.06522766 -0.18682197
v 0.36654261 0.42220306 0.09223982
v 0.41592854 0.34417289 -0.01167800
v 0.23271456 0.73104852 0.07870664
v 0.25844169 0.66831791 0.11607810
v 0.29897138 0.56861049 0.22777738
v 0.30002338 0.32229561 -0.10525929
v 0.25855377 0.66891980 0.11439889
v 0.25149038 0.68688601 0.07321130
v 0.25901189 0.66857946 0.11525874
v 0.52208090 0.11355620 0.03750764
v 0.50084043 0.22987956 0.01982464
v 0.54320419 0.10126279 0.05038525
v 0.23264475 0.73374683 0.07937827
v -0.22695309 -0.43801847 -0.07372871
v -0.15925378 -0.50470692 -0.06227551
v -0.11970763 -0.17719708 -0.14511523
v -0.01626079 -0.27955222 -0.12465256
v 0.23663144 0.72450471 0.08923371
v -0.17959708 -0.10408111 -0.18662909
v 0.43228388 0.40175653 0.12168507
v 0.25793651 0.67301023 0.11614512
v 0.37107819 0.43590930 0.11902183
v -0.15944406 -0.00437013 -0.17600740
v 0.43763882 0.33385184 0.00009670
v 0.42975798 0.21039049 -0.01998531
v 0.33870271 0.30215746 -0.08767099
v 0.40754595 0.42282981 0.12243090
v -0.17825662 -0.08181905 -0.19686946
v 0.21872850 0.76999038 0.06813674
v 0.36889678 0.42511252 0.10582368
v -0.14131369 -0.00927807 -0.17427535
v -0.45203665 -0.00511199 -0.10657592
v 0.38877723 0.43175942 0.12110011
v 0.49563029 0.20180026 0.01764658
v 0.52177697 0.21359596 0.03034938
v 0.52402848 0.11765781 0.03697233
v 0.54937541 0.12915967 0.05068774
v 0.28723931 0.60309732 0.19001424
v 0.40527514 0.28109089 -0.03360438
v 0.32566857 0.51489645 0.12148436
v 0.36826009 0.42171937 0.07855150
v 0.23348354 0.73588669 0.08318412
v 0.25270399 0.68929994 0.08536788
v 0.36023429 0.27015227 -0.06719271
v 0.26229501 0.66716701 0.04390917
v 0.25723323 0.67907667 0.06778139
v 0.52279431 0.16539919 0.03351516
v 0.50514638 0.17054343 0.02447277
v 0.53265756 0.18291649 0.03746771
v 0.51209551 0.14758401 0.03046003
v 0.54049778 0.16025865 0.04248743
v -0.24847889 -0.19223504 -0.12279916
v -0.38034204 -0.18021478 -0.07199951
v 0.21386148 0.78674144 -0.05437745
v 0.27195814 0.64478254 0.03489255
v 0.25960940 0.67383701 0.09313178
v -0.12747115 -0.05783118 -0.16711587
v 0.23475289 0.73444408 0.08644757
v 0.38461035 0.39544258 -0.06359158
v 0.37082094 0.28367761 -0.06148257
v 0.33476463 0.28846458 -0.09101737
v 0.36376876 0.43341669 0.06024036
v -0.29111201 -0.15157613 -0.12089514
v -0.33457741 -0.14853476 -0.10370463
v -0.28490245 -0.23185857 -0.09592938
v -0.33296537 -0.23263779 -0.07500020
v -0.13016386 0.06259348 -0.18667202
v -0.14879362 -0.10520073 -0.15329991
v 0.35789484 0.42375296 -0.03735891
v 0.35941339 0.44205907 0.04473688
v -0.23231249 -0.45090398 -0.07483154
v -0.20556690 -0.50271726 -0.05522989
v -0.22735026 -0.41681689 -0.07847211
v -0.14044812 -0.48571062 -0.07300556
v -0.12556870 -0.21623787 -0.13083071
v -0.02477193 -0.29610243 -0.12523670
v -0.09266750 -0.15982819 -0.14927182
v 0.00141351 -0.25404933 -0.13080405
v 0.35710689 0.44654393 0.02543034
v -0.13283154 -0.04211324 -0.17147088
v 0.29476076 0.59781039 -0.20573685
v -0.53246367 0.02204915 -0.08476907
v -0.60235178 0.06430034 -0.07014757
v -0.61060214 0.04664688 -0.05955770
v -0.54913491 -0.01703295 -0.06203561
v -0.58503973 0.00464807 -0.05451375
v -0.15565787 -0.16514458 -0.13778543
v 0.26723975 0.66132665 0.10407032
v 0.26662877 0.66284055 0.10316866
v 0.26226062 0.67415172 0.05586084
v -0.48317665 -0.09315592 -0.06233122
v 0.49997133 0.21462674 0.01639447
v 0.51311338 0.22054429 0.02225417
v 0.53548056 0.11002657 0.04001828
v 0.54796654 0.11569256 0.04677460
v 0.52130938 0.17252833 0.02989967
v 0.52632558 0.15770014 0.03326390
v 0.25319821 0.69616061 0.09232530
v 0.48996237 0.28149748 0.00662626
v 0.33315444 0.50539565 0.12841164
v 0.47090846 0.17387955 0.00185582
v 0.28218484 0.62806523 0.04185281
v 0.26867315 0.65985596 0.10557680
v 0.44911644 0.22426175 -0.01464707
v 0.33768627 0.37657601 -0.13067503
v 0.26880282 0.66047621 0.10351209
v -0.18737029 -0.10119363 -0.15717791
v 0.01368313 -0.30786654 -0.12779322
v 0.26758090 0.66350377 0.10170873
v 0.47780752 0.28559470 -0.00466004
v 0.40531191 0.35591298 -0.01686750
v 0.33847362 0.30477628 -0.09540349
v 0.28494123 0.34016415 -0.12364997
v 0.50725299 0.21762423 0.01795197
v 0.54263747 0.11257521 0.04194605
v -0.16952579 -0.06056824 -0.16931519
v -0.45325270 -0.12151601 -0.06683171
v -0.20167264 -0.13818929 -0.16990387
v 0.50538009 0.18352839 0.02013044
v 0.52768427 0.19353451 0.02972816
v 0.52216184 0.13655615 0.02978626
v 0.54400390 0.14637437 0.04008352
v 0.32635772 0.33452719 -0.09687443
v 0.26975480 0.66113967 0.10205205
v 0.26914385 0.66265351 0.10115040
v -0.53355378 0.02108893 -0.08721199
v -0.60343891 0.06335591 -0.07259812
v -0.61169106 0.04572109 -0.06201457
v -0.55022955 -0.01798400 -0.06448005
v -0.58612305 0.00367237 -0.05695371
v 0.36127770 0.36805677 -0.08593003
v -0.19238143 -0.14708731 -0.14655049
v -0.15156418 -0.03862893 -0.17502661
v 0.48351333 0.17074081 0.00719396
v 0.39781824 0.42582637 0.11890580
v 0.42339370 0.40987918 0.11299625
v 0.29078484 0.61184275 0.09703626
v 0.45851129 0.15692376 -0.00595299
v 0.45724019 0.37199563 0.10134126
v -0.43172416 -0.14698382 -0.06801472
v 0.47604403 0.33477724 0.07248645
v 0.22459754 0.77602363 -0.10224060
v 0.31530648 0.55123281 0.23029473
v 0.42332894 0.34169441 -0.01196557
v 0.26900092 0.66560531 0.10529122
v 0.50487143 0.20027225 0.01702898
v 0.51966482 0.20692687 0.02350883
v 0.53196955 0.12319965 0.03337934
v 0.54595792 0.12954719 0.04094851
v -0.51488739 -0.05449628 -0.06727775
v -0.52958173 -0.04682614 -0.06372852
v -0.53260934 -0.05858587 -0.05783897
v -0.01801929 -0.42234814 -0.10724853
v 0.26968828 0.66474050 0.10622791
v 0.38022524 0.42743322 0.12079365
v 0.36638257 0.43911913 0.04272476
v -0.25997826 -0.15380527 -0.13992558
v -0.26146737 -0.18788278 -0.12619229
v -0.23791771 -0.28122380 -0.10861514
v 0.38533717 0.39023501 -0.07010897
v 0.26963389 0.66596502 0.10403910
v 0.51856911 0.18467295 0.02436104
v 0.53247494 0.14493158 0.03282977
v 0.33457437 0.50772637 0.15804942
v 0.36230162 0.40977946 -0.15651162
v 0.21737976 0.79387444 0.04422250
v -0.04859312 -0.45890823 -0.09827188
v -0.25748083 -0.32509482 -0.09652328
v 0.29053393 0.61647135 0.10774865
v 0.27100873 0.66423523 0.10591254
v 0.37114242 0.29077843 -0.07036343
v 0.37406558 0.42410007 0.06154343
v 0.51336753 0.20208716 0.01948030
v 0.53924334 0.12768155 0.03555012
v 0.36438218 0.44302559 0.02443012
v 0.27095425 0.66546005 0.10372363
v -0.26445666 -0.19429033 -0.12429028
v -0.37187064 -0.18557206 -0.08243401
v 0.36413032 0.41108119 -0.04271416
v 0.27164167 0.66459495 0.10466037
v -0.23736332 -0.44691986 -0.07292684
v -0.15166426 -0.42684251 -0.09103774
v -0.03379097 -0.26785198 -0.13323994
v -0.01466293 -0.17818210 -0.14791614
v 0.45820317 0.32753199 0.00422505
v 0.00340779 -0.38039881 -0.11890540
v -0.21083380 -0.23715647 -0.12376900
v 0.37380046 0.35932344 -0.07762481
v 0.38768882 0.34973070 -0.06553015
v 0.31190413 0.56902802 0.10493989
v 0.40068558 0.34166458 -0.05621853
v -0.16431399 -0.17528220 -0.14201124
v 0.27080873 0.66924632 0.10662929
v 0.05008475 -0.31323963 -0.12582386
v 0.41341045 0.30884582 -0.04064128
v 0.21342099 0.81190270 -0.05842457
v 0.21500933 0.80716884 0.00191611
v 0.27120695 0.66936284 0.10568450
v 0.27140391 0.66890985 0.10740216
v -0.49801508 -0.00760512 -0.09705775
v -0.51283753 0.00059016 -0.09365685
v -0.50768679 0.01291606 -0.10091136
v 0.20398568 0.83653986 -0.10692722
v 0.20012675 0.84434748 -0.00471468
v -0.09014438 -0.49142611 -0.08988686
v 0.31917414 0.55909359 -0.20149411
v -0.26526272 -0.37269518 -0.08971077
v 0.29342660 0.61677313 0.11602341
v 0.27220041 0.66914284 0.10551253
v -0.27102709 -0.17249727 -0.13174762
v -0.36700660 -0.16540104 -0.09485687
v -0.26646513 -0.21426632 -0.11947778
v -0.36989251 -0.20972320 -0.07726529
v 0.27239734 0.66868985 0.10723019
v 0.34663025 0.30770552 -0.09629069
v -0.22287574 -0.44300634 -0.08727371
v -0.23911861 -0.48421371 -0.06147580
v -0.20658801 -0.40337172 -0.09220945
v -0.12679273 -0.45408452 -0.09181789
v -0.12948181 -0.24817781 -0.13397600
v -0.04539057 -0.30658591 -0.12986924
v -0.06184943 -0.15358411 -0.15779078
v 0.00617303 -0.22769192 -0.14129971
v 0.27851206 0.65531987 0.04831143
v 0.27182901 0.67104393 0.07983027
v -0.18145385 -0.16772428 -0.14585485
v 0.27279556 0.66880637 0.10628540
v 0.26630375 0.68578577 0.07202808
v -0.22087185 -0.16799743 -0.15671571
v 0.35994238 0.44457105 -0.17521599
v 0.00973231 -0.31951639 -0.13319172
v 0.32847998 0.53317797 0.22886628
v -0.18645361 -0.31351098 -0.13031135
v -0.35930911 -0.37821639 -0.04070280
v -0.18521525 -0.36482081 -0.12077598
v -0.32062730 -0.44260609 -0.04037857
v 0.11239104 -0.29171315 -0.12428789
v 0.01268685 -0.34554875 -0.12937620
v -0.18280821 -0.20288596 -0.13831744
v 0.44066322 0.33105052 -0.00399014
v 0.33525419 0.51887643 0.21605313
v 0.54404724 0.05839460 0.03781028
v 0.25192556 0.72343457 0.07756421
v 0.27249473 0.67339826 0.10691528
v 0.33756554 0.51457071 0.19087844
v -0.23297805 -0.44535542 -0.08180556
v -0.24766058 -0.45321897 -0.07096713
v -0.16411558 -0.40629399 -0.09883983
v -0.13577969 -0.42079669 -0.09916508
v -0.04660970 -0.26554054 -0.13902549
v -0.02109212 -0.27065843 -0.13574111
v -0.02495801 -0.16723572 -0.15469955
v -0.00370373 -0.19039150 -0.14954677
v 0.25326806 0.72082472 0.08508149
v -0.20366444 -0.26907492 -0.13431281
v -0.38623372 -0.30868739 -0.04793546
v 0.44505307 0.38284209 0.09363521
v 0.42329732 0.39768720 0.09569870
v -0.41307768 -0.17010874 -0.07578957
v 0.25283059 0.72319359 0.08058985
v -0.20341501 -0.41313952 -0.10688837
v -0.26393127 -0.49773851 -0.04989063
v 0.26731518 0.68818676 0.08425133
v 0.25218216 0.72516710 0.07623525
v 0.33823809 0.51861328 -0.19541882
v 0.22152781 0.80248159 -0.10248310
v 0.19944420 0.26476827 -0.18293104
v 0.38210356 0.37626508 -0.07927678
v 0.35173911 0.48055360 -0.18854418
v 0.50171208 0.14910980 0.01248504
v 0.30912760 0.58644450 0.21390469
v 0.47020143 0.33911330 0.05516099
v 0.37758499 0.42826727 0.04180581
v -0.53269750 0.02742946 -0.10042769
v -0.60244173 0.06971100 -0.08588211
v -0.52703685 0.01207256 -0.09693971
v -0.61672616 0.06630470 -0.07817932
v -0.62498468 0.04870380 -0.06760642
v -0.61947399 0.03332592 -0.06404338
v -0.54356432 -0.02670562 -0.07438916
v -0.55788541 -0.03024371 -0.06661839
v -0.59381115 -0.00870833 -0.05903028
v 0.27846670 0.66454160 0.06409145
v 0.30329844 0.60395753 0.12328265
v 0.25341710 0.72581106 0.08287394
v 0.45594835 0.34642687 0.04613281
v 0.39752993 0.36481720 -0.06681975
v 0.28935599 0.63959491 0.05653542
v 0.28204358 0.65679973 0.09102257
v -0.25961640 -0.42053464 -0.08763045
v -0.14242983 -0.51622397 -0.08137209
v 0.25149837 0.73174453 0.07384367
v -0.22627044 -0.23026857 -0.13717309
v -0.40265888 -0.23374902 -0.06238876
v 0.25489137 0.72457647 0.07772279
v -0.23483388 -0.19379392 -0.14521374
v -0.31980425 -0.14264898 -0.12853509
v -0.31087121 -0.25051242 -0.09579723
v -0.40061969 -0.13594680 -0.09746871
v -0.40424588 -0.17413355 -0.08150669
v 0.25150701 0.73404956 0.07461053
v 0.10249943 -0.30717087 -0.12816896
v -0.23587801 -0.43705910 -0.09339699
v -0.18656616 -0.51987493 -0.07065507
v 0.25566417 0.72538376 0.08016107
v 0.22267140 0.80835271 -0.10422721
v 0.21880020 0.81618440 -0.00169968
v 0.01429135 -0.31647643 -0.13960440
v -0.15553145 -0.18132935 -0.14915901
v 0.12232236 -0.31266764 -0.12572522
v 0.25209567 0.73545384 0.07731372
v 0.25278965 0.73446530 0.07978668
v -0.28243840 -0.15778273 -0.14107096
v -0.35706067 -0.15175712 -0.11221059
v -0.27540919 -0.23444813 -0.11759014
v -0.35695791 -0.23550975 -0.08244083
v 0.26933518 0.69475263 0.09114315
v 0.34038568 0.52457440 0.10958275
v 0.11442753 -0.30825153 -0.12923092
v 0.29763696 0.62808889 0.08980513
v 0.25465783 0.73257399 0.07487712
v 0.02111899 -0.33581561 -0.13863450
v 0.38611916 0.42685544 0.08198053
v 0.28930637 0.64968508 0.07380145
v -0.31016031 -0.14424606 -0.13555820
v -0.33190036 -0.14269798 -0.12736532
v -0.29704604 -0.25001770 -0.10595318
v -0.32885751 -0.25136590 -0.09083741
v 0.23357624 0.78879142 -0.14226660
v 0.25519302 0.73358428 0.07723413
v -0.26007769 -0.15871087 -0.15289614
v -0.26180971 -0.19221751 -0.13914996
v -0.24844550 -0.19836596 -0.14253135
v -0.39629686 -0.18422554 -0.08566044
v 0.21051849 0.84556597 -0.05589279
v 0.29775363 0.63256735 0.10143165
v 0.31063312 0.60341936 0.15353686
v 0.03914814 -0.34742168 -0.14011283
v 0.16334976 -0.33465832 -0.12392557
v 0.31286967 0.59844166 0.18991984
v 0.12164275 -0.31816486 -0.13182621
v 0.25133419 0.75485212 -0.15107825
v 0.43863961 0.31499252 -0.01828939
v 0.54287869 -0.01590275 0.02686670
v -0.47932306 -0.02927809 -0.11263275
v -0.54950505 0.00852327 -0.09613791
v -0.49050185 -0.05556721 -0.09735632
v -0.56028062 -0.01721261 -0.08125792
v 0.28280810 0.67807102 0.07353176
v 0.24654478 0.77001685 -0.17369705
v 0.25515574 0.74618691 0.07541833
v 0.20034096 -0.34267309 -0.12228312
v 0.34857920 0.52169293 0.12443908
v -0.23618922 -0.44453377 -0.09536677
v -0.25247505 -0.46791309 -0.07829553
v -0.18263377 -0.40147832 -0.10890579
v -0.13366798 -0.42920288 -0.10950883
v -0.11770374 -0.27918068 -0.14148940
v -0.07419820 -0.30926567 -0.14071985
v -0.03183048 -0.16048516 -0.16807993
v 0.00498303 -0.20059215 -0.15915503
v 0.07318671 -0.35137111 -0.14035405
v 0.28263101 0.68121427 0.08587361
v 0.24898455 0.76461953 0.03812700
v 0.47999993 0.15980430 -0.01312455
v 0.30216736 0.63486052 0.10979344
v 0.10760385 -0.33845618 -0.13645969
v 0.44315520 0.35826004 0.00600697
v 0.29779178 0.64737046 0.08327277
v 0.26946500 0.32142013 -0.16427673
v 0.34777775 0.52613735 0.17707419
v 0.20766924 -0.35075316 -0.12290867
v 0.50575972 0.06091482 0.00145408
v 0.34861031 0.52578688 0.15056647
v 0.22967888 0.81757849 -0.05303143
v 0.49293604 0.15677169 -0.00755771
v 0.29786718 0.65125149 0.09574030
v 0.29235667 0.66562992 0.07726458
v 0.33090219 0.57038325 0.21534096
v 0.38463005 0.45794252 0.08087411
v -0.30215940 -0.14685071 -0.14880954
v -0.34323981 -0.14452522 -0.13229856
v -0.29196796 -0.25139040 -0.11765084
v -0.34235138 -0.25344732 -0.09442479
v 0.35210240 0.52353048 0.09972247
v 0.29204640 0.66953439 0.08982290
v 0.26329717 0.74440116 -0.18445839
v 0.20436852 0.28575358 -0.20335317
v 0.01790077 -0.30494097 -0.15576547
v 0.28596103 0.68758011 0.09246330
v 0.37609908 0.48509601 0.08502086
v 0.34912187 0.53403950 0.20272030
v 0.51439667 -0.09942169 0.00323341
v 0.43351561 0.25532171 -0.05703764
v 0.33067453 0.58428115 0.12283346
v 0.19894996 -0.31789008 -0.13487224
v 0.31919983 0.61372548 0.11210111
v 0.30300727 0.65439409 0.10379436
v 0.39147729 0.45921022 0.10360388
v 0.34522122 0.55196977 0.21300691
v 0.15986262 0.20987159 -0.22919185
v 0.29701263 0.67458659 0.09688690
v 0.28078261 0.71523422 0.08369559
v 0.25882339 0.76931715 0.06348928
v 0.44174439 -0.19816726 -0.04893352
v 0.25772601 0.77389294 0.00905976
v 0.01249838 -0.31662059 -0.16093343
v -0.15176508 -0.14707325 -0.17486905
v 0.36992186 -0.26324341 -0.09095540
v 0.33495453 0.58665603 0.15342788
v 0.31968805 0.20351619 -0.12945279
v 0.24361195 0.81209338 -0.05691127
v 0.38371858 0.48666975 0.10779097
v 0.33673015 0.58324373 0.18978453
v 0.36097124 0.52780724 0.11811030
v -0.14072867 -0.10749657 -0.18931440
v 0.34588864 0.56377721 0.12350163
v 0.35336936 0.54695296 0.12557830
v 0.10866057 -0.29046354 -0.15272029
v 0.35523769 0.54244590 0.18339466
v -0.11655546 -0.06772629 -0.20438769
v -0.32907134 -0.14570676 -0.15150367
v -0.30718437 -0.15014477 -0.15859655
v -0.35285217 -0.15168083 -0.14009634
v -0.28867516 -0.16239694 -0.16154329
v -0.37292120 -0.15899900 -0.12871653
v -0.27482471 -0.18191198 -0.16053043
v -0.38751036 -0.17400432 -0.11680234
v -0.26884413 -0.20388865 -0.15541711
v -0.39403197 -0.19474293 -0.10625612
v -0.27037552 -0.22204982 -0.14860722
v -0.39019874 -0.21840754 -0.09933338
v -0.27838457 -0.24006306 -0.13997111
v -0.37521175 -0.24115556 -0.09804028
v -0.29250300 -0.25382873 -0.13062461
v -0.35528862 -0.25685024 -0.10101519
v -0.32711369 -0.26172447 -0.11130593
v -0.25971779 -0.46063235 -0.09914481
v -0.24019653 -0.43743059 -0.11313471
v -0.26403958 -0.47605231 -0.09080502
v -0.23284718 -0.44303375 -0.11713467
v -0.25336754 -0.49902031 -0.08642201
v -0.23673925 -0.44705445 -0.11601580
v -0.22396334 -0.51952583 -0.08854874
v -0.25268060 -0.43921879 -0.11135787
v -0.17879325 -0.52301365 -0.09898349
v -0.25013304 -0.41713843 -0.11376942
v -0.15251847 -0.50109977 -0.10876570
v -0.22649170 -0.40328026 -0.11902476
v -0.13810326 -0.46661836 -0.11900373
v -0.19732787 -0.40398887 -0.12248605
v -0.14870223 -0.43873176 -0.12244847
v -0.17574327 -0.43060350 -0.11963325
v -0.11271009 -0.30200124 -0.15807264
v -0.12810834 -0.27983049 -0.15691856
v -0.07631477 -0.31596571 -0.15618530
v -0.14101633 -0.24935447 -0.16087228
v -0.04551230 -0.31792939 -0.15855987
v -0.13925320 -0.21643536 -0.16707852
v -0.02150952 -0.31125510 -0.16255017
v -0.12473706 -0.18110813 -0.18086366
v -0.00366291 -0.29260677 -0.16531634
v -0.09850007 -0.16189142 -0.18419372
v 0.01254316 -0.26556113 -0.16904433
v -0.06482126 -0.15220632 -0.18807898
v 0.01372432 -0.23777871 -0.16903675
v -0.03343885 -0.15973952 -0.18447161
v 0.00906974 -0.20605098 -0.17416599
v -0.00749185 -0.17864734 -0.17958596
v 0.29967147 -0.30563322 -0.13531142
v -0.38107660 -0.05161002 -0.16760023
v -0.41620186 -0.04012120 -0.15643579
v -0.34445226 -0.06129645 -0.17996912
v -0.46751845 -0.01910810 -0.14178053
v -0.30667326 -0.06873693 -0.19374646
v -0.26097199 -0.07618036 -0.21092165
v -0.21945404 -0.08245163 -0.22659785
v -0.51949507 0.00238043 -0.12701701
v -0.18808050 -0.09699720 -0.23442248
v -0.50973737 -0.01816336 -0.12332523
v -0.52492428 -0.00984464 -0.11981016
v -0.18838668 -0.12035840 -0.22489575
v -0.52807009 -0.06573201 -0.09652840
v -0.54335058 -0.05770896 -0.09285592
v -0.20844160 -0.15255296 -0.20285700
v -0.54634869 -0.06946290 -0.08691760
v -0.49817306 -0.10553774 -0.09427594
v -0.26429877 -0.16677496 -0.17221259
v -0.33842766 -0.15855993 -0.14340882
v -0.41221759 -0.14378317 -0.11777428
v -0.22574358 -0.17826073 -0.18457825
v -0.47036681 -0.13107665 -0.09683827
v -0.45097041 -0.15436564 -0.09650818
v -0.24010037 -0.20317236 -0.16814733
v -0.26685721 -0.19840904 -0.15840992
v -0.41704547 -0.18191227 -0.10127170
v -0.42721984 -0.17835411 -0.09803345
v -0.25387192 -0.20445533 -0.16158631
v -0.32756037 -0.20362863 -0.13183974
v -0.40769801 -0.19079839 -0.10207395
v -0.23254226 -0.23602775 -0.16077162
v -0.41533622 -0.24097367 -0.08295659
v -0.21082361 -0.27527061 -0.16047338
v -0.39881709 -0.31688470 -0.07128989
v -0.19448572 -0.32008943 -0.15769716
v -0.37078032 -0.38777518 -0.06569336
v -0.19275086 -0.37035114 -0.14842869
v -0.33032614 -0.45167023 -0.06598831
v -0.20886382 -0.41694334 -0.13367239
v -0.27006379 -0.50624669 -0.07490665
v -0.24304731 -0.43939376 -0.11656764
v -0.22821850 -0.48585540 -0.10176841
v -0.19895335 -0.52830404 -0.09204822
v -0.27125016 -0.42222509 -0.11105312
v -0.21477094 -0.47585166 -0.10630766
v -0.14675649 -0.52445835 -0.10617719
v -0.27715084 -0.37369069 -0.11804030
v -0.09623563 -0.50108045 -0.11903291
v 0.53127384 0.10657618 0.00097081
v 0.29102659 0.70686007 -0.18705471
v -0.05475291 -0.46977308 -0.13087443
v -0.26925498 -0.32470745 -0.12826335
v 0.24975748 -0.33667955 -0.13617244
v 0.36841586 0.35988900 -0.11208517
v 0.06103397 -0.30675000 -0.16001742
v 0.24817623 0.80900043 -0.02193915
v 0.40061525 0.29589924 -0.08010791
v -0.16165622 -0.15810956 -0.17701861
v 0.35522458 0.54817802 0.15071002
v 0.46862283 0.20155950 -0.03928539
v 0.36438346 0.52948141 0.12303201
v -0.18644424 -0.13190161 -0.18536180
v 0.43355966 0.30491409 -0.04496248
v 0.33894441 0.59049225 0.11216094
v 0.48502722 0.11643584 -0.02231385
v -0.24892387 -0.27990019 -0.14218552
v -0.02463777 -0.43492916 -0.14290152
v 0.31273896 0.17651740 -0.13841829
v 0.30359960 0.18564825 -0.14511874
v 0.32525963 0.17469698 -0.13091440
v 0.29902661 0.19936489 -0.14877622
v 0.33733627 0.18056431 -0.12440609
v 0.30103046 0.21414492 -0.14856419
v 0.34544551 0.19249047 -0.12058120
v 0.30907410 0.22602819 -0.14453925
v 0.34741464 0.20728007 -0.12046458
v 0.33386013 0.23959573 -0.14302298
v 0.35015306 0.22613737 -0.12456746
v 0.34280998 0.23593675 -0.13264072
v 0.31492171 0.65550548 -0.18514560
v 0.39544165 0.39998844 -0.12715659
v 0.34970590 0.56611782 0.15284979
v 0.44450292 0.37042260 0.01573979
v 0.25492147 0.80076808 -0.09557297
v 0.35182431 0.56251508 0.18710798
v 0.49350980 0.13931938 -0.02317289
v -0.17815632 -0.15172163 -0.18182929
v 0.41615057 0.27282760 -0.08155476
v 0.39565548 0.37719637 -0.06617177
v -0.12126214 -0.05093294 -0.21286367
v -0.21909919 -0.23541228 -0.15827098
v 0.39819500 0.43015808 -0.14641266
v 0.02267609 -0.33418193 -0.16761392
v 0.26353523 0.78479332 -0.05299021
v -0.00089604 -0.39304194 -0.15612297
v 0.26496190 0.78315318 -0.03878369
v 0.32742068 0.63035131 0.10351097
v 0.50704944 0.13668214 -0.01790604
v -0.17713007 -0.09739685 -0.20057271
v -0.18741138 -0.20178305 -0.17127395
v 0.10203492 -0.30285341 -0.15968534
v -0.07264678 -0.25317058 -0.17509244
v 0.37239021 0.31640321 -0.10658652
v 0.33511937 0.61853921 -0.18162450
v 0.38424540 0.50536555 0.10874548
v 0.01018733 -0.35711318 -0.16534583
v 0.33175385 0.32163185 -0.15950342
v 0.26867414 0.77967608 -0.06836307
v 0.01683859 -0.32416981 -0.17157942
v -0.15739673 -0.17801639 -0.17970642
v 0.28646672 0.73797739 -0.14986768
v -0.14312147 -0.04550313 -0.21691084
v 0.27511528 0.76638454 -0.16689812
v 0.11944116 -0.30847234 -0.15937634
v -0.15926667 -0.06261598 -0.21265376
v 0.12842883 0.14784852 -0.25861105
v 0.26444918 0.78967607 0.03947625
v 0.03918303 -0.34465504 -0.17016949
v 0.43134364 0.37127048 0.00409728
v 0.11134354 -0.30344635 -0.16187212
v 0.46234283 -0.10561453 -0.04543744
v 0.27003661 0.78481615 -0.13480689
v 0.30338615 0.70152551 0.08553557
v 0.27999249 0.76187146 -0.06160176
v 0.27943569 0.76299793 -0.04685493
v -0.30937979 -0.15654671 -0.17104957
v -0.35218900 -0.15291238 -0.15380196
v -0.30119324 -0.25802326 -0.13933513
v -0.35676894 -0.26116055 -0.11290000
v 0.29002938 0.73672020 0.07356135
v 0.28750587 0.74356276 0.04134877
v 0.41112900 0.46251884 0.09786902
v 0.39874965 0.28939882 -0.10729690
v 0.33924332 0.62458718 -0.14753546
v 0.01698699 -0.29826108 -0.17879517
v 0.36789954 0.55160344 0.12966545
v 0.32598066 0.65451825 0.09641713
v 0.40333200 0.45011482 -0.12387902
v 0.39899334 0.46663877 -0.16107208
v 0.35855684 0.58042216 -0.17974080
v 0.17819837 0.24096109 -0.25261262
v 0.26901078 0.79605687 -0.05376267
v 0.31421086 0.68799627 -0.14995253
v -0.49163005 -0.04009065 -0.14006205
v -0.56180972 -0.00192507 -0.12371097
v -0.50302827 -0.06640176 -0.12467929
v -0.57278788 -0.02757846 -0.10877298
v 0.27716434 0.77633548 -0.02718696
v 0.27007598 0.79406554 -0.03853182
v 0.11636423 -0.31126687 -0.16745347
v 0.27924940 0.77304745 -0.07368883
v 0.34435281 0.61313909 0.10083156
v 0.36240333 0.56914324 0.12802000
v 0.26838765 0.79903162 0.00411852
v -0.24631909 -0.44213656 -0.12673958
v -0.26687104 -0.47571823 -0.10760306
v -0.20231755 -0.40918574 -0.13685930
v -0.16046938 -0.44060525 -0.13704996
v -0.12795512 -0.28569996 -0.17170855
v -0.08161684 -0.31619334 -0.17186424
v -0.02935214 -0.16519836 -0.19948252
v 0.00746140 -0.20530525 -0.19055761
v 0.37734619 0.53656697 0.12673502
v 0.07249477 -0.34195715 -0.17460240
v 0.31793115 0.67978799 0.09024297
v 0.37657693 0.30656227 -0.13530579
v 0.27315497 0.79124779 -0.06916278
v 0.27249369 -0.27570060 -0.16057402
v 0.20371041 -0.33483428 -0.15842754
v 0.37879351 0.54212010 -0.17647727
v 0.26888442 0.80696797 -0.05492015
v 0.31452113 0.15333800 -0.15633428
v 0.29800680 0.17034441 -0.16917048
v 0.33684543 0.14974847 -0.14188915
v 0.29072800 0.19593771 -0.17628287
v 0.36644715 0.16064914 -0.12276476
v 0.31721133 0.23448715 -0.18694887
v 0.38002130 0.18177854 -0.11148152
v 0.33559877 0.25732312 -0.18070176
v 0.38466951 0.21625733 -0.11669698
v 0.34639093 0.26208958 -0.15950987
v 0.37837404 0.24033177 -0.12557265
v 0.36594960 0.25811315 -0.14134024
v 0.10318154 -0.32814014 -0.17346895
v 0.16281703 -0.32843539 -0.16336267
v 0.35833865 0.58894753 0.12141141
v 0.27074993 0.80455643 -0.03613201
v 0.39324486 0.50377965 -0.17249139
v 0.27278438 0.80147249 -0.07313122
v 0.40159586 0.49774751 0.09964710
v 0.33677170 0.64544481 0.06369440
v -0.26416266 -0.21169843 -0.17839441
v -0.41306475 -0.19844021 -0.12073254
v -0.27434215 -0.17465349 -0.18922442
v -0.27759072 -0.20604639 -0.17504071
v 0.30680546 0.29399520 -0.19737832
v 0.31242350 0.70558065 0.05084046
v 0.44690847 0.19661967 -0.06861201
v 0.29225558 0.75525934 0.01210594
v -0.32513168 -0.15943521 -0.17285614
v -0.34744179 -0.15696631 -0.16454312
v -0.31371781 -0.26189327 -0.14305627
v -0.34639478 -0.26463431 -0.12714645
v 0.01529261 -0.30879703 -0.18691818
v 0.39084363 0.52046192 0.11876110
v 0.36323586 0.58514714 0.07188565
v -0.14273624 -0.14606272 -0.20078851
v -0.30187237 -0.17064638 -0.17934249
v -0.37563118 -0.16734296 -0.15049945
v -0.29320431 -0.24762967 -0.15691310
v -0.37709635 -0.24958111 -0.12033401
v 0.32592550 0.67789400 0.05513268
v 0.55368590 0.05517662 -0.00767748
v 0.28198558 0.78885883 -0.10791922
v 0.28229919 0.78721827 -0.02748888
v -0.24946916 -0.44528371 -0.13850613
v -0.20624770 -0.53078741 -0.11507429
v 0.45690355 0.23150535 -0.06899913
v -0.33754292 -0.15938500 -0.17150521
v -0.33066237 -0.26491702 -0.13817170
v 0.43902972 0.35372457 -0.01006387
v 0.06282047 -0.29729587 -0.18782727
v -0.42041111 -0.15240976 -0.13921346
v -0.42473409 -0.19048551 -0.12294997
v -0.25327423 -0.21183664 -0.18801945
v -0.24460155 -0.24307652 -0.18169065
v -0.42124820 -0.24963392 -0.10601647
v 0.21213613 -0.34320635 -0.16313624
v -0.15186924 -0.15877961 -0.20090276
v 0.28561223 0.78365976 -0.07500947
v -0.28102046 -0.42668867 -0.13401034
v -0.15693985 -0.52929670 -0.13069747
v -0.10519469 -0.08115063 -0.22813697
v -0.55259132 0.01003714 -0.14522935
v -0.62231719 0.05240647 -0.13072614
v -0.54699373 -0.00530468 -0.14171901
v -0.63661945 0.04902177 -0.12302386
v -0.64491773 0.03143573 -0.11243904
v -0.63943517 0.01606580 -0.10886663
v -0.56386393 -0.04389445 -0.11908943
v -0.57820415 -0.04735727 -0.11133959
v -0.61385870 -0.02599473 -0.10380490
v 0.35038006 0.29539582 -0.17285934
v 0.09946591 -0.28020325 -0.18419172
v 0.42296466 0.24366312 -0.09668789
v -0.12115476 -0.10689221 -0.22648083
v 0.29487962 0.76529133 -0.02382446
v 0.36001328 0.60582072 0.11149338
v -0.21858080 -0.42409354 -0.15826118
v -0.27684274 -0.51032495 -0.10135980
v -0.25495428 -0.45109123 -0.13349944
v -0.26577288 -0.47572517 -0.12215189
v -0.19503503 -0.41689777 -0.14823614
v -0.17072339 -0.43515289 -0.14854226
v -0.12136163 -0.29291540 -0.18496342
v -0.09801693 -0.31161988 -0.18517175
v -0.02066537 -0.17539901 -0.20909016
v 0.00058891 -0.19855478 -0.20393738
v -0.43547636 -0.18812752 -0.12228200
v -0.22354744 -0.28255099 -0.18399861
v -0.40492806 -0.32419950 -0.09763436
v 0.29904243 0.75902486 -0.07299222
v 0.40760151 0.50052887 0.05726165
v 0.53160888 0.10347950 -0.02483794
v 0.45222816 0.38777652 0.02769645
v 0.48329005 0.17012706 -0.05506398
v 0.29966402 0.75715512 0.05847771
v -0.20424268 -0.37769517 -0.17372917
v -0.33735216 -0.45659348 -0.09404775
v -0.20721491 -0.32765415 -0.18267357
v -0.37792936 -0.39285174 -0.09370095
v -0.24205488 -0.18927249 -0.20722164
v -0.24450335 -0.45408219 -0.14183167
v -0.26230991 -0.49824494 -0.11583260
v -0.23152506 -0.41214442 -0.14620455
v -0.15509397 -0.46978730 -0.14653580
v -0.13710876 -0.25939155 -0.18872303
v -0.05820281 -0.32065526 -0.18762907
v -0.05726998 -0.16229290 -0.21581542
v 0.01223258 -0.23203267 -0.20459358
v -0.29280299 -0.19251177 -0.18333925
v -0.39132690 -0.18516731 -0.14503044
v -0.28925020 -0.23205411 -0.17099436
v -0.39328596 -0.22967017 -0.12794687
v 0.30961221 0.73655194 -0.05854931
v 0.30905542 0.73767841 -0.04380248
v 0.09176460 -0.29088992 -0.18710478
v 0.31841397 0.71413344 0.07489866
v 0.28498134 0.79716700 -0.02393504
v 0.40619972 0.51135969 0.10738597
v -0.53108186 -0.00761601 -0.15343246
v 0.30727452 0.74682432 -0.16423050
v -0.52163059 -0.02827815 -0.14969012
v -0.53643066 -0.01996341 -0.14634611
v -0.28472123 -0.37869999 -0.14635652
v -0.11076196 -0.50740606 -0.14833508
v 0.51917201 0.10133520 -0.03307828
v 0.27032089 0.26939055 -0.23485141
v -0.26239771 -0.46272415 -0.13190523
v -0.18422730 -0.43777418 -0.14981157
v -0.11045045 -0.30238491 -0.18991378
v -0.00970622 -0.18760820 -0.21072073
v -0.28884396 -0.21577488 -0.17964260
v -0.39798403 -0.20693766 -0.13686720
v 0.28970373 0.79188681 -0.08125701
v 0.02525414 -0.32271093 -0.19651870
v 0.15616556 0.18521865 -0.28473499
v 0.38705978 0.55928856 -0.14199597
v 0.31577983 0.73020011 0.01273294
v 0.38522199 0.56087232 0.12631996
v 0.43199679 0.39997938 -0.09863473
v 0.38045597 0.57277340 0.12517142
v -0.28352115 -0.17878443 -0.19863264
v -0.28681076 -0.21039142 -0.18436889
v 0.01807620 -0.28734291 -0.20115027
v 0.34995359 0.64790010 0.08601854
v -0.55948550 -0.08101293 -0.11600146
v -0.54142594 -0.07726453 -0.12558563
v -0.55624515 -0.06941187 -0.12205208
v -0.45903298 -0.16968617 -0.12695371
v 0.52331108 0.04465026 -0.02888353
v 0.39203629 0.55003130 0.12391037
v 0.43353373 0.46078008 0.08344138
v -0.56034064 -0.00231525 -0.14734569
v -0.63016343 0.04013566 -0.13283142
v -0.63847268 0.02254932 -0.12224157
v -0.57735837 -0.04109374 -0.12457648
v -0.61301464 -0.01956784 -0.11710488
v 0.44157398 0.25857675 -0.09392670
v 0.41834322 0.49375713 0.08712610
v 0.33614054 0.68407780 0.07836479
v 0.10243844 -0.28893664 -0.19239932
v -0.16736686 -0.14907078 -0.21374179
v -0.27548176 -0.32901159 -0.16100325
v -0.10978230 -0.06268106 -0.24087752
v -0.22762172 -0.16376708 -0.23160724
v -0.06739593 -0.47475868 -0.16538031
v -0.48124278 -0.14522900 -0.12783535
v 0.34475350 0.67003018 -0.16029045
v 0.30096799 0.77430767 -0.02396646
v 0.42863956 0.44238722 -0.13613857
v 0.37811276 0.58554202 0.12112481
v -0.11863683 -0.03494602 -0.24750943
v -0.51247728 -0.11835231 -0.12635978
v -0.56141245 -0.00326630 -0.14974420
v -0.63123333 0.03920162 -0.13523749
v -0.63954407 0.02160968 -0.12464477
v -0.57843715 -0.04202545 -0.12697957
v -0.61409336 -0.02048813 -0.11951246
v 0.31188375 0.75175267 -0.02512826
v 0.34021944 0.68506706 -0.09700497
v 0.36235654 0.62877882 0.08687365
v 0.30418581 0.77063221 0.03487299
v 0.40662411 0.26593056 -0.12965439
v -0.24662422 -0.45923725 -0.15014496
v -0.23446167 -0.52197987 -0.12671217
v -0.24656625 -0.43521425 -0.14962089
v -0.16115838 -0.50045174 -0.14933722
v -0.13418266 -0.22912852 -0.20397708
v -0.03096172 -0.31083000 -0.20053944
v -0.09357821 -0.17784427 -0.21714567
v 0.00639860 -0.26327139 -0.20924304
v 0.33060375 0.71029532 -0.16244537
v 0.30599311 0.76865309 -0.07328468
v 0.40117252 0.54092199 0.11895747
v -0.14894465 -0.17745888 -0.21174261
v 0.55482548 -0.00650272 -0.02155555
v -0.31958947 -0.17922615 -0.18930238
v -0.36447722 -0.17368238 -0.17185415
v -0.31574410 -0.25438613 -0.16417438
v -0.36319873 -0.25680023 -0.14329170
v 0.46605733 0.12324263 -0.07221013
v -0.25256115 -0.28356096 -0.17724319
v 0.04372006 -0.33201104 -0.20199250
v 0.31682900 0.74638289 -0.06678596
v 0.44228920 0.43932384 0.03851201
v -0.27887413 -0.21750376 -0.19218796
v -0.41243127 -0.20651591 -0.14019834
v 0.33839339 0.69424748 0.00474055
v 0.38828933 0.28169414 -0.15708616
v 0.01735232 -0.32169011 -0.20455682
v 0.43943036 0.42704958 -0.04356401
v -0.09275010 -0.09529930 -0.24018234
v 0.01338917 -0.29871416 -0.20781112
v -0.03637254 -0.43970054 -0.18095741
v -0.48340154 -0.03254628 -0.17702450
v -0.20889324 -0.11077016 -0.26772666
v 0.19574741 -0.29167306 -0.18871696
v -0.12991437 -0.14927080 -0.22231071
v -0.26224825 -0.45091733 -0.14883938
v -0.18636426 -0.52558374 -0.14177060
v -0.11930425 -0.20146117 -0.21279211
v -0.00957491 -0.29084393 -0.20795049
v 0.31352082 0.75965160 -0.13376848
v -0.18186869 -0.20342076 -0.20523490
v 0.36500481 0.63546324 -0.15916868
v -0.21039420 -0.13352118 -0.25859687
v 0.11883207 0.12857027 -0.30508581
v 0.41959333 0.50843763 0.09654833
v 0.32166824 0.30797154 -0.22006251
v 0.11073513 -0.29545295 -0.19654784
v 0.30525628 0.77919090 0.00771348
v -0.21838152 -0.23788738 -0.19424929
v 0.42046678 0.28354421 -0.12546851
v -0.17386664 -0.12377499 -0.22928642
v 0.40886256 0.53382707 0.11344040
v 0.38111606 0.59626120 0.11430901
v -0.24304484 -0.09569763 -0.26154673
v -0.42196113 -0.16020995 -0.15742718
v -0.42604798 -0.19798179 -0.14136320
v 0.32558560 0.13997029 -0.18035805
v 0.30532682 0.16329014 -0.19849087
v 0.36446854 0.13369770 -0.15629046
v 0.30842870 0.20086408 -0.21109883
v 0.38951197 0.14607146 -0.13362055
v 0.32265124 0.23765592 -0.21417560
v 0.40716839 0.17516130 -0.11927943
v 0.35005072 0.26695159 -0.20874400
v 0.41197014 0.21566743 -0.12363938
v 0.37262231 0.27734891 -0.18518494
v 0.40668681 0.24858399 -0.13492762
v 0.39006367 0.27009135 -0.15603361
v -0.10743108 -0.11615098 -0.24127837
v 0.10650102 -0.29744315 -0.20074990
v 0.00608540 -0.35899559 -0.20237957
v 0.30631307 0.78250152 -0.02106225
v 0.05715706 -0.28046978 -0.21305881
v 0.32999009 0.72460192 0.05919472
v 0.39198571 0.57464230 0.11985838
v -0.12335666 0.06989045 -0.27213362
v -0.01130736 -0.39939564 -0.19550435
v -0.14181711 -0.16369946 -0.22125882
v -0.34589738 -0.17839018 -0.18482007
v -0.34058133 -0.25812253 -0.15957189
v 0.07327346 -0.27346495 -0.20606208
v 0.20978273 -0.31650180 -0.18775822
v 0.37410313 0.61901081 0.09748475
v 0.39653540 0.56690413 0.11912625
v -0.27292195 -0.21837953 -0.20108010
v 0.32403737 0.74295938 -0.03141618
v -0.13640437 -0.02878484 -0.25876823
v 0.31412861 0.76926112 -0.10379309
v 0.06918863 -0.32866466 -0.20623416
v -0.04407023 0.14072162 -0.28095213
v 0.45523646 0.39643183 0.00209717
v 0.38995606 0.58273917 0.11761320
v 0.05219730 0.13813511 -0.29534337
v -0.25454864 -0.45371822 -0.15798861
v -0.21388665 -0.53046775 -0.13752396
v 0.40052930 0.56073439 0.11805497
v -0.56052887 0.00306567 -0.16302478
v -0.63022327 0.04552727 -0.14857168
v -0.55493098 -0.01225609 -0.15952259
v -0.64452678 0.04217883 -0.14088315
v -0.65284598 0.02461866 -0.13029924
v -0.64737898 0.00922470 -0.12671044
v -0.57180113 -0.05086083 -0.13688706
v -0.58620626 -0.05425439 -0.12913553
v -0.62183714 -0.03286781 -0.12162070
v 0.32692870 0.73975462 -0.05691756
v 0.31230316 0.77611285 -0.07748044
v 0.31832099 0.76109171 -0.02583157
v 0.34724537 0.69130611 -0.04373058
v 0.27889001 0.28369209 -0.25561094
v 0.43182433 0.49389729 0.07200601
v -0.26188669 -0.25145674 -0.19823463
v -0.42002094 -0.25855610 -0.13012402
v 0.45881057 0.41909558 0.04561873
v -0.16582176 -0.09596987 -0.24354583
v -0.13138150 -0.05645746 -0.25423852
v 0.09465035 -0.31331983 -0.20652997
v 0.53300565 -0.07850045 -0.04449484
v 0.32863104 0.74122411 -0.04354623
v -0.28060445 -0.43517596 -0.15634613
v -0.16667150 -0.52786517 -0.15393890
v 0.40557721 0.55600530 0.11546671
v 0.44452798 0.46541435 0.06672233
v 0.30493876 0.79980648 -0.05478586
v 0.35007662 0.68893409 0.06168978
v 0.41786936 0.53062642 0.10577693
v 0.32361141 0.75585455 -0.06697608
v 0.46808550 0.19567882 -0.08632367
v -0.43599677 -0.19756880 -0.14459005
v 0.39095178 0.59053296 0.11303816
v -0.25431529 -0.46840939 -0.15666027
v -0.26301414 -0.49640197 -0.14166319
v -0.21841592 -0.42756635 -0.16719691
v -0.17385748 -0.46043381 -0.16771436
v -0.12312066 -0.27332726 -0.21245867
v -0.07805494 -0.30994749 -0.21032064
v -0.04121893 -0.18114123 -0.23356915
v -0.00194612 -0.22392742 -0.22404797
v -0.32095712 -0.20111869 -0.19371168
v -0.37672323 -0.19503494 -0.17256942
v -0.31833079 -0.24067052 -0.18072213
v -0.37779471 -0.24008052 -0.15596434
v 0.24329028 0.22181892 -0.27420399
v -0.14771047 -0.06776041 -0.25397408
v -0.07690160 -0.11393253 -0.24694996
v 0.21831021 -0.32704017 -0.19176541
v 0.37433705 0.63776666 -0.09886855
v 0.45416293 0.40544677 -0.04950552
v 0.15457736 -0.31224722 -0.19920433
v 0.30784208 0.79978240 -0.06597031
v -0.26379800 -0.19473071 -0.22226261
v 0.41059983 0.55204761 0.11217108
v 0.55173504 0.05812165 -0.03510174
v 0.43012795 0.50891143 0.08564801
v -0.30371138 -0.18344314 -0.20996661
v -0.30707434 -0.21701987 -0.19518206
v 0.49812445 0.11440185 -0.06681822
v -0.23099536 -0.43411270 -0.17835145
v -0.28215259 -0.51103604 -0.12772480
v 0.30729958 0.80271930 -0.03941881
v 0.38792971 0.60507172 0.10465513
v 0.36875078 0.65211135 0.07206816
v 0.53869671 0.05739639 -0.04196887
v 0.39222878 0.60005003 -0.15926722
v -0.24158148 -0.29128879 -0.20287977
v -0.40424204 -0.33066875 -0.12498061
v 0.43567616 0.48237526 -0.14646150
v 0.34213921 0.72179317 -0.12926245
v 0.37252045 0.30728468 -0.19884527
v 0.45216316 0.24109095 -0.10664075
v 0.25021610 -0.32003564 -0.19355667
v 0.37296462 0.64752263 0.01415392
v 0.32966903 0.75355583 -0.03142817
v 0.30026430 0.82528752 -0.05780806
v -0.43867901 -0.05625774 -0.20372605
v 0.05029118 -0.25212058 -0.21989533
v 0.08551941 -0.27117231 -0.21581414
v -0.32034212 -0.22419716 -0.19042984
v -0.38198474 -0.21799496 -0.16670281
v 0.36102518 0.68086535 -0.12755491
v 0.33951235 0.73069060 0.03332809
v -0.50692749 -0.05348198 -0.17530663
v -0.57741272 -0.01561319 -0.15870307
v -0.51473087 -0.07899726 -0.16183846
v -0.58870876 -0.04078810 -0.14381061
v 0.45409426 -0.18058071 -0.10874360
v -0.08830678 -0.12534633 -0.25063795
v 0.41539443 0.55054921 0.10826743
v -0.22089705 -0.38799900 -0.19406119
v -0.34016421 -0.45845008 -0.12267152
v 0.32451054 0.76918370 -0.02333737
v -0.22557069 -0.33777040 -0.20259567
v -0.37871686 -0.39637515 -0.12268211
v 0.32028782 0.78011644 -0.05178487
v 0.39543074 0.59607571 0.10671632
v 0.33303174 0.75042295 -0.05753463
v -0.29681459 -0.22363436 -0.20159642
v -0.40558088 -0.21431805 -0.15933448
v 0.42521396 0.53107512 0.09860255
v 0.02409165 -0.30891740 -0.22268122
v 0.30331382 0.82399732 -0.06864778
v -0.09328310 -0.07795526 -0.25968218
v 0.30263159 0.82703114 -0.04256119
v -0.11755598 -0.15498161 -0.23784827
v 0.01560232 -0.27004507 -0.22863197
v -0.06030186 -0.13206406 -0.24966934
v 0.32210881 0.78088033 -0.06311463
v -0.13901415 0.00485829 -0.27660358
v 0.33345106 0.75297302 0.00563859
v -0.15391167 -0.15342692 -0.23786560
v 0.29510421 -0.29269710 -0.19741435
v -0.41167602 -0.16732240 -0.17658131
v -0.41680744 -0.20635550 -0.15957157
v 0.33474129 0.75141984 -0.04385203
v 0.36601949 -0.24799316 -0.16902274
v -0.26202032 -0.48124659 -0.15643071
v -0.19720034 -0.44467869 -0.17525403
v -0.10106447 -0.29286000 -0.21911192
v -0.02096908 -0.20370109 -0.23658229
v -0.35189381 -0.20145103 -0.18975866
v -0.35303959 -0.24530286 -0.17334791
v 0.33070892 0.76296777 -0.07023263
v 0.32191584 0.78382146 -0.03686251
v -0.12240763 -0.50424975 -0.17636636
v 0.44010159 0.50068504 0.06257099
v -0.27944940 -0.38895798 -0.17461102
v 0.47677833 0.05490948 -0.08213946
v 0.33741650 0.74846911 -0.09292029
v 0.22060180 -0.30153626 -0.20407656
v 0.03829408 -0.25560001 -0.23333465
v 0.41985479 0.55106825 0.10393519
v -0.54969394 -0.08773681 -0.14833830
v -0.56651092 -0.07941290 -0.14409848
v 0.41567782 0.56272817 -0.15585712
v -0.56966245 -0.09020824 -0.13905300
v 0.02519223 -0.22612591 -0.23254201
v 0.36120504 0.69271368 0.03491974
v 0.42998019 0.52327949 -0.15302433
v -0.53297836 -0.03824853 -0.17644784
v -0.54813379 -0.03002677 -0.17290868
v 0.40942767 0.57763517 0.10579004
v 0.38684726 0.63102537 0.07327750
v 0.43723586 0.51413631 0.07775981
v -0.28856674 -0.09426422 -0.26308647
v 0.00828023 0.12288463 -0.28992406
v 0.35744876 0.26657161 -0.22454014
v 0.42920512 0.22634371 -0.13373259
v 0.38283962 0.64472383 -0.04253866
v -0.25036079 -0.17107619 -0.25009257
v -0.54322338 -0.01814513 -0.18097013
v -0.12824534 -0.16835929 -0.24002799
v -0.10422421 0.02759822 -0.28201655
v 0.05493104 -0.22170450 -0.23307997
v 0.31839949 0.80378157 -0.07640539
v 0.39325649 0.62037593 0.08445976
v 0.43183008 0.19254690 -0.12721805
v 0.40269408 0.59747350 0.10001821
v -0.40754670 -0.06936991 -0.22275929
v 0.39921331 0.60638392 0.09533953
v 0.43092978 0.53459460 0.09205838
v -0.02967091 -0.16640729 -0.24793994
v 0.45476034 0.47506279 0.05512893
v -0.35440683 -0.22477567 -0.18575549
v 0.33628279 0.76168507 -0.02877053
v 0.42361882 0.55221307 0.09968916
v -0.06927654 -0.14423312 -0.25398779
v -0.30038524 -0.22281826 -0.20935099
v 0.43334118 0.27574542 -0.14271066
v 0.49606466 -0.08734867 -0.07653571
v -0.00236968 -0.19636180 -0.24218830
v 0.31772009 0.80880713 -0.02815196
v -0.45433617 -0.18824261 -0.15708756
v 0.38462231 0.64867371 -0.12903954
v 0.45966077 0.44511428 -0.10655296
v -0.08811306 -0.06669641 -0.26865706
v 0.34915113 0.73428702 -0.00700004
v -0.33065146 -0.18537010 -0.21316122
v -0.33466554 -0.22129463 -0.19743085
v -0.25644591 -0.46420375 -0.17410535
v -0.22206232 -0.52706975 -0.15769203
v 0.45033109 0.47978058 -0.09319859
v 0.22898810 0.16596812 -0.29855210
v 0.46841559 0.44200784 0.04134029
v 0.22872256 -0.31147444 -0.20840529
v -0.25360921 -0.47832453 -0.17114514
v -0.24656872 -0.51322091 -0.15766174
v -0.24084862 -0.44714010 -0.17672125
v -0.18574025 -0.48950842 -0.17664497
v -0.11441666 -0.24965347 -0.23216064
v -0.05544889 -0.29750803 -0.22935621
v -0.07442086 -0.20075200 -0.24245173
v -0.01592200 -0.24933745 -0.23876908
v 0.34073320 0.75788778 -0.05967338
v 0.35331479 0.28413758 -0.23439105
v 0.00678824 -0.28339398 -0.23543978
v -0.13354763 -0.18113893 -0.24081306
v -0.52308452 -0.12811095 -0.15216970
v 0.41239536 0.29277629 -0.17619151
v 0.31479836 0.82376164 -0.07856031
v 0.32074690 0.80929619 -0.06368564
v 0.32019007 0.81042266 -0.04893881
v 0.44810140 0.23153836 -0.12460978
v 0.32959300 0.78827631 -0.07438489
v -0.08373192 -0.47243086 -0.19677077
v 0.35250512 0.73310727 -0.07062131
v -0.26680410 -0.33965206 -0.19352829
v -0.49167198 -0.15478617 -0.15698908
v 0.38801134 0.27201372 -0.20790359
v 0.37141940 0.68826050 -0.08360184
v 0.42660645 0.55553383 0.09544410
v -0.42330369 -0.20829855 -0.16711661
v -0.28295621 -0.25971118 -0.20965683
v -0.41176376 -0.26653880 -0.15379722
v -0.38996369 -0.17602567 -0.19403198
v -0.39422479 -0.21455780 -0.17757683
v 0.01299629 -0.31280839 -0.23362444
v 0.01586676 -0.23521444 -0.23939946
v 0.45621926 0.19351374 -0.11373810
v 0.40965733 0.59394783 0.09607625
v 0.31388924 0.82847452 -0.03067027
v 0.34270069 0.75891930 -0.04355003
v 0.26426491 -0.25416136 -0.21671692
v 0.54267466 0.00772418 -0.05311991
v -0.37308741 -0.08041967 -0.24006660
v 0.55521315 0.00485146 -0.04846919
v -0.31719652 -0.22723427 -0.20635301
v -0.39355564 -0.22136082 -0.17655744
v -0.33655709 -0.08840534 -0.25324163
v 0.32897353 0.79345363 -0.02545252
v -0.27356327 -0.44700208 -0.17570007
v -0.17975049 -0.52268589 -0.17402697
v 0.43460289 0.54073560 0.08696529
v -0.36006367 -0.18209437 -0.20631649
v -0.36448792 -0.21987802 -0.18992461
v 0.47485393 0.13648640 -0.09850424
v 0.37091976 0.69254196 0.00027372
v 0.09089525 -0.27830404 -0.23118219
v 0.33444342 0.24600846 -0.24333951
v 0.38311967 0.66256148 0.04427134
v 0.38834164 0.64973354 0.05682207
v 0.44657710 0.51205325 0.05611286
v 0.47225621 0.43322074 -0.00184436
v 0.44273174 0.52281469 0.07105164
v 0.43817896 0.22707152 -0.13623686
v 0.36199906 0.26904172 -0.23249462
v 0.30661890 0.85130799 -0.05933573
v -0.03801823 -0.17523707 -0.25429213
v 0.35600713 0.73279685 -0.04148092
v -0.01094031 -0.20482239 -0.24848789
v 0.40960708 0.60130304 0.08977778
v -0.15880708 -0.13015395 -0.25795716
v -0.28993046 -0.19903246 -0.23198558
v 0.04437394 -0.31351960 -0.23566370
v 0.42769843 0.56179708 0.09217357
v 0.34225485 0.76790816 -0.05093961
v 0.06439616 -0.24769709 -0.23841117
v -0.25381705 -0.47152373 -0.17617667
v -0.20890096 -0.51477689 -0.17239247
v -0.09758016 -0.22432968 -0.24250188
v -0.03365872 -0.27618361 -0.23939662
v 0.30905318 0.84932375 -0.06994234
v 0.41720089 0.58678091 0.09241261
v 0.16198356 -0.26061559 -0.22741225
v 0.34633932 0.17740744 -0.20678958
v 0.32341129 0.16311762 -0.22537468
v 0.37070522 0.16795568 -0.17672531
v 0.32301429 0.19841740 -0.23651659
v 0.41143370 0.13992375 -0.15214969
v 0.33937275 0.23686264 -0.23914535
v 0.43014979 0.17152554 -0.13646001
v 0.36613733 0.26465565 -0.22963618
v 0.43514380 0.21518853 -0.13910346
v 0.39467818 0.27661756 -0.20659328
v 0.43122929 0.24975155 -0.15211654
v 0.41706613 0.27172926 -0.17697811
v 0.23500481 -0.28891972 -0.21753781
v 0.43531784 0.15073965 -0.13009417
v 0.30850932 0.85201848 -0.04452805
v -0.07701339 -0.09982327 -0.26925126
v 0.32633942 0.26658759 -0.26496983
v 0.50700325 0.06237878 -0.07932786
v 0.44077310 0.19141109 -0.13113816
v 0.38880372 0.28670475 -0.21243593
v 0.34312463 0.76962286 -0.06233346
v -0.16824307 -0.20857842 -0.23765089
v 0.42190397 0.57976979 0.09113893
v 0.42630017 0.56983083 0.09071786
v 0.32614142 0.81198460 -0.03248431
v 0.42552280 0.25383210 -0.16210616
v 0.26775768 0.23790883 -0.29519761
v 0.37552384 0.69287276 -0.03836886
v -0.23429994 -0.14215656 -0.28230533
v 0.34294397 0.77224976 -0.03574483
v -0.23372778 -0.11831789 -0.29227555
v -0.24154259 -0.29356959 -0.21229506
v 0.40847966 0.61230904 0.07870267
v -0.24342868 -0.44559348 -0.19370997
v -0.28560677 -0.50798255 -0.15226732
v 0.45716769 0.49379849 0.01404031
v -0.05127158 -0.43623108 -0.21522526
v 0.40518129 0.62321770 0.06620285
v -0.26414788 -0.30156410 -0.21551983
v -0.39678147 -0.33524293 -0.15162466
v 0.43696314 0.55009437 0.08193231
v 0.39258260 0.27568126 -0.21327737
v 0.00033174 -0.35068136 -0.23516886
v 0.08243888 -0.29142651 -0.23780203
v 0.41959295 0.59198570 0.08533264
v -0.25164166 -0.49809089 -0.17475013
v -0.21556485 -0.47316074 -0.18551116
v -0.08556284 -0.27514738 -0.24088578
v -0.04586381 -0.22665796 -0.25068218
v 0.45956421 0.48912042 -0.03904378
v -0.33110037 -0.22625470 -0.20995653
v 0.32304144 0.82786953 -0.03409131
v -0.09386369 -0.16678739 -0.25677550
v -0.20529166 -0.24533148 -0.22931716
v 0.41284558 0.26590216 -0.18805328
v 0.24474628 -0.29936659 -0.21998598
v -0.33849508 -0.22889449 -0.20601161
v -0.37780893 -0.22647561 -0.19054127
v 0.33498663 0.79997551 -0.02970356
v 0.33920273 0.24923275 -0.25164658
v 0.44542646 0.53468788 0.06721983
v 0.06377059 -0.30670339 -0.24046943
v 0.46283957 0.49046919 0.04503436
v -0.11481876 -0.07423313 -0.27941695
v 0.14513151 -0.28948376 -0.23077373
v -0.24009950 -0.39955932 -0.20865010
v -0.33826110 -0.45680121 -0.15008520
v -0.24925271 -0.34982282 -0.21524054
v -0.37308550 -0.39757553 -0.15074669
v 0.43713373 0.26416168 -0.15819138
v 0.42815143 0.57977784 0.08227742
v 0.45061180 0.52619803 0.05208341
v -0.40247667 -0.21717559 -0.18597889
v 0.00757679 -0.16244408 -0.26174611
v 0.43417454 0.56668496 0.08043420
v -0.13580260 -0.16157512 -0.25971296
v -0.02041180 -0.39185882 -0.23085628
v 0.31931174 0.84519529 -0.08009627
v -0.35919276 -0.22889836 -0.20053847
v -0.00023525 -0.24570775 -0.25375748
v 0.53317553 -0.04631557 -0.06940769
v 0.34671819 0.77957422 -0.07348657
v 0.45850387 0.14970712 -0.12009314
v -0.25617883 -0.47611645 -0.18541507
v -0.23036011 -0.52074945 -0.17416452
v 0.31800535 0.84954846 -0.03133460
v -0.49757573 -0.04623888 -0.21136126
v 0.39757118 0.65800554 -0.08020077
v -0.03591199 -0.11387753 -0.27382082
v 0.33320215 0.81424314 -0.04351863
v 0.43291909 0.25595328 -0.16449800
v 0.31636345 0.21337280 -0.25798032
v 0.42139497 0.59960991 0.07549207
v 0.05854260 -0.23244973 -0.24937090
v 0.54379106 -0.05240209 -0.06690092
v 0.42912275 0.58406138 -0.09593967
v 0.34603888 0.78459978 -0.02523344
v 0.47551209 0.45510575 -0.05673948
v 0.47620651 0.46390793 0.02909398
v 0.42051250 0.27945217 -0.18825524
v -0.27993292 -0.10311051 -0.28722420
v -0.09475628 -0.06624787 -0.28677496
v 0.01434895 -0.29048684 -0.24969663
v 0.44498748 0.54787320 0.06671237
v -0.36630905 -0.22458093 -0.20204739
v 0.44368553 0.15066390 -0.13603026
v -0.14781889 -0.10252427 -0.27747387
v -0.23385505 -0.49491897 -0.18491897
v -0.06630539 -0.25194392 -0.25192019
v -0.05443242 -0.12407503 -0.27496609
v 0.42949313 0.11689090 -0.14873245
v -0.13940638 -0.49692786 -0.20017076
v -0.30655524 -0.26740059 -0.21501571
v -0.39653388 -0.27730206 -0.17505400
v 0.41775271 0.61745638 -0.12876959
v -0.26808709 -0.40249386 -0.19861773
v -0.12928981 -0.08307341 -0.28311282
v 0.33066940 0.82753837 -0.04447783
v 0.42506373 0.59796500 0.01817033
v 0.34017250 0.80466706 -0.04110563
v -0.55848545 -0.09521884 -0.16905187
v -0.57508087 -0.08703579 -0.16485579
v 0.03861759 -0.22067142 -0.25663936
v -0.43510091 -0.20319018 -0.18231696
v 0.40126219 0.65685147 0.01438575
v 0.42129618 0.60871422 0.06333742
v 0.42046863 0.26916748 -0.19175781
v 0.40908110 0.63890409 0.04513305
v -0.26213837 -0.46083289 -0.19049533
v -0.19609354 -0.51413262 -0.18935882
v 0.35036662 0.78397650 -0.06063316
v 0.34980983 0.78510290 -0.04588634
v 0.43354112 0.58250797 0.07063287
v 0.44178525 0.56344372 0.06738862
v 0.45130834 0.54157054 0.05107507
v -0.10222250 -0.18176311 -0.26380578
v 0.46775535 0.49360079 -0.11755334
v 0.32645714 0.84584528 -0.03335462
v 0.34842038 0.79293990 -0.03018876
v -0.32310501 -0.20159788 -0.23512481
v 0.40298608 0.66140366 -0.03332045
v -0.51865566 -0.06371156 -0.20322236
v -0.58966291 -0.02637706 -0.18617690
v -0.52694875 -0.08974443 -0.18933330
v -0.60091275 -0.05161735 -0.17127962
v -0.57907391 -0.09743769 -0.16379923
v -0.27995336 -0.17691410 -0.26518175
v -0.05943994 -0.18867536 -0.26733702
v -0.02632688 -0.21539611 -0.26592562
v 0.30857036 0.22791196 -0.29350570
v -0.46716753 -0.18255605 -0.18206927
v 0.51065379 0.01787340 -0.09175806
v 0.33230010 0.22247972 -0.27974933
v -0.25198194 -0.48859233 -0.19166759
v -0.23754939 -0.51188374 -0.18641195
v 0.43684974 0.58620220 0.05967826
v -0.54408425 -0.04869402 -0.20066842
v -0.55934775 -0.04064144 -0.19701521
v -0.01036777 -0.25831115 -0.26155597
v 0.27298507 -0.26257852 -0.23663291
v 0.47686839 -0.04425611 -0.11142983
v -0.02062999 -0.15937491 -0.27513322
v 0.44744968 0.56251091 0.05386844
v 0.46796411 0.51137638 0.03730903
v 0.31426147 0.18482134 -0.26951340
v 0.44475740 -0.15200976 -0.15246883
v 0.00937848 -0.19048947 -0.26931849
v 0.47648957 0.07973036 -0.11692863
v 0.28293243 -0.27247438 -0.23512655
v -0.25692779 -0.45867780 -0.20207199
v -0.28634408 -0.50140876 -0.17345469
v 0.43646324 0.59124184 -0.03868110
v 0.45946470 -0.15685154 -0.14315996
v 0.35089546 0.79911840 -0.04169556
v 0.31973764 0.87497693 -0.06065641
v -0.56034398 -0.09323689 -0.17822102
v -0.57648510 -0.08516709 -0.17418291
v -0.28912902 -0.31160241 -0.22150768
v -0.38300085 -0.33683670 -0.17596793
v 0.33363527 0.84292161 -0.04327957
v -0.54938054 -0.06095974 -0.19638848
v -0.56497926 -0.05279502 -0.19262955
v -0.24574874 -0.50059080 -0.19200166
v -0.55508971 -0.07643284 -0.18838000
v -0.57102048 -0.06825508 -0.18447797
v 0.32230583 0.87245238 -0.07210324
v 0.32126385 0.87456489 -0.04455422
v -0.33116767 -0.27386984 -0.21395253
v -0.37753990 -0.27962023 -0.19321960
v -0.11912139 -0.19049905 -0.26632124
v 0.42704722 0.13216317 -0.15349694
v -0.10024426 0.04124315 -0.31490371
v -0.50038862 -0.15795425 -0.18228814
v -0.53229243 -0.13433078 -0.17738591
v 0.48375884 0.47486958 -0.01477476
v 0.24695332 0.09995822 -0.32015511
v 0.20994127 0.10646639 -0.34316480
v -0.24830119 -0.47485763 -0.19973367
v -0.21334504 -0.50265634 -0.19932190
v 0.06892899 -0.25621027 -0.26184326
v -0.36467680 -0.20331953 -0.22526988
v 0.00008481 -0.29947832 -0.26190215
v 0.33842659 -0.23082694 -0.23297431
v 0.33228984 -0.21960676 -0.23239432
v -0.10229458 -0.46292251 -0.22392163
v -0.25146607 -0.35424343 -0.22120644
v 0.39756534 0.12983216 -0.16782042
v 0.36832476 0.76710969 -0.05079328
v 0.26109305 0.17994101 -0.31818283
v 0.44535932 0.58189672 -0.12676539
v 0.36788762 0.76879877 -0.06199181
v 0.22365497 -0.21425001 -0.25391841
v -0.35545415 -0.27843618 -0.20638280
v -0.26040447 -0.41136315 -0.21657057
v -0.33120623 -0.45146677 -0.17468129
v 0.36787894 0.77125692 -0.03583629
v 0.46225050 0.53932631 -0.12296377
v -0.07031047 -0.20291865 -0.27340776
v -0.27337432 -0.36086211 -0.22214311
v -0.36143392 -0.39541626 -0.17618349
v 0.43045479 0.62001503 0.04137283
v -0.13612762 -0.14362916 -0.28294525
v 0.02972275 -0.29293221 -0.26406565
v -0.55906600 -0.03568991 -0.20799641
v 0.00479773 -0.16734593 -0.27977437
v 0.48199847 0.49310082 0.01669117
v -0.23131327 -0.48916426 -0.20284899
v -0.03793535 -0.22917569 -0.27247661
v 0.45113498 0.10490486 -0.14138287
v 0.33129284 0.86477000 -0.08157872
v 0.32949692 0.86874104 -0.03123591
v -0.58048254 -0.01446466 -0.20774578
v -0.65015423 0.02805775 -0.19332670
v -0.57487655 -0.02976727 -0.20425449
v -0.66445541 0.02474027 -0.18565120
v -0.67278582 0.00721636 -0.17507626
v -0.66733128 -0.00817821 -0.17148153
v -0.59182644 -0.06829990 -0.18161193
v -0.60627788 -0.07163194 -0.17386356
v -0.64183146 -0.05027154 -0.16637297
v 0.36712447 0.77903259 -0.07316725
v -0.45895454 -0.06924637 -0.24091241
v 0.32285577 0.19279785 -0.28244013
v -0.09378850 -0.09844843 -0.29585895
v -0.04087803 -0.11702208 -0.29295185
v 0.06053588 -0.26791516 -0.26659146
v 0.36621535 0.78374547 -0.02527775
v -0.10671530 -0.17961819 -0.27940369
v 0.43125615 0.62768233 -0.07759349
v 0.46854845 0.53601372 0.03362434
v 0.35271916 0.15892158 -0.22256149
v 0.34416527 0.16601935 -0.23993172
v 0.36541250 0.15388715 -0.20457067
v 0.33490163 0.16480309 -0.25407523
v 0.38348478 0.14789404 -0.18832348
v 0.33201769 0.18289246 -0.26464418
v 0.40486151 0.14297062 -0.17517973
v 0.34062219 0.20773584 -0.27579719
v 0.41915396 0.15529643 -0.16133542
v 0.34693497 0.22302358 -0.27861458
v 0.44867149 0.14584640 -0.15544073
v 0.34946197 0.23971163 -0.26870480
v 0.40009284 0.21010207 -0.20881039
v 0.45762980 0.16696642 -0.14771514
v 0.37146762 0.25455683 -0.27001476
v 0.46236700 0.19160388 -0.14432132
v 0.39097407 0.26590440 -0.26208922
v 0.46328717 0.21592501 -0.14788355
v 0.41050890 0.27327389 -0.25037822
v 0.46385154 0.23738930 -0.15321650
v 0.42739022 0.27745667 -0.23455732
v 0.46276715 0.25479668 -0.16402864
v 0.44112697 0.27816114 -0.21620467
v 0.45862567 0.26720092 -0.17911503
v 0.45131522 0.27498555 -0.19696485
v -0.41733134 -0.19286130 -0.21321051
v -0.15126508 -0.21928149 -0.26541910
v 0.36413950 0.16965613 -0.21927722
v 0.34838074 0.17037171 -0.24384259
v 0.38445550 0.16771929 -0.19130202
v 0.35471857 0.20877580 -0.26101014
v 0.42887700 0.14314437 -0.17552967
v 0.36156079 0.23042902 -0.25483975
v 0.44543910 0.17264709 -0.16081189
v 0.38826793 0.25358215 -0.24639373
v 0.44844154 0.21078537 -0.16220786
v 0.41620058 0.26351547 -0.22524203
v 0.44653785 0.24233256 -0.17337219
v 0.43533933 0.26048774 -0.19703466
v -0.26769757 -0.47125950 -0.20480295
v -0.28310379 -0.49276072 -0.19003569
v -0.58129126 -0.09329076 -0.18031871
v 0.36466730 0.79228705 -0.02980261
v -0.25172278 -0.41843587 -0.21680492
v 0.04518671 -0.28341874 -0.26871696
v -0.16080888 -0.48557633 -0.21831481
v 0.51026446 -0.02824149 -0.10369221
v -0.31640947 -0.10465716 -0.29467523
v -0.31496081 -0.32069385 -0.22038980
v -0.36396846 -0.33487174 -0.19636226
v 0.33690840 0.86308461 -0.03422710
v 0.32575470 0.16708346 -0.26748180
v -0.22471787 -0.30764085 -0.24178690
v 0.48163882 0.50626850 -0.06721252
v 0.18097232 0.05183887 -0.36563906
v 0.18916108 -0.26267359 -0.25675288
v -0.56838918 -0.05538236 -0.20304367
v 0.43396753 0.62910348 0.00758164
v -0.00850882 -0.26379666 -0.27432275
v 0.36443818 0.79867190 -0.04099857
v -0.57506663 -0.07255367 -0.19407649
v 0.29861435 0.18443942 -0.30489206
v -0.10667579 -0.10757143 -0.29890475
v -0.06993702 -0.42528364 -0.24491833
v -0.05655004 -0.01671284 -0.31470311
v -0.27654579 -0.48269710 -0.20073663
v 0.40738693 0.12095890 -0.17024945
v -0.12498302 -0.12531132 -0.29566544
v -0.45845097 -0.17604493 -0.20721011
v -0.18801299 -0.25796619 -0.25858039
v 0.46334893 0.56412339 0.03418335
v 0.45011055 0.59601867 0.03663694
v 0.10935596 -0.19488440 -0.27588245
v -0.08998141 -0.04140906 -0.31478399
v -0.01409392 -0.33750767 -0.26681831
v 0.43614635 0.63119811 -0.03267586
v 0.34281692 0.85784453 -0.04445146
v -0.34079686 -0.32922390 -0.21153069
v -0.26789811 -0.12374097 -0.31370553
v -0.04709942 0.09114534 -0.33218756
v -0.26898330 -0.15128841 -0.30286199
v -0.28088081 -0.42304415 -0.21706483
v -0.31882674 -0.44403344 -0.19468100
v -0.29829895 -0.37137684 -0.22145125
v -0.34435236 -0.39019829 -0.19727838
v -0.31928462 -0.18133511 -0.27003041
v -0.42875281 -0.08253687 -0.26149255
v 0.48179439 0.52749670 0.00855070
v -0.07204178 -0.20613867 -0.28669059
v -0.58929610 -0.02780263 -0.21225055
v -0.65910470 0.01476714 -0.19778904
v -0.66742271 -0.00277570 -0.18721242
v -0.60658336 -0.06618136 -0.18951759
v -0.64201665 -0.04484927 -0.18206953
v -0.03738176 -0.37973177 -0.26205319
v 0.48554087 0.51865524 -0.02541397
v -0.49740762 -0.15253371 -0.20534860
v -0.03891627 -0.23432368 -0.28489831
v 0.47293365 0.03505296 -0.14034499
v -0.10197007 -0.20431533 -0.28364661
v -0.51201683 -0.06393562 -0.23385447
v 0.36903459 0.12887073 -0.20102556
v -0.30024666 -0.43437839 -0.20990898
v -0.32282421 -0.38184556 -0.21275021
v 0.08784342 -0.22707865 -0.27868739
v -0.53186643 -0.12866500 -0.20055620
v 0.47796100 -0.08840055 -0.14385343
v 0.45862544 0.59363240 -0.07578351
v 0.32731330 0.16332059 -0.27558678
v 0.47537863 0.55235744 -0.07346803
v -0.18429017 -0.47106853 -0.22938952
v -0.23081307 -0.43631724 -0.22879228
v 0.04001931 -0.22817330 -0.28701910
v -0.02005867 -0.28522846 -0.28202546
v -0.35778171 -0.10139427 -0.29160422
v 0.45814851 0.59934860 0.00580600
v 0.33289322 0.15577878 -0.25139460
v -0.10565993 -0.16929039 -0.29742202
v -0.06320441 -0.12900303 -0.30578378
v -0.23202375 -0.37144044 -0.24159239
v 0.47477943 0.56285912 0.00457194
v -0.12709714 -0.44919461 -0.24469131
v -0.52798736 -0.10715457 -0.21661858
v -0.39295951 -0.09535450 -0.28168356
v 0.23658243 -0.22621004 -0.27280560
v -0.20753644 -0.45476639 -0.23294599
v 0.46220350 0.59822798 -0.03201953
v 0.33984417 0.89541614 -0.06174595
v -0.00027064 -0.26404202 -0.28829494
v 0.34051701 0.89401656 -0.04562894
v 0.34211713 0.89226782 -0.07298481
v 0.03010880 -0.23848926 -0.29113257
v -0.52251148 -0.08914159 -0.22813684
v 0.28177908 -0.18353537 -0.27596968
v 0.47873107 0.55911052 -0.03070597
v -0.07488363 -0.13834465 -0.30815303
v 0.37896004 0.80417818 -0.03860973
v 0.34606385 0.88498509 -0.03277037
v 0.38172194 0.79860586 -0.02765734
v -0.09265256 -0.15524524 -0.30550188
v 0.01364409 -0.25322354 -0.29153660
v 0.36691332 0.83569390 -0.04322562
v 0.34827048 0.88162434 -0.08203130
v 0.35379425 0.86836499 -0.04640808
v 0.38767904 0.78675425 -0.07304175
v -0.36499605 -0.18079184 -0.26410231
v 0.35077178 0.87647903 -0.03604867
v 0.35210270 0.13570981 -0.23189446
v 0.36912546 0.83341682 -0.08355930
v 0.38637316 0.79110640 -0.02429655
v -0.13266741 -0.23457861 -0.28538641
v 0.39203790 0.77840239 -0.06135822
v 0.05252297 -0.12928455 -0.30648145
v 0.39308962 0.77742136 -0.05041830
v 0.39175740 0.78087622 -0.03597926
v 0.38111395 0.11935001 -0.20519480
v 0.30505410 0.13781305 -0.30778500
v -0.49529877 -0.13376381 -0.22742136
v -0.08149252 -0.22434475 -0.29428771
v 0.00470889 -0.07861910 -0.31889740
v 0.43916866 0.05580105 -0.17654373
v 0.01388457 0.02732527 -0.33805150
v -0.02567211 -0.16533387 -0.30821696
v -0.06823206 -0.20319059 -0.30201814
v 0.00737381 -0.19787903 -0.30263072
v -0.04194878 -0.26775119 -0.29264843
v 0.41321969 -0.01328037 -0.20270070
v -0.03375112 -0.23368494 -0.29908127
v 0.30195603 0.06106179 -0.30747223
v 0.33735618 0.14929239 -0.26012927
v -0.20419173 -0.32447076 -0.26377150
v 0.16171856 -0.14196049 -0.29925391
v 0.38551226 0.17115614 -0.22828743
v 0.37429303 0.18234736 -0.24817482
v 0.39877930 0.17293033 -0.20490906
v 0.37753162 0.20106696 -0.26007515
v 0.42339736 0.17223918 -0.19248961
v 0.38580728 0.22006796 -0.25915539
v 0.45094380 0.17782350 -0.18859872
v 0.40482676 0.23638792 -0.25087783
v 0.45158178 0.20667785 -0.18744402
v 0.42606929 0.24343254 -0.23415151
v 0.44982532 0.22877572 -0.19613086
v 0.44060108 0.24196592 -0.21322890
v -0.41838446 -0.17295527 -0.25034213
v -0.47855726 -0.08534593 -0.25799155
v -0.06295552 0.00143712 -0.33967859
v -0.45951685 -0.15747719 -0.23860036
v -0.05418771 -0.19039567 -0.30778095
v -0.00276756 -0.20750847 -0.30500540
v -0.01997256 -0.22227062 -0.30333173
v -0.03670686 -0.17477366 -0.31041038
v 0.03066496 -0.16346832 -0.30847859
v -0.06057307 -0.24784900 -0.29737052
v 0.27364862 0.09195921 -0.34010580
v -0.16808909 -0.27515027 -0.28061667
v -0.03672884 -0.32125431 -0.28919634
v -0.09528449 -0.40942174 -0.26769030
v -0.02442529 -0.10392172 -0.32297847
v -0.20758353 -0.39243442 -0.25539330
v -0.15433416 -0.43222716 -0.25691003
v -0.49281359 -0.11477257 -0.24572258
v 0.36154264 0.12517273 -0.24105062
v 0.12933224 -0.20279893 -0.30033419
v -0.31483546 -0.15752821 -0.31058368
v -0.06226249 -0.36344102 -0.28526038
v -0.18008669 -0.41384336 -0.26057762
v 0.45948982 -0.00720587 -0.17699867
v 0.36726993 0.87387413 -0.04824602
v 0.25563383 0.02896878 -0.37015352
v -0.11031083 -0.25629824 -0.29903767
v -0.31626260 -0.12792304 -0.32432547
v 0.39238477 0.81547183 -0.03934454
v 0.34965628 0.03118763 -0.27186927
v -0.01672698 0.04829101 -0.35452440
v 0.36710051 0.88313740 -0.03713393
v 0.39719385 0.81155193 -0.02800080
v -0.44715306 -0.10119231 -0.28086305
v -0.06245858 -0.30291745 -0.30097595
v -0.17893039 -0.34705344 -0.27883944
v 0.07849987 -0.05565999 -0.33404419
v 0.34323642 0.15463676 -0.23046243
v 0.33615929 0.16147085 -0.25277314
v 0.35701486 0.14971130 -0.20863658
v 0.33674565 0.16915524 -0.27429056
v 0.37466353 0.14889847 -0.18768647
v 0.34203994 0.17936151 -0.29218006
v 0.39697182 0.15049022 -0.17025596
v 0.35302588 0.19124620 -0.30540425
v 0.41932374 0.15720730 -0.15566950
v 0.37007424 0.20305382 -0.31356516
v 0.44203156 0.16682191 -0.14660831
v 0.38879541 0.21508792 -0.31542447
v 0.46058777 0.18146159 -0.14014357
v 0.41256276 0.22434546 -0.31191573
v 0.47783807 0.19636405 -0.14166284
v 0.43159688 0.23662198 -0.30044320
v 0.49027142 0.21258216 -0.14840552
v 0.45117491 0.24563040 -0.28426391
v 0.49714497 0.22816984 -0.15930495
v 0.46895242 0.25145221 -0.26416999
v 0.49996164 0.24072236 -0.17496687
v 0.48295739 0.25458699 -0.24126773
v 0.49871844 0.24931575 -0.19483501
v 0.49305210 0.25385898 -0.21759245
v 0.33358765 0.10641587 -0.29356396
v 0.36614835 0.89358389 -0.03377701
v -0.12396870 -0.39122772 -0.28045526
v 0.40734595 0.18088636 -0.23238853
v 0.40300021 0.18703113 -0.24293119
v 0.41176081 0.18307069 -0.21706168
v 0.40132961 0.19674577 -0.24891236
v 0.42778352 0.18196167 -0.21424742
v 0.40894276 0.20755476 -0.25150624
v 0.43743965 0.19039710 -0.21020994
v 0.41814920 0.21665607 -0.24633271
v 0.44362262 0.20131262 -0.21322300
v 0.42866385 0.22085331 -0.23701526
v 0.44274503 0.21283475 -0.21785513
v 0.43745044 0.21984208 -0.22644296
v -0.08591788 -0.28072506 -0.30407995
v 0.40529278 0.80151546 -0.07393182
v 0.40349898 0.80548203 -0.02364744
v 0.36868212 0.89078331 -0.08157149
v -0.45992464 -0.13925685 -0.26581150
v -0.14350715 -0.29718089 -0.29626173
v 0.40390310 0.06353944 -0.22570212
v 0.36517996 0.90465170 -0.04604588
v 0.17712179 -0.16311903 -0.31514856
v 0.36689991 0.90297163 -0.07246641
v -0.15051475 -0.37117973 -0.28423402
v 0.36569455 0.90663487 -0.06168920
v 0.22334790 -0.11750290 -0.31921628
v -0.08961532 -0.34441411 -0.29792488
v -0.36618420 -0.15842558 -0.30310273
v -0.36399442 -0.12397196 -0.31770757
v 0.41189256 0.79710484 -0.03536545
v 0.41293272 0.79500741 -0.06261894
v 0.42652687 0.19727924 -0.23499511
v 0.38130936 0.87280166 -0.04623300
v -0.41212064 -0.11605249 -0.30069846
v 0.07022070 -0.14083099 -0.32979769
v 0.41438451 0.79410219 -0.05087163
v 0.40131527 0.82774264 -0.04151160
v 0.31853282 0.06262281 -0.32414508
v -0.41908568 -0.15361482 -0.28495371
v -0.11614624 -0.32228553 -0.30182666
v 0.36599675 0.08314378 -0.26804182
v 0.01135878 -0.07635116 -0.34667650
v 0.38388872 0.88187975 -0.03436566
v 0.40850601 0.82712895 -0.03006634
v 0.41111469 0.00892221 -0.24175973
v 0.30492067 0.01052855 -0.34949902
v 0.02492644 0.00416908 -0.36330280
v 0.39324683 0.86650240 -0.04321900
v 0.40494013 0.84167236 -0.04436438
v 0.40156299 0.85548902 -0.04414591
v 0.12255345 -0.10384768 -0.34339634
v 0.36121714 0.03511019 -0.29299921
v 0.38763422 0.89247882 -0.03205616
v 0.31208420 -0.05360298 -0.29336777
v 0.41716626 0.82420552 -0.02544383
v 0.39044949 0.88992494 -0.08053381
v 0.41937637 0.82083762 -0.07480106
v 0.06224580 -0.04004166 -0.36120683
v 0.39863771 0.87424773 -0.03141516
v 0.34796646 -0.01110409 -0.31356132
v 0.41274193 0.84410733 -0.03248548
v 0.40866312 0.86067837 -0.03191536
v 0.39177269 0.90327311 -0.04415337
v 0.39343047 0.90167773 -0.07099351
v 0.42814404 0.81897664 -0.03679516
v 0.42946145 0.81754279 -0.06388781
v 0.39354956 0.90526319 -0.05993584
v 0.43142247 0.81696737 -0.05229485
v 0.40590438 0.88294142 -0.02967565
v 0.42274150 0.84520894 -0.02788331
v 0.40885270 0.88040501 -0.07929906
v 0.42529756 0.84236312 -0.07626762
v 0.41825172 0.86631417 -0.02863411
v 0.42110223 0.86368877 -0.07804605
v 0.33132714 0.13555378 -0.22686028
v 0.32734153 0.13892718 -0.25309137
v 0.34276426 0.13406323 -0.20125645
v 0.33082879 0.14399673 -0.27795538
v 0.36062384 0.13481741 -0.17788409
v 0.34164318 0.15048881 -0.29986048
v 0.38306618 0.13826668 -0.15794115
v 0.35839763 0.15808919 -0.31678164
v 0.40925708 0.14405866 -0.14336126
v 0.38005221 0.16649111 -0.32771936
v 0.43576318 0.15271907 -0.13396932
v 0.40480143 0.17552643 -0.33176053
v 0.46027586 0.16369133 -0.12997486
v 0.43086714 0.18441528 -0.32850027
v 0.48208293 0.17557806 -0.13229468
v 0.45625931 0.19311266 -0.31814194
v 0.50059843 0.18728667 -0.14147560
v 0.47937992 0.20076855 -0.30143020
v 0.51435286 0.19780906 -0.15664595
v 0.49873653 0.20691659 -0.27959403
v 0.52265757 0.20590147 -0.17683165
v 0.51342320 0.21046801 -0.25428158
v 0.52532113 0.21082591 -0.20092925
v 0.52224380 0.21224269 -0.22736692
v 0.41478229 0.89200997 -0.04117965
v 0.41633692 0.89031154 -0.06973768
v 0.43575805 0.84475631 -0.03845928
v 0.43682018 0.84347302 -0.06607789
v 0.41783816 0.89359796 -0.05791676
v 0.43966329 0.84391463 -0.05449333
v 0.43079129 0.87145972 -0.03921287
v 0.43193260 0.86979884 -0.06843039
v 0.43485183 0.87203968 -0.05635663
v 0.32740936 0.10501923 -0.22221047
v 0.32477364 0.10651008 -0.24991918
v 0.33722284 0.10527823 -0.19465397
v 0.33041883 0.10945867 -0.27664506
v 0.35441077 0.10731722 -0.16990179
v 0.34363577 0.11382080 -0.30032942
v 0.37730873 0.11129244 -0.14929698
v 0.36300373 0.11916658 -0.31886145
v 0.40392429 0.11725195 -0.13396102
v 0.38735548 0.12550659 -0.33122572
v 0.43230554 0.12499818 -0.12488070
v 0.41472006 0.13326842 -0.33656546
v 0.45951983 0.13401709 -0.12180296
v 0.44294989 0.14137660 -0.33410406
v 0.48469308 0.14339808 -0.12570846
v 0.47036919 0.14843373 -0.32397172
v 0.50637263 0.15225302 -0.13648674
v 0.49496552 0.15524000 -0.30711928
v 0.52345514 0.15992317 -0.15371463
v 0.51508200 0.16152512 -0.28477094
v 0.53468519 0.16522168 -0.17593800
v 0.52970564 0.16598371 -0.25849861
v 0.53968042 0.16814695 -0.20208655
v 0.53802764 0.16826113 -0.23024260
v 0.33139089 0.07051417 -0.21758914
v 0.33025253 0.07079262 -0.24538477
v 0.34009308 0.07169967 -0.19039287
v 0.33673978 0.07239886 -0.27183634
v 0.35577962 0.07423191 -0.16717307
v 0.35056508 0.07530569 -0.29530156
v 0.37714115 0.07864731 -0.14693540
v 0.37048841 0.07922988 -0.31389406
v 0.40270004 0.08449479 -0.13198426
v 0.39523047 0.08441994 -0.32657194
v 0.43042412 0.09145231 -0.12312138
v 0.42277634 0.09060188 -0.33220613
v 0.45821756 0.09894779 -0.12066619
v 0.45110905 0.09697245 -0.33017525
v 0.48422864 0.10623540 -0.12483497
v 0.47832564 0.10372943 -0.32083234
v 0.50775647 0.11276149 -0.13556726
v 0.50261939 0.10976136 -0.30466011
v 0.52603233 0.11834192 -0.15321399
v 0.52237695 0.11545994 -0.28304002
v 0.53856361 0.12200263 -0.17577127
v 0.53642142 0.12001711 -0.25746757
v 0.54469502 0.12359309 -0.20190583
v 0.54399610 0.12313538 -0.22986498
v 0.43522358 0.05020371 -0.21502122
v 0.34230238 0.03353726 -0.21495368
v 0.34202391 0.03310023 -0.24052490
v 0.34951606 0.03533283 -0.19010551
v 0.34854606 0.03462326 -0.26464748
v 0.36318040 0.03855315 -0.16778055
v 0.36181247 0.03651763 -0.28649688
v 0.38216782 0.04307386 -0.14902444
v 0.38079473 0.03950268 -0.30398598
v 0.40528548 0.04855592 -0.13487902
v 0.40411833 0.04358361 -0.31591579
v 0.43116230 0.05476261 -0.12684400
v 0.43003631 0.04863139 -0.32137942
v 0.45753855 0.06099243 -0.12476540
v 0.45664626 0.05423514 -0.31986535
v 0.48267460 0.06682056 -0.12911449
v 0.48210680 0.05984328 -0.31140068
v 0.50504041 0.07175732 -0.13972132
v 0.50473160 0.06503436 -0.29659343
v 0.52322423 0.07551764 -0.15611690
v 0.52307791 0.07003844 -0.27671570
v 0.53604430 0.07777081 -0.17720442
v 0.53598297 0.07422957 -0.25311303
v 0.54282981 0.07826997 -0.20145139
v 0.54268718 0.07709658 -0.22743098
v 0.41295898 0.04149777 -0.21724305
v 0.41494349 0.03982992 -0.22865285
v 0.41705915 0.04358158 -0.20593771
v 0.42241970 0.04126719 -0.23544103
v 0.42757851 0.04740086 -0.20048404
v 0.43459249 0.04408552 -0.23926146
v 0.44005561 0.05059521 -0.19739276
v 0.44711250 0.04650756 -0.23666789
v 0.45138267 0.05212058 -0.20082085
v 0.45780843 0.05037308 -0.23002040
v 0.45956716 0.05236858 -0.20703146
v 0.46202120 0.05195844 -0.21840920
v 0.39452827 0.02412715 -0.21518475
v 0.39869815 0.02291068 -0.23635674
v 0.40218329 0.02800989 -0.19439441
v 0.41330281 0.02469607 -0.25213867
v 0.42056441 0.03424357 -0.18120606
v 0.43545809 0.02883139 -0.25940880
v 0.44321197 0.03963366 -0.17584847
v 0.45860353 0.03363880 -0.25478789
v 0.46448961 0.04306317 -0.18197002
v 0.47692874 0.03877773 -0.23997009
v 0.48036137 0.04386553 -0.19720739
v 0.48496562 0.04229371 -0.21857405
v 0.38405797 0.00139414 -0.21277626
v 0.38950527 -0.00057335 -0.24082129
v 0.39326867 0.00609380 -0.18589222
v 0.40898207 0.00182567 -0.26242292
v 0.41648740 0.01417673 -0.16740036
v 0.43786201 0.00723541 -0.27219376
v 0.44703904 0.02141036 -0.16039518
v 0.46821743 0.01290496 -0.26605251
v 0.47520342 0.02602080 -0.16822761
v 0.49184918 0.01986146 -0.24646990
v 0.49607560 0.02689710 -0.18910684
v 0.50217825 0.02460328 -0.21795526
v 0.36053833 -0.00391273 -0.21261311
v 0.36084968 -0.00510903 -0.23418856
v 0.36571541 -0.00179603 -0.19149435
v 0.36709145 -0.00525009 -0.25486082
v 0.37566710 0.00146268 -0.17254534
v 0.37891725 -0.00374479 -0.27334225
v 0.39086410 0.00614717 -0.15648025
v 0.39536959 -0.00124544 -0.28817639
v 0.41002962 0.01146820 -0.14448769
v 0.41539401 0.00226280 -0.29838440
v 0.43259296 0.01679544 -0.13720950
v 0.43769705 0.00640281 -0.30312869
v 0.44367847 0.00799957 -0.21350177
v 0.45606697 0.02180960 -0.13542885
v 0.46054709 0.01051806 -0.30170566
v 0.47796592 0.02617734 -0.13909747
v 0.48231390 0.01511567 -0.29456589
v 0.49745810 0.02932046 -0.14788090
v 0.50166130 0.01955398 -0.28204700
v 0.51406604 0.03138573 -0.16182502
v 0.51726770 0.02378504 -0.26512393
v 0.52626204 0.03228535 -0.17997076
v 0.52810436 0.02764822 -0.24508154
v 0.53273863 0.03194304 -0.20085908
v 0.53342283 0.03052756 -0.22320008
v 0.38072896 -0.02801854 -0.21056077
v 0.38825187 -0.03352697 -0.23827440
v 0.38827622 -0.01937249 -0.18164808
v 0.41136059 -0.03169748 -0.26111120
v 0.40995568 -0.00909943 -0.15992744
v 0.44298688 -0.02630995 -0.27056560
v 0.44209802 0.00001227 -0.15189251
v 0.47528586 -0.01935895 -0.26309416
v 0.47400248 0.00407029 -0.15856670
v 0.50001198 -0.00850250 -0.24255756
v 0.49884850 0.00272173 -0.18010467
v 0.50857788 -0.00187649 -0.21145916
v 0.38770208 -0.05375962 -0.20471863
v 0.39991668 -0.06104244 -0.22995155
v 0.38974011 -0.04099037 -0.17889395
v 0.42358056 -0.06164986 -0.24827541
v 0.40657178 -0.02728188 -0.15824914
v 0.45351839 -0.05677207 -0.25405225
v 0.43362087 -0.01628681 -0.14855064
v 0.48129165 -0.04727803 -0.24614842
v 0.46442819 -0.01197733 -0.15227710
v 0.50056547 -0.03637178 -0.22386502
v 0.49077654 -0.01586170 -0.16947010
v 0.50415182 -0.02517883 -0.19631702
v 0.37383351 -0.06144820 -0.20728369
v 0.38057962 -0.06832190 -0.22328155
v 0.37163952 -0.05249895 -0.19072270
v 0.39166394 -0.07308307 -0.23797040
v 0.37446520 -0.04249741 -0.17467819
v 0.40621948 -0.07525080 -0.25032622
v 0.38225266 -0.03227139 -0.16012467
v 0.42365921 -0.07517889 -0.25936055
v 0.39391613 -0.02187917 -0.14842094
v 0.44321078 -0.07330805 -0.26403731
v 0.40885869 -0.01217960 -0.13997161
v 0.46322969 -0.06936869 -0.26411426
v 0.44817790 -0.04143565 -0.20002447
v 0.42706352 -0.00506575 -0.13496234
v 0.48144987 -0.06274156 -0.26069379
v 0.44711527 -0.00088633 -0.13407071
v 0.49810186 -0.05534783 -0.25226951
v 0.46730894 0.00046824 -0.13756409
v 0.51135039 -0.04695925 -0.24013086
v 0.48631123 -0.00119493 -0.14535177
v 0.52045780 -0.03812672 -0.22427768
v 0.50270295 -0.00565820 -0.15711676
v 0.52424341 -0.02887814 -0.20640039
v 0.51491648 -0.01193649 -0.17180048
v 0.52224141 -0.01972723 -0.18827111
v 0.40385151 -0.06854545 -0.19510324
v 0.41318193 -0.07447716 -0.21571746
v 0.40518650 -0.05836262 -0.17497110
v 0.43166289 -0.07547180 -0.22985303
v 0.41729844 -0.04675647 -0.15890209
v 0.45474634 -0.07191223 -0.23408929
v 0.43810228 -0.03840323 -0.15122782
v 0.47598121 -0.06465059 -0.22815756
v 0.46189281 -0.03539394 -0.15409641
v 0.49057907 -0.05556802 -0.20929943
v 0.48240054 -0.03902175 -0.16792063
v 0.49287781 -0.04661816 -0.18895328
v 0.42582688 -0.07533838 -0.18741786
v 0.43116072 -0.07921725 -0.19954944
v 0.42650822 -0.06964551 -0.17609034
v 0.44102687 -0.08003723 -0.20878291
v 0.43309802 -0.06325029 -0.16684660
v 0.45359457 -0.07816221 -0.21090627
v 0.44426450 -0.05856988 -0.16257201
v 0.46522143 -0.07431054 -0.20734656
v 0.45716864 -0.05708199 -0.16447274
v 0.47288769 -0.06895763 -0.19671959
v 0.46870422 -0.06029365 -0.17420471
v 0.47413617 -0.06405061 -0.18547167
v 0.36991981 -0.09468088 -0.18990499
v 0.37934566 -0.10465696 -0.20689440
v 0.36573973 -0.08255398 -0.17206162
v 0.39323291 -0.11171337 -0.22221939
v 0.36710414 -0.06911254 -0.15455019
v 0.41087663 -0.11564459 -0.23466647
v 0.37393451 -0.05524751 -0.13841192
v 0.43122098 -0.11636964 -0.24335527
v 0.38580823 -0.04192991 -0.12464028
v 0.45322123 -0.11418216 -0.24729417
v 0.40244728 -0.03077108 -0.11413669
v 0.47508511 -0.10895870 -0.24663027
v 0.42222011 -0.02183985 -0.10754149
v 0.49567679 -0.10134365 -0.24076870
v 0.44426790 -0.01643307 -0.10540992
v 0.51334226 -0.09159551 -0.23036939
v 0.46701440 -0.01485239 -0.10799736
v 0.52684355 -0.08027962 -0.21596175
v 0.48882243 -0.01712920 -0.11526730
v 0.53506690 -0.06797266 -0.19874932
v 0.50814569 -0.02310358 -0.12698074
v 0.53736681 -0.05522317 -0.17930897
v 0.52336526 -0.03193978 -0.14226563
v 0.53336853 -0.04297405 -0.16021615
v 0.45062524 -0.07436533 -0.18556094
v 0.36975577 -0.12443562 -0.16723068
v 0.38067409 -0.13615762 -0.18464062
v 0.36434925 -0.11043824 -0.14884932
v 0.39635420 -0.14481457 -0.19995075
v 0.36479551 -0.09500313 -0.13047840
v 0.41570863 -0.14985603 -0.21234094
v 0.37117904 -0.07934517 -0.11340063
v 0.43778318 -0.15127431 -0.22043750
v 0.38322186 -0.06471445 -0.09868253
v 0.46107730 -0.14902730 -0.22385696
v 0.40013948 -0.05212771 -0.08722681
v 0.48413780 -0.14338005 -0.22213501
v 0.42098635 -0.04274724 -0.07990442
v 0.50535566 -0.13467187 -0.21540436
v 0.44411770 -0.03687277 -0.07708324
v 0.52330011 -0.12344184 -0.20386720
v 0.46816543 -0.03525492 -0.07919352
v 0.53658491 -0.11027080 -0.18843184
v 0.49138126 -0.03787729 -0.08616382
v 0.54418260 -0.09587067 -0.17007640
v 0.51204628 -0.04438240 -0.09753582
v 0.54540890 -0.08107332 -0.15030462
v 0.52878249 -0.05449761 -0.11297679
v 0.54013777 -0.06694410 -0.13085330
v 0.37547719 -0.15112934 -0.14151914
v 0.38668445 -0.16325124 -0.15826775
v 0.36965126 -0.13673143 -0.12357867
v 0.40254796 -0.17235932 -0.17280816
v 0.36964378 -0.12110739 -0.10572040
v 0.42204145 -0.17792173 -0.18420120
v 0.37552461 -0.10536928 -0.08900537
v 0.44392589 -0.17967111 -0.19163971
v 0.38698068 -0.09068682 -0.07450028
v 0.46685508 -0.17762060 -0.19440287
v 0.40337390 -0.07826141 -0.06322437
v 0.48928767 -0.17195208 -0.19234993
v 0.42362380 -0.06898513 -0.05593407
v 0.50973558 -0.16306496 -0.18547857
v 0.44624326 -0.06331761 -0.05302820
v 0.52682531 -0.15150265 -0.17395270
v 0.46965823 -0.06160097 -0.05470273
v 0.53923976 -0.13790023 -0.15873653
v 0.49236837 -0.06415062 -0.06108547
v 0.54601270 -0.12304433 -0.14093962
v 0.51269835 -0.07060094 -0.07167044
v 0.54657918 -0.10785304 -0.12192566
v 0.52925432 -0.08055400 -0.08591750
v 0.54085952 -0.09335493 -0.10315603
v 0.38462791 -0.17755277 -0.11422040
v 0.39537969 -0.18924892 -0.12964071
v 0.37892699 -0.16382377 -0.09772546
v 0.41044706 -0.19812398 -0.14302401
v 0.37869489 -0.14895193 -0.08119294
v 0.42884317 -0.20362528 -0.15342826
v 0.38397470 -0.13400593 -0.06565283
v 0.44942042 -0.20540129 -0.15996981
v 0.39446649 -0.12009981 -0.05214874
v 0.47082752 -0.20345335 -0.16223261
v 0.40955704 -0.10835800 -0.04167275
v 0.49160355 -0.19803873 -0.16015442
v 0.42822939 -0.09956162 -0.03489560
v 0.51041496 -0.18943138 -0.15357035
v 0.44913563 -0.09413824 -0.03214714
v 0.52592379 -0.17821510 -0.14297774
v 0.47087026 -0.09251896 -0.03370083
v 0.53702486 -0.16504803 -0.12904736
v 0.49195600 -0.09480279 -0.03949866
v 0.54290110 -0.15068161 -0.11264093
v 0.51092696 -0.10087383 -0.04926615
v 0.54304022 -0.13611504 -0.09524805
v 0.52645767 -0.11028751 -0.06243042
v 0.53742146 -0.12234056 -0.07813614
v 0.39872974 -0.20204832 -0.08580685
v 0.40819627 -0.21240363 -0.09909493
v 0.39363775 -0.18994306 -0.07154741
v 0.42139459 -0.22029340 -0.11056708
v 0.39330885 -0.17716841 -0.05628834
v 0.43745020 -0.22520608 -0.11941723
v 0.39792600 -0.16468249 -0.04211370
v 0.45531362 -0.22690789 -0.12501287
v 0.40736601 -0.15414225 -0.02855019
v 0.47380763 -0.22514334 -0.12688711
v 0.42063662 -0.14473096 -0.01894137
v 0.49169859 -0.22030985 -0.12496818
v 0.43706396 -0.13824157 -0.01200998
v 0.50777656 -0.21262871 -0.11932070
v 0.45497891 -0.13324519 -0.00996773
v 0.52094281 -0.20261820 -0.11019918
v 0.47358748 -0.13172674 -0.01112192
v 0.53024894 -0.19092105 -0.09834658
v 0.49114627 -0.13180953 -0.01795640
v 0.53503579 -0.17822538 -0.08445487
v 0.50710529 -0.13581143 -0.02765612
v 0.53493834 -0.16536213 -0.06956492
v 0.52027559 -0.14314131 -0.03994511
v 0.52979100 -0.15316974 -0.05406572
v 0.46023428 -0.18611135 -0.05542610
v 0.44471821 -0.19572546 -0.06573823
v 0.45129737 -0.20188525 -0.07447146
v 0.44210407 -0.18800989 -0.04689514
v 0.46068156 -0.20409785 -0.07886606
v 0.44595733 -0.18506508 -0.02077061
v 0.47064707 -0.20169143 -0.07908910
v 0.45463777 -0.18282096 -0.01377749
v 0.47841749 -0.19726317 -0.07531073
v 0.46413025 -0.17966205 -0.01545385
v 0.48131466 -0.18856002 -0.06463117
v 0.47232056 -0.17793675 -0.03267379
v 0.47885430 -0.18178304 -0.05074371
v 0.43098485 -0.20935665 -0.06119363
v 0.44304374 -0.21982557 -0.07556474
v 0.42791781 -0.19730501 -0.03895718
v 0.46042284 -0.22358517 -0.08327036
v 0.43803027 -0.19497275 -0.01035159
v 0.47874910 -0.21942449 -0.08346346
v 0.45493025 -0.19123693 0.00011407
v 0.49326241 -0.21038918 -0.07644180
v 0.47227114 -0.18493894 -0.00272850
v 0.49934673 -0.19585766 -0.06151040
v 0.48563287 -0.17871241 -0.02090525
v 0.49609521 -0.18388170 -0.04362914
v 0.41471842 -0.22761039 -0.05673586
v 0.42282185 -0.23646361 -0.06837155
v 0.41051337 -0.21807943 -0.04413277
v 0.43381548 -0.24301128 -0.07786135
v 0.41060925 -0.20870523 -0.03046889
v 0.44714180 -0.24710892 -0.08520398
v 0.41551623 -0.20147069 -0.01512580
v 0.46185198 -0.24822573 -0.08979512
v 0.42686275 -0.20116886 0.00020074
v 0.47704762 -0.24668273 -0.09144780
v 0.44075584 -0.20019484 0.01045695
v 0.49166024 -0.24233899 -0.08987212
v 0.46752074 -0.20794065 -0.04057172
v 0.45475817 -0.19545434 0.01460623
v 0.50474072 -0.23576304 -0.08534301
v 0.46946657 -0.19122817 0.01537589
v 0.51535815 -0.22725469 -0.07809991
v 0.48289162 -0.18525308 0.01176371
v 0.52246898 -0.21668030 -0.06838272
v 0.49479502 -0.18006109 0.00466880
v 0.52608407 -0.20583175 -0.05706198
v 0.50444812 -0.17490850 -0.00648607
v 0.52576476 -0.19502489 -0.04473587
v 0.51426721 -0.17831624 -0.01990612
v 0.52161950 -0.18534984 -0.03207883
v 0.42310175 -0.22573660 -0.05211399
v 0.43881750 -0.23875202 -0.07011531
v 0.41987005 -0.21081969 -0.02804462
v 0.46153775 -0.24323240 -0.07996252
v 0.43442240 -0.20790410 -0.00213549
v 0.48550904 -0.23829544 -0.08025760
v 0.45752612 -0.20454711 0.00982244
v 0.50447333 -0.22588509 -0.07099443
v 0.48012459 -0.19618194 0.00675102
v 0.51269746 -0.20811054 -0.05392087
v 0.49676085 -0.18677193 -0.00952494
v 0.50897461 -0.19163750 -0.03270893
v 0.47046950 -0.22581013 0.00976235
v 0.48967841 -0.25039014 -0.06267994
v 0.42396739 -0.24594115 -0.04005352
v 0.44102362 -0.25984925 -0.05904437
v 0.42342046 -0.23467821 -0.01563830
v 0.46609813 -0.26543978 -0.07033873
v 0.44080687 -0.23291518 0.00432959
v 0.49169967 -0.25938600 -0.07133860
v 0.46587747 -0.22861177 0.01328180
v 0.51136017 -0.24421757 -0.06222955
v 0.49030620 -0.21928874 0.00896229
v 0.51991624 -0.22418347 -0.04562889
v 0.50760031 -0.20843360 -0.00680811
v 0.51684517 -0.20685771 -0.02511622
v 0.47089463 -0.22929139 0.01703891
v 0.48578510 -0.22143807 0.00866713
v 0.45529336 -0.23005891 0.00687242
v 0.47501841 -0.25617602 -0.06329536
v 0.50335336 -0.24372686 -0.05858615
v 0.45286840 -0.23477334 0.01385449
v 0.48956153 -0.22456875 0.01582570
v 0.49474147 -0.25950924 -0.06922205
v 0.49727342 -0.21594548 -0.00202712
v 0.44449365 -0.23199931 -0.00496451
v 0.45972517 -0.25390032 -0.05519598
v 0.50956911 -0.23287928 -0.04784484
v 0.44587541 -0.23900862 -0.03114124
v 0.50355893 -0.21542665 -0.02590668
v 0.47746974 -0.26705313 -0.07007559
v 0.51121992 -0.25171003 -0.06495364
v 0.47336954 -0.23750246 0.02339950
v 0.45464271 -0.24325041 0.02092404
v 0.49217522 -0.23142429 0.02231268
v 0.43886769 -0.24200156 0.00196301
v 0.50661463 -0.21967646 0.00408781
v 0.45925862 -0.27088127 -0.06116977
v 0.52276611 -0.24149214 -0.05302334
v 0.44145483 -0.24682669 -0.02948393
v 0.51276314 -0.21895111 -0.02619501
v 0.47636932 -0.24694470 0.02981636
v 0.44352615 -0.25443289 0.01707557
v 0.50777233 -0.22903819 0.01833604
v 0.50449890 -0.27901658 -0.07464276
v 0.45813930 -0.25390184 0.02802827
v 0.49506941 -0.24059504 0.02926343
v 0.48725194 -0.28783941 -0.07529230
v 0.52169931 -0.27100086 -0.07112434
v 0.44868401 -0.25878760 0.02462651
v 0.50564325 -0.23640408 0.02597466
v 0.47510982 -0.23713681 0.00549122
v 0.49203670 -0.26078695 -0.05088680
v 0.47988635 -0.26585877 -0.05133040
v 0.48797646 -0.23326568 0.00467644
v 0.46248597 -0.24101874 0.00349012
v 0.50310415 -0.25408813 -0.04765370
v 0.48372105 -0.24568397 -0.02961689
v 0.46987766 -0.26890311 -0.04679930
v 0.49999708 -0.23212224 -0.00724325
v 0.45669731 -0.24768701 -0.00686112
v 0.50933230 -0.24604039 -0.04250736
v 0.46124366 -0.25888741 -0.02877731
v 0.50703901 -0.23403484 -0.02847584
v 0.47968978 -0.25702655 0.03544069
v 0.46117443 -0.26322263 0.03376443
v 0.49793896 -0.24952383 0.03495961
v 0.47727162 -0.30163300 -0.07168289
v 0.53687280 -0.26890132 -0.06693674
v 0.43702099 -0.26646057 -0.03072810
v 0.45170060 -0.27881634 -0.04530896
v 0.43950632 -0.26082078 -0.01343813
v 0.47330463 -0.28150949 -0.05613616
v 0.45296624 -0.25381336 0.00056154
v 0.49529663 -0.27326390 -0.05636427
v 0.47262147 -0.24435414 0.00735085
v 0.51363403 -0.25920954 -0.04965271
v 0.49550125 -0.23559214 0.00298515
v 0.52268720 -0.24132179 -0.04000471
v 0.51437902 -0.22939099 -0.01262916
v 0.52257043 -0.22799690 -0.02791046
v 0.44790423 -0.26772207 0.02771157
v 0.51104087 -0.23966539 0.02881326
v 0.49025175 -0.29687414 0.08077807
v 0.50272280 -0.34842899 0.14647438
v 0.48266244 -0.26560375 0.03871896
v 0.48861623 -0.28833282 0.06688208
v 0.49274287 -0.30744419 0.09355592
v 0.44415268 -0.26827103 0.01518202
v 0.51685387 -0.23196366 0.01495724
v 0.51749599 -0.30177304 -0.07873197
v 0.46425366 -0.27039945 0.03730944
v 0.50024980 -0.25760737 0.03829471
v 0.50031853 -0.33920556 0.13214274
v 0.50487524 -0.35775438 0.15911745
v 0.50156814 -0.31251773 -0.07915171
v 0.53479320 -0.29328674 -0.07689956
v 0.44838601 -0.27082640 -0.00300002
v 0.52229476 -0.23283762 -0.00440970
v 0.49201587 -0.31802940 -0.07575461
v 0.54418594 -0.28743184 -0.07108925
v 0.47334486 -0.30598795 0.07750845
v 0.50900066 -0.29248139 0.07942543
v 0.48824841 -0.28260732 0.05217176
v 0.49622497 -0.32052010 0.10504393
v 0.45430437 -0.27797595 -0.02607116
v 0.52863866 -0.23915447 -0.02781113
v 0.48639193 -0.35820699 0.14254542
v 0.52201998 -0.34662008 0.14502636
v 0.49934214 -0.33324188 0.11675106
v 0.50777280 -0.36908197 0.17040944
v 0.47207436 -0.29636031 0.06404358
v 0.47652695 -0.31670070 0.09020952
v 0.50667489 -0.28382483 0.06571220
v 0.51103222 -0.30368263 0.09218938
v 0.48445573 -0.34843063 0.12841257
v 0.48909405 -0.36720318 0.15532072
v 0.51888561 -0.33727178 0.13076077
v 0.52352262 -0.35600626 0.15771811
v 0.46527275 -0.29700470 -0.04674028
v 0.53726673 -0.25442046 -0.04689519
v 0.48550284 -0.27216414 0.03703644
v 0.46903977 -0.27500510 0.03634856
v 0.50085801 -0.26461196 0.03679918
v 0.48587149 -0.27323356 0.03706093
v 0.49630827 -0.32443908 0.10218761
v 0.47344148 -0.28938192 0.05009534
v 0.48168063 -0.32882750 0.10192607
v 0.50406933 -0.27741227 0.05141860
v 0.51285410 -0.31772885 0.10382930
v 0.48511615 -0.34142885 0.11345125
v 0.49364093 -0.37754336 0.16700952
v 0.51593328 -0.33142716 0.11552324
v 0.52447158 -0.36751667 0.16915642
v 0.48604238 -0.26897827 0.02378117
v 0.45157185 -0.27775040 0.03387473
v 0.51589692 -0.24748056 0.03369161
v 0.47139701 -0.27279499 0.02339873
v 0.50034380 -0.26109809 0.02397188
v 0.48738408 -0.28118265 0.04530535
v 0.48663878 -0.27097508 0.02714260
v 0.49851841 -0.33366311 0.11043641
v 0.49549744 -0.31888875 0.09180975
v 0.48409009 -0.32405028 -0.06134801
v 0.55098808 -0.27953804 -0.06139147
v 0.46587050 -0.29202893 -0.02509806
v 0.47216904 -0.29372987 -0.03817652
v 0.46918407 -0.28752467 -0.01122524
v 0.48815870 -0.29441786 -0.04545527
v 0.47701913 -0.27624625 -0.00218743
v 0.49429023 -0.27807060 -0.03714592
v 0.48960817 -0.26404476 0.00050547
v 0.51708674 -0.27309072 -0.04448232
v 0.50714850 -0.25685218 -0.00367212
v 0.52581590 -0.25995913 -0.03891550
v 0.52096951 -0.25298697 -0.01492343
v 0.52750033 -0.25406113 -0.02712114
v 0.50903022 -0.37600577 0.16617218
v 0.53202170 -0.32216835 -0.07799350
v 0.51043510 -0.38267699 0.17335290
v 0.50872833 -0.37242115 0.15694743
v 0.50171041 -0.33824006 -0.07275665
v 0.55809015 -0.29959896 -0.07304088
v 0.51692945 -0.33399647 -0.07755983
v 0.54900736 -0.31238705 -0.07776944
v 0.45948854 -0.27861243 0.03817606
v 0.51271260 -0.25706595 0.03653789
v 0.46805295 -0.28122789 0.03627742
v 0.49030063 -0.29127300 0.05082187
v 0.47822416 -0.33569467 0.09681347
v 0.48905027 -0.27310196 0.01731955
v 0.50139844 -0.34414569 0.11528069
v 0.50700587 -0.26755255 0.03695450
v 0.49645323 -0.31854329 0.08090095
v 0.51816463 -0.32364005 0.09940539
v 0.46254003 -0.31558508 0.07201683
v 0.52382684 -0.29173148 0.07464424
v 0.46444786 -0.27317977 0.03106878
v 0.46982607 -0.28637597 0.04433530
v 0.47111154 -0.28008682 0.02662369
v 0.51154965 -0.25261104 0.02611292
v 0.48196164 -0.34456229 0.10526372
v 0.47651777 -0.37146908 0.13423891
v 0.53911245 -0.35326502 0.13858929
v 0.50741285 -0.27748182 0.04442930
v 0.47869408 -0.32888958 0.08710769
v 0.46180904 -0.30492201 0.06009383
v 0.46614367 -0.32684606 0.08401667
v 0.52030742 -0.28066364 0.06202343
v 0.52596533 -0.30480051 0.08703803
v 0.50637424 -0.26505846 0.02784688
v 0.51887321 -0.33335268 0.10777798
v 0.51489562 -0.31614789 0.08946822
v 0.47557965 -0.36247241 0.12066980
v 0.48040769 -0.38182098 0.14734533
v 0.53506911 -0.34289277 0.12465464
v 0.54003990 -0.36242744 0.15149771
v 0.49402907 -0.38710830 0.16079228
v 0.51273024 -0.39141929 0.17739573
v 0.50957656 -0.37246892 0.14708240
v 0.52827710 -0.37678021 0.16368581
v 0.46371242 -0.29344863 0.04923086
v 0.47296286 -0.33981472 0.09568887
v 0.51517051 -0.27033809 0.04997369
v 0.52665913 -0.31998840 0.09887492
v 0.47682437 -0.35210112 0.10738077
v 0.48586223 -0.39063364 0.15986750
v 0.53001487 -0.33554760 0.11009715
v 0.53926265 -0.37326679 0.16358601
v 0.45672870 -0.28435317 0.02458383
v 0.52492875 -0.23222633 0.02315975
v 0.49657649 -0.39293438 0.16838223
v 0.49486974 -0.38267854 0.15197675
v 0.52821749 -0.38339227 0.17105553
v 0.52651066 -0.37313652 0.15465000
v 0.47608083 -0.29321113 0.05054857
v 0.48861611 -0.35220739 0.11134331
v 0.47773117 -0.28028896 0.01797086
v 0.50549269 -0.28857547 0.05031111
v 0.48247114 -0.32278693 0.07819506
v 0.51686680 -0.34365663 0.11325163
v 0.50467408 -0.26800969 0.01935416
v 0.49514392 -0.30079985 -0.01963737
v 0.49887353 -0.30307013 -0.02754760
v 0.49346775 -0.29413983 -0.01206755
v 0.50556630 -0.30164111 -0.03310919
v 0.49635142 -0.28607517 -0.00692882
v 0.51358086 -0.29666448 -0.03538475
v 0.50289196 -0.27865094 -0.00571177
v 0.51972717 -0.28521019 -0.03410715
v 0.51179761 -0.27447894 -0.00807081
v 0.52527714 -0.28002441 -0.02943952
v 0.51986796 -0.27296478 -0.01412067
v 0.52520198 -0.27536848 -0.02216388
v 0.51018596 -0.31320977 0.07980664
v 0.50212312 -0.39927003 0.17359146
v 0.49896920 -0.38031963 0.14327800
v 0.52634007 -0.39196682 0.17563744
v 0.52318603 -0.37301633 0.14532427
v 0.49308276 -0.29965028 0.05354278
v 0.50466257 -0.35470659 0.11598303
v 0.49262437 -0.27758092 0.01057953
v 0.49882355 -0.32280210 0.07122547
v 0.51248306 -0.29052719 -0.01840827
v 0.51556545 -0.40090191 0.17768544
v 0.51144475 -0.37614185 0.13807918
v 0.48501843 -0.29930064 0.05414160
v 0.47277680 -0.30169520 0.01479854
v 0.54089493 -0.24647543 0.00790241
v 0.49758980 -0.35867110 0.11392418
v 0.50187802 -0.29998624 0.05278769
v 0.51311785 -0.35462114 0.11489708
v 0.48997882 -0.26694772 0.03327918
v 0.49008530 -0.32120496 0.07110575
v 0.50266391 -0.25936607 0.03008045
v 0.50516772 -0.31625289 0.07189196
v 0.50982493 -0.40515071 0.17562628
v 0.52293128 -0.40119821 0.17673367
v 0.50570393 -0.38039041 0.13602027
v 0.51880997 -0.37643811 0.13712767
v 0.55113441 -0.34311825 -0.07776243
v 0.53464866 -0.35066721 -0.07720321
v 0.56811488 -0.33065647 -0.08068821
v 0.48408911 -0.31754065 -0.00784013
v 0.55320525 -0.26163265 -0.01502092
v 0.49216715 -0.33139712 -0.03255667
v 0.56307828 -0.27623999 -0.04011817
v 0.50645763 -0.34846249 -0.05301420
v 0.56980324 -0.29432395 -0.05667969
v 0.52198929 -0.35753265 -0.07074416
v 0.57745504 -0.31435210 -0.07757241
v 0.47712508 -0.38734463 0.12417153
v 0.47594050 -0.37716129 0.11117129
v 0.48114362 -0.39769098 0.13732816
v 0.47628519 -0.36248294 0.09993469
v 0.48652139 -0.40484506 0.15089726
v 0.50371969 -0.34413388 0.10299924
v 0.51735198 -0.39481825 0.15304412
v 0.53822994 -0.34404233 0.10308764
v 0.54818267 -0.38479167 0.15519100
v 0.54470235 -0.35479540 0.11564322
v 0.55000103 -0.37529731 0.14212298
v 0.54816860 -0.36383936 0.12895913
v 0.45926473 -0.31554943 0.07165832
v 0.45801473 -0.29871792 0.06570711
v 0.46479610 -0.33454746 0.07898478
v 0.45981649 -0.27877533 0.06434612
v 0.47198397 -0.34863117 0.08931071
v 0.49809313 -0.30310515 0.04250006
v 0.50659150 -0.34747168 0.08861112
v 0.51822138 -0.25698581 0.05583395
v 0.53356743 -0.32513735 0.09256291
v 0.52450120 -0.27253529 0.06248842
v 0.53236568 -0.30624560 0.08173717
v 0.52910864 -0.28826860 0.07162716
v 0.48582596 -0.36239716 0.10428043
v 0.47859159 -0.35823393 0.09630158
v 0.46871105 -0.27722874 0.06359550
v 0.46347883 -0.26824537 0.06632232
v 0.49564222 -0.36324558 0.11012893
v 0.47367281 -0.34735981 0.08857405
v 0.47702858 -0.27822843 0.06521055
v 0.46634120 -0.27286109 0.05988733
v 0.50380534 -0.35371551 0.11394501
v 0.47349212 -0.33611685 0.08119035
v 0.49644148 -0.30749449 0.05267148
v 0.47299275 -0.27630222 0.05198599
v 0.50073200 -0.41092038 0.16645291
v 0.49475917 -0.40815613 0.15905562
v 0.51629698 -0.35419032 0.11192873
v 0.50907236 -0.41145569 0.17176315
v 0.47745308 -0.32446465 0.07564439
v 0.49206251 -0.40358388 0.15069699
v 0.48553187 -0.23057976 0.07929583
v 0.48192781 -0.27651072 0.04452540
v 0.51850951 -0.40968078 0.17417791
v 0.49305227 -0.39790028 0.14265016
v 0.52511287 -0.34864154 0.10707717
v 0.48511991 -0.31521720 0.07204560
v 0.49642569 -0.23030967 0.07281653
v 0.49177510 -0.27325830 0.03889941
v 0.52760690 -0.40586618 0.17332920
v 0.49757874 -0.39196947 0.13613965
v 0.53026730 -0.34138042 0.09958352
v 0.46584541 -0.22665343 0.09340774
v 0.50881612 -0.24263598 0.06033348
v 0.50176162 -0.26627615 0.03801446
v 0.53498000 -0.40059200 0.16934647
v 0.50495172 -0.38669559 0.13215700
v 0.52945596 -0.32926443 0.09149728
v 0.50748682 -0.31204292 0.07135253
v 0.51470590 -0.24483068 0.05199103
v 0.50957376 -0.25788409 0.03915049
v 0.51747334 -0.23880064 0.05327482
v 0.46364003 -0.27447534 0.06194965
v 0.52451587 -0.31854582 0.08347010
v 0.51407462 -0.30509222 0.07805217
v 0.53950638 -0.39466161 0.16283605
v 0.51292384 -0.38034743 0.13146602
v 0.51656419 -0.24751881 0.04517417
v 0.51446331 -0.25124067 0.04102026
v 0.54049623 -0.38897780 0.15478902
v 0.52348626 -0.38110599 0.13372290
v 0.53779906 -0.38440576 0.14643049
v 0.53182638 -0.38164151 0.13903314
v 0.49667567 -0.28972208 0.02058804
v 0.47309369 -0.27911592 0.05195279
v 0.51988220 -0.24405482 0.04524159
v 0.46363163 -0.28146285 0.06110248
v 0.52502853 -0.23646085 0.05174772
v 0.51374823 -0.41612366 0.16835839
v 0.52685457 -0.41217107 0.16946562
v 0.50962746 -0.39136368 0.12875238
v 0.52151269 -0.38459697 0.13012101
v 0.49854749 -0.36128807 0.10825397
v 0.47493213 -0.24787696 0.08517610
v 0.51273626 -0.35402471 0.10952609
v 0.48727155 -0.23720428 0.08456318
v 0.46951008 -0.25359142 0.09440834
v 0.49868178 -0.27540147 0.04416465
v 0.48388731 -0.24949317 0.09191714
v 0.51152164 -0.26428396 0.04508385
v 0.52111381 -0.41642004 0.16740683
v 0.51605016 -0.38944751 0.12805651
v 0.50576895 -0.35791132 0.10797475
v 0.48264542 -0.24426188 0.08672663
v 0.47081354 -0.23140982 0.10210787
v 0.50633156 -0.27138954 0.04638761
v 0.47510844 -0.29884660 0.05105872
v 0.54087490 -0.24505471 0.04463285
v 0.50937247 -0.41954523 0.16016199
v 0.50621831 -0.40059486 0.12984867
v 0.53358930 -0.41224226 0.16220796
v 0.53043491 -0.39329177 0.13189469
v 0.49412650 -0.36651215 0.09945749
v 0.47597507 -0.25929561 0.08486649
v 0.46953294 -0.27315575 0.09663356
v 0.52121609 -0.35514945 0.10159252
v 0.49519336 -0.28013057 0.05554144
v 0.49861661 -0.23952611 0.08353493
v 0.49658597 -0.26684475 0.09202363
v 0.51803696 -0.26083779 0.05418203
v 0.48505446 -0.37275419 0.09289559
v 0.49544144 -0.41636994 0.14250207
v 0.53790832 -0.35487118 0.09574937
v 0.54884183 -0.39900318 0.14622058
v 0.54843503 -0.36057118 -0.07372102
v 0.57986963 -0.33687964 -0.07639149
v 0.56479794 -0.34958991 -0.07567787
v 0.46851626 -0.26898181 0.08395831
v 0.47851279 -0.35061404 0.08619998
v 0.51236004 -0.23329905 0.07826345
v 0.53079641 -0.32821554 0.08863230
v 0.53323638 -0.36585808 -0.06443977
v 0.58867556 -0.32240418 -0.06955229
v 0.50604808 -0.41942525 0.15083592
v 0.50434101 -0.40916941 0.13443048
v 0.53768915 -0.40988314 0.15350920
v 0.53598189 -0.39962721 0.13710369
v 0.48551458 -0.38863245 0.10258110
v 0.49110472 -0.41056085 0.12795334
v 0.54498535 -0.36920917 0.10629360
v 0.55073702 -0.39116743 0.13210572
v 0.46091115 -0.26755056 0.09396510
v 0.46857369 -0.32230985 0.08441841
v 0.51096463 -0.23094834 0.08679798
v 0.52675074 -0.30020851 0.08262120
v 0.50428098 -0.41578186 0.14180008
v 0.48728117 -0.40004966 0.11486642
v 0.54869550 -0.37946320 0.11900072
v 0.52298200 -0.42009297 0.15840364
v 0.51982802 -0.40114239 0.12809043
v 0.53852886 -0.40545338 0.14469367
v 0.45922923 -0.28138402 0.09429157
v 0.51684988 -0.25794643 0.08524791
v 0.48921973 -0.36246270 0.09099889
v 0.47362962 -0.30382583 0.09362839
v 0.51965219 -0.35835582 -0.04256755
v 0.58678913 -0.30672789 -0.04845346
v 0.47923377 -0.26969013 0.08103314
v 0.52568680 -0.35090095 0.09262514
v 0.48923144 -0.28098747 0.06455689
v 0.51035482 -0.29696950 0.08964065
v 0.50880015 -0.24392287 0.07922688
v 0.51891434 -0.25542712 0.06278090
v 0.48901147 -0.31793693 0.03435596
v 0.55930561 -0.26334292 0.02785026
v 0.48191455 -0.34033328 0.08877550
v 0.50888658 -0.36373246 0.09846233
v 0.48438239 -0.27748233 0.07450667
v 0.47350994 -0.23481973 0.11180590
v 0.49040422 -0.25267932 0.08794738
v 0.51986909 -0.32489008 0.08990626
v 0.50890243 -0.27377334 0.05739079
v 0.51615429 -0.24965501 0.07217046
v 0.52646500 -0.25335467 0.06483550
v 0.48745903 -0.28560734 0.06884682
v 0.50796473 -0.34433308 -0.01474907
v 0.57968748 -0.29146215 -0.02033014
v 0.52333355 -0.24335553 0.07520807
v 0.47836426 -0.28126770 0.08005688
v 0.52382982 -0.42014065 0.14853857
v 0.49915120 -0.33296975 0.01141503
v 0.57153392 -0.27817169 0.00568880
v 0.52212316 -0.40988469 0.13213316
v 0.52352840 -0.41655621 0.13931362
v 0.49870077 -0.37441185 0.08947214
v 0.51023251 -0.42212006 0.13693182
v 0.52966666 -0.36570907 0.09031987
v 0.54106325 -0.41209346 0.13907866
v 0.50820690 -0.35753956 0.09053589
v 0.47700053 -0.24669436 0.11703226
v 0.49869555 -0.26145545 0.08567378
v 0.50853306 -0.27282962 0.06891012
v 0.48403829 -0.26742166 0.09041917
v 0.48560813 -0.32865089 0.09402030
v 0.50885165 -0.24565490 0.08743722
v 0.51566434 -0.31684151 0.09344527
v 0.49488562 -0.31032458 0.09897519
v 0.50529879 -0.26870474 0.07921847
v 0.52069753 -0.26359358 0.07125356
v 0.49855462 -0.28174195 0.07327429
v 0.50175470 -0.39398596 0.09701431
v 0.50762194 -0.41698205 0.12173289
v 0.53606653 -0.38277945 0.09907698
v 0.54205048 -0.40578520 0.12413033
v 0.50958866 -0.27269092 0.07308938
v 0.47710496 -0.26160836 0.10354787
v 0.46738055 -0.25911492 0.11825953
v 0.50475925 -0.23714690 0.10023255
v 0.50250119 -0.25808984 0.10583753
v 0.51492655 -0.37152997 0.08865038
v 0.52693117 -0.42055485 0.13567863
v 0.50424463 -0.40618312 0.10875256
v 0.53953969 -0.39388993 0.11122018
v 0.51835448 -0.25583160 0.08414749
v 0.49246663 -0.27726346 0.08674344
v 0.49881354 -0.25888282 0.09170983
v 0.49507871 -0.30265358 0.10285370
v 0.47063494 -0.25547022 0.11452809
v 0.49964577 -0.23195928 0.11004811
v 0.50542110 -0.26657915 0.08652161
v 0.48229960 -0.29466596 0.08661653
v 0.53811431 -0.24881686 0.08083986
v 0.52030420 -0.39196378 0.09570313
v 0.52626944 -0.41523424 0.12033355
v 0.49357784 -0.25192127 0.10504821
v 0.48186058 -0.24282032 0.12292318
v 0.52349824 -0.40425169 0.10734523
v 0.55364585 -0.36682931 -0.06832666
v 0.58633900 -0.34437168 -0.06998968
v 0.48706129 -0.24359171 0.11691346
v 0.53895801 -0.37243724 -0.05836909
v 0.59541297 -0.33040136 -0.06265217
v 0.57048690 -0.35636553 -0.06982036
v 0.56023860 -0.33876321 -0.03438214
v 0.52170271 -0.28643343 0.06853214
v 0.49185014 -0.31542617 0.07116273
v 0.55848491 -0.26402825 0.06559503
v 0.49696806 -0.28490123 0.09544489
v 0.52672464 -0.26061800 0.09243822
v 0.55161613 -0.34065172 -0.02663522
v 0.55080467 -0.34557623 -0.03367460
v 0.55807495 -0.33552265 -0.02355764
v 0.55614710 -0.34740686 -0.04050425
v 0.56569910 -0.33235377 -0.02669946
v 0.56397396 -0.34446061 -0.04350025
v 0.57074243 -0.33382806 -0.03372601
v 0.56963283 -0.33841711 -0.04097499
v 0.51218170 -0.27304003 0.09531336
v 0.51410896 -0.28927425 0.07714088
v 0.51579976 -0.29618227 0.07242335
v 0.51924384 -0.28264886 0.07929333
v 0.52208990 -0.29846549 0.06667563
v 0.52667683 -0.27915111 0.07609430
v 0.52988344 -0.29531214 0.06377124
v 0.52643424 -0.36632434 -0.03499643
v 0.59656399 -0.31914362 -0.03830307
v 0.53387737 -0.28225848 0.07112166
v 0.53424942 -0.28823802 0.06510081
v 0.54536128 -0.31718642 0.02214270
v 0.53782916 -0.32018480 0.03073462
v 0.53690583 -0.32508856 0.02354542
v 0.54390174 -0.31457880 0.03356960
v 0.54164267 -0.32622173 0.01630135
v 0.55098099 -0.31109929 0.02983978
v 0.54923838 -0.32304081 0.01312567
v 0.55595756 -0.31246108 0.02279180
v 0.55525833 -0.31747103 0.01585893
v 0.54602766 -0.34519285 -0.01846892
v 0.54435849 -0.35414571 -0.03162593
v 0.55747932 -0.33509964 -0.01307291
v 0.55275232 -0.35602367 -0.04539021
v 0.50430822 -0.33467275 0.05044137
v 0.57615536 -0.28368884 0.04587977
v 0.57184058 -0.32957765 -0.01870356
v 0.56781268 -0.35116747 -0.05044822
v 0.58091569 -0.33205414 -0.03187574
v 0.57783526 -0.33976674 -0.04625946
v 0.51788408 -0.35671359 -0.00460909
v 0.59267324 -0.30912009 -0.00715897
v 0.51067585 -0.29500645 0.08765828
v 0.51203167 -0.30664524 0.07711254
v 0.52033812 -0.28295767 0.09175834
v 0.52255976 -0.31024122 0.06531085
v 0.53430992 -0.27674291 0.08602714
v 0.53689820 -0.30449396 0.05979916
v 0.54602963 -0.28154260 0.07515480
v 0.54805046 -0.29397187 0.06504770
v 0.51192135 -0.34763667 0.02455295
v 0.58692265 -0.29834771 0.02134676
v 0.53359693 -0.32620916 0.03988216
v 0.53165865 -0.33489141 0.02651446
v 0.54455072 -0.31560045 0.04489816
v 0.53992766 -0.33670357 0.01261182
v 0.55861980 -0.30977628 0.03904452
v 0.55398858 -0.33102083 0.00664968
v 0.56740642 -0.31198576 0.02563052
v 0.56581330 -0.32108289 0.01248749
v 0.55440825 -0.37160662 -0.06539490
v 0.58822924 -0.35061425 -0.06639965
v 0.50682408 -0.29606748 0.10722818
v 0.53744400 -0.27130497 0.10409028
v 0.57217836 -0.36232448 -0.06632365
v 0.54065734 -0.37768891 -0.05492468
v 0.59964097 -0.33989060 -0.05746965
v 0.52252215 -0.28406420 0.10697848
v 0.49909008 -0.31091845 0.10175211
v 0.55407405 -0.26802674 0.09680107
v 0.54419690 -0.35217842 -0.01164192
v 0.54144925 -0.36324599 -0.02923575
v 0.55980498 -0.33959886 -0.00405748
v 0.55181402 -0.36528713 -0.04782310
v 0.57835191 -0.33228365 -0.01166448
v 0.57078207 -0.35833713 -0.05506029
v 0.58937067 -0.33481684 -0.02962669
v 0.58600259 -0.34548387 -0.04785823
v 0.51234555 -0.30359694 0.09852713
v 0.51293802 -0.31805283 0.08352989
v 0.52546483 -0.28839153 0.10424539
v 0.52598590 -0.32253984 0.06721575
v 0.58138072 -0.34881541 -0.05097352
v 0.55453163 -0.36482719 -0.05022194
v 0.54319757 -0.27982655 0.09629326
v 0.54460496 -0.31518236 0.05974345
v 0.56823355 -0.35733765 -0.05148090
v 0.55876148 -0.28699502 0.08184798
v 0.55900794 -0.30141112 0.06637004
v 0.59164941 -0.34244448 -0.04277930
v 0.54509789 -0.37048227 -0.04163634
v 0.51773167 -0.30280730 0.10059296
v 0.54180956 -0.28397381 0.09835076
v 0.53349358 -0.33463699 0.04826237
v 0.53057975 -0.34576926 0.03038113
v 0.53039753 -0.29410443 0.10067849
v 0.54794067 -0.32066491 0.05509031
v 0.54128820 -0.34817678 0.01204909
v 0.56679368 -0.31383890 0.04760000
v 0.55971497 -0.34086558 0.00426350
v 0.57808477 -0.31679511 0.02974972
v 0.57519102 -0.32807103 0.01180017
v 0.51269448 -0.31490558 0.09679590
v 0.55698770 -0.28482199 0.09450163
v 0.53196615 -0.37597302 -0.03051175
v 0.60321444 -0.33341384 -0.03168455
v 0.50628209 -0.33101946 0.08567047
v 0.57411963 -0.28461909 0.08210463
v 0.54152673 -0.37098062 -0.02318590
v 0.59404141 -0.33993500 -0.02389761
v 0.56784165 -0.35608706 -0.02502835
v 0.55832601 -0.37852782 -0.05909060
v 0.59171051 -0.35863891 -0.05976081
v 0.57005787 -0.29743952 0.08193720
v 0.51979816 -0.33118069 0.08432463
v 0.57543296 -0.36937386 -0.06023911
v 0.54749179 -0.36141163 -0.00618508
v 0.54366678 -0.37270093 -0.02600733
v 0.54623461 -0.31620583 0.08467410
v 0.56413203 -0.34784225 0.00162029
v 0.55487359 -0.37496862 -0.04618282
v 0.58441967 -0.33999768 -0.00635117
v 0.57526338 -0.36735159 -0.05415960
v 0.59614307 -0.34253094 -0.02594966
v 0.59186572 -0.35372221 -0.04636869
v 0.54507452 -0.38450813 -0.04943443
v 0.60337102 -0.34946439 -0.05093424
v 0.52129459 -0.31764156 0.10900675
v 0.51886928 -0.33020702 0.09037023
v 0.51779711 -0.30853832 0.11680423
v 0.54845870 -0.28532612 0.11439780
v 0.53367794 -0.29872292 0.11420286
v 0.53207612 -0.33484986 0.07151454
v 0.55565476 -0.29303569 0.10724325
v 0.53365117 -0.29754835 0.11687797
v 0.55238760 -0.32746416 0.06326580
v 0.56975532 -0.29839095 0.08921413
v 0.56806040 -0.31220651 0.07079916
v 0.52864021 -0.37166390 0.00240093
v 0.60165673 -0.32798460 0.00094930
v 0.51757252 -0.35099453 0.06067245
v 0.58935982 -0.30582359 0.05843157
v 0.51088393 -0.32393983 0.11135421
v 0.56445128 -0.28277496 0.10707635
v 0.59039187 -0.36117542 -0.05249391
v 0.56071877 -0.37837833 -0.05225742
v 0.53737277 -0.34446752 0.05417060
v 0.53381145 -0.35608524 0.03451186
v 0.57584625 -0.37046587 -0.05326662
v 0.55397898 -0.33064231 0.06209969
v 0.54529107 -0.35863978 0.01454153
v 0.52411610 -0.36368731 0.03256189
v 0.59747732 -0.31922027 0.03094009
v 0.57402259 -0.32276213 0.05379460
v 0.56520140 -0.35085082 0.00597861
v 0.58574766 -0.32540888 0.03412138
v 0.58221507 -0.33711067 0.01444783
v 0.60059834 -0.35340777 -0.04511566
v 0.54920524 -0.38371584 -0.04411928
v 0.54572511 -0.36888865 -0.00479178
v 0.59057337 -0.34229982 -0.00542675
v 0.52626222 -0.31618017 0.11613224
v 0.55396569 -0.29677457 0.11456602
v 0.57592630 -0.31429431 0.06899633
v 0.53144175 -0.34241045 0.07024834
v 0.54003513 -0.30635482 0.11617012
v 0.51897544 -0.32824472 0.11056328
v 0.56696779 -0.29352659 0.10765057
v 0.56928259 -0.32546937 0.06531917
v 0.54361117 -0.34084094 0.06589746
v 0.55598289 -0.36395353 0.00023807
v 0.58141363 -0.34897709 -0.00010526
v 0.53970039 -0.38536033 -0.02511690
v 0.60743868 -0.34547031 -0.02617131
v 0.55673134 -0.33378187 0.06619975
v 0.53688103 -0.36083558 0.03384626
v 0.58904046 -0.32946038 0.03280474
v 0.56907976 -0.35703242 -0.00053531
v 0.58278894 -0.32594049 0.04882026
v 0.53724861 -0.35346863 0.04982771
v 0.54321164 -0.36470389 0.01771584
v 0.58901203 -0.33737248 0.01695830
v 0.56331867 -0.34612530 0.03319607
v 0.51733607 -0.34352076 0.09353879
v 0.58374411 -0.30226487 0.09146138
v 0.57243282 -0.33072451 0.05461394
v 0.54643387 -0.34667039 0.05507905
v 0.55434668 -0.36151046 0.01200473
v 0.58055973 -0.34605268 0.01152391
v 0.55977750 -0.33937046 0.05501306
v 0.56775779 -0.35429546 0.01175673
v 0.55428368 -0.37031001 -0.00378237
v 0.55074102 -0.38069066 -0.02207583
v 0.56990731 -0.35787970 0.00372391
v 0.56135410 -0.38294077 -0.04044044
v 0.58845997 -0.35068095 -0.00395398
v 0.57990617 -0.37574241 -0.04811853
v 0.59907317 -0.35293126 -0.02231843
v 0.59553033 -0.36331198 -0.04061211
v 0.53063673 -0.32909372 0.11341441
v 0.52784324 -0.34034678 0.09562761
v 0.54578823 -0.38540831 -0.02316912
v 0.60443479 -0.35082364 -0.02429117
v 0.54471254 -0.31455955 0.12007988
v 0.53907067 -0.34361225 0.07747398
v 0.56311643 -0.30704504 0.11239835
v 0.55770683 -0.33663198 0.06977119
v 0.57607108 -0.31265405 0.09518610
v 0.57303047 -0.32370254 0.07717582
v 0.58220226 -0.30950323 0.09336231
v 0.52401364 -0.34452492 0.09486726
v 0.54783243 -0.38618651 -0.01955190
v 0.55451137 -0.38922498 -0.03517054
v 0.54884654 -0.37861100 -0.00408037
v 0.56709397 -0.38691223 -0.04675143
v 0.55728215 -0.36852822 0.00709837
v 0.58220857 -0.37986800 -0.05119133
v 0.57654381 -0.36925393 -0.02010111
v 0.57087880 -0.35864004 0.01098911
v 0.59580529 -0.36997974 -0.04730069
v 0.58599341 -0.35159579 0.00654916
v 0.60424083 -0.35989705 -0.03612195
v 0.59857589 -0.34928304 -0.00503168
v 0.60525495 -0.35232151 -0.02065037
v 0.54451996 -0.35382488 0.05678261
v 0.54104573 -0.36428210 0.03853749
v 0.56007725 -0.34130287 0.06425395
v 0.55160081 -0.36661491 0.02003170
v 0.57855856 -0.33388647 0.05661902
v 0.57015276 -0.35941648 0.01235356
v 0.58926749 -0.33626193 0.03830989
v 0.58577698 -0.34698606 0.01986004
v 0.52643114 -0.34607285 0.09858636
v 0.53343499 -0.34962684 0.08309413
v 0.52730012 -0.33846423 0.11386748
v 0.54615217 -0.34762317 0.07150064
v 0.53519750 -0.32766441 0.12474381
v 0.56129307 -0.34070197 0.06701588
v 0.55420965 -0.32758278 0.09772674
v 0.54893708 -0.31807423 0.12864180
v 0.57473260 -0.33049914 0.07088965
v 0.56339526 -0.31004006 0.12391144
v 0.58290702 -0.32001880 0.08195538
v 0.57609361 -0.30780095 0.11245047
v 0.58345068 -0.31177035 0.09719379
v 0.53425062 -0.37444678 0.03790757
v 0.60232693 -0.33391032 0.03657723
v 0.55012685 -0.38350534 -0.00284313
v 0.60136497 -0.35329008 -0.00381053
v 0.58632135 -0.32501876 0.07755586
v 0.53525281 -0.35551000 0.07867489
v 0.56366950 -0.37737441 -0.00450910
v 0.56095761 -0.38531953 -0.01851025
v 0.53772658 -0.37213877 0.04173111
v 0.54492265 -0.37541240 0.02490348
v 0.53883231 -0.36381859 0.05852652
v 0.55847895 -0.37292054 0.01242623
v 0.54784673 -0.35283390 0.07054439
v 0.57476348 -0.36533102 0.00764275
v 0.56866020 -0.35389566 0.04113932
v 0.56240714 -0.34202257 0.07471335
v 0.58941251 -0.35467744 0.01183449
v 0.57866853 -0.33440024 0.06991833
v 0.59851724 -0.34362066 0.02403365
v 0.59224206 -0.33188862 0.05747955
v 0.59952539 -0.33528048 0.04069997
v 0.57562757 -0.36786047 0.00123592
v 0.56908101 -0.38704157 -0.03256599
v 0.58982676 -0.36235100 -0.00464064
v 0.58328038 -0.38153204 -0.03844265
v 0.54237205 -0.38454503 0.00925052
v 0.60640377 -0.34678221 0.00802559
v 0.53176582 -0.36453065 0.06759840
v 0.59555697 -0.32640490 0.06626735
v 0.59794980 -0.36407331 -0.01869622
v 0.59523821 -0.37201825 -0.03269752
v 0.54060960 -0.33676139 0.11313896
v 0.53833866 -0.34530202 0.09937983
v 0.55167812 -0.32585987 0.11852181
v 0.54687226 -0.34785599 0.08536088
v 0.56619835 -0.32087788 0.11275785
v 0.56112093 -0.34248954 0.07945962
v 0.57509840 -0.32382077 0.09901292
v 0.57275987 -0.33231628 0.08518458
v 0.57814556 -0.33635256 0.07308770
v 0.54896051 -0.35382238 0.07367381
v 0.56187963 -0.37805623 0.00342234
v 0.59114069 -0.36080113 0.00287282
v 0.54085851 -0.37489125 0.03906769
v 0.59947968 -0.34002799 0.03808519
v 0.54155570 -0.36698624 0.05647256
v 0.59275675 -0.33650315 0.05546261
v 0.54786962 -0.37891755 0.02181113
v 0.59919059 -0.34865087 0.02082947
v 0.56384206 -0.34557986 0.07389938
v 0.57692468 -0.37013152 0.00290256
v 0.55391943 -0.36087152 0.05608770
v 0.55120432 -0.36899355 0.04196174
v 0.55193853 -0.35926747 0.06252160
v 0.58118027 -0.34180135 0.06195321
v 0.56050676 -0.37538701 0.01579061
v 0.58983326 -0.35809165 0.01522969
v 0.56583285 -0.35128695 0.06181531
v 0.55932778 -0.37071571 0.02790615
v 0.58001262 -0.34569323 0.05596755
v 0.57352704 -0.36520615 0.02202949
v 0.58818269 -0.34750217 0.04192202
v 0.58548486 -0.35569236 0.02777462
v 0.56688774 -0.35110381 0.06259243
v 0.57556349 -0.36740842 0.01544912
v 0.54961753 -0.35880840 0.06898844
v 0.58207345 -0.33941451 0.06834311
v 0.56043303 -0.37914467 0.01003281
v 0.59299296 -0.35994247 0.00940996
v 0.56616026 -0.34965178 0.06910258
v 0.57711941 -0.37023729 0.00957948
v 0.57394964 -0.38141450 -0.00857435
v 0.57248223 -0.38571444 -0.01615156
v 0.58042133 -0.37626559 -0.00546504
v 0.57687837 -0.38664630 -0.02375841
v 0.58810574 -0.37328404 -0.00864529
v 0.58456284 -0.38366476 -0.02693880
v 0.59250200 -0.37421602 -0.01625208
v 0.59103453 -0.37851575 -0.02382960
v 0.55086714 -0.34046045 0.10927242
v 0.54976064 -0.34536302 0.10181516
v 0.55672091 -0.33419049 0.11223644
v 0.55466402 -0.34747276 0.09415234
v 0.56437904 -0.33114564 0.10906065
v 0.56235135 -0.34450021 0.09096981
v 0.56984246 -0.33417022 0.10159802
v 0.56853634 -0.33870539 0.09409686
v 0.58355886 -0.38181528 -0.01535857
v 0.55216575 -0.40101570 -0.01369978
v 0.55962545 -0.40440929 -0.03114394
v 0.55329847 -0.39255473 0.00358005
v 0.57367861 -0.40182629 -0.04407839
v 0.56271988 -0.38129359 0.01606540
v 0.59055966 -0.39395866 -0.04903715
v 0.57790589 -0.37024966 0.02041083
v 0.60574555 -0.38291472 -0.04469177
v 0.59478706 -0.36238196 0.01545202
v 0.61516714 -0.37165353 -0.03220647
v 0.60884005 -0.35979900 0.00251757
v 0.61629981 -0.36319259 -0.01492659
v 0.56016862 -0.33992451 0.10267259
v 0.56419629 -0.36508861 0.05189779
v 0.56272888 -0.36938864 0.04432053
v 0.57066798 -0.35993966 0.05500695
v 0.56712490 -0.37032053 0.03671368
v 0.57834065 -0.35666206 0.05201051
v 0.57480943 -0.36733878 0.03353329
v 0.58275747 -0.35764763 0.04439755
v 0.58131737 -0.36199555 0.03682735
v 0.53122103 -0.36176035 0.10452509
v 0.53874159 -0.36522621 0.08712114
v 0.53225446 -0.35317498 0.12174376
v 0.55281276 -0.36264300 0.07421338
v 0.54164171 -0.34192306 0.13417256
v 0.56967622 -0.35475007 0.06924573
v 0.55673236 -0.33074346 0.13847061
v 0.58478421 -0.34355685 0.07357838
v 0.57354951 -0.32276776 0.13349149
v 0.59413910 -0.33225834 0.08599104
v 0.58757997 -0.32010776 0.12057585
v 0.59520251 -0.32374448 0.10320545
v 0.57380551 -0.36548933 0.04511347
v 0.54239547 -0.38811567 0.04803619
v 0.55043238 -0.39177188 0.02924189
v 0.54361576 -0.37899989 0.06665348
v 0.56557328 -0.38898891 0.01530633
v 0.55376637 -0.36686710 0.08010516
v 0.58376104 -0.38051242 0.00996365
v 0.57000422 -0.35449773 0.08492535
v 0.60012221 -0.36861363 0.01464539
v 0.58821321 -0.34613895 0.07953367
v 0.61027294 -0.35648087 0.02809712
v 0.60345644 -0.34370878 0.06550876
v 0.61149341 -0.34736511 0.04671441
v 0.55873626 -0.41452542 -0.00789044
v 0.56645608 -0.41803738 -0.02594309
v 0.55990839 -0.40576941 0.00999217
v 0.58099943 -0.41536430 -0.03932872
v 0.56965870 -0.39411542 0.02291302
v 0.59846956 -0.40722224 -0.04446052
v 0.58537418 -0.38268626 0.02741000
v 0.61418504 -0.39579305 -0.03996354
v 0.60284418 -0.37454417 0.02227821
v 0.62393534 -0.38413897 -0.02704269
v 0.61738753 -0.37187102 0.00889262
v 0.62510741 -0.37538299 -0.00916013
v 0.53791118 -0.37563673 0.11026092
v 0.54563087 -0.37914869 0.09220822
v 0.53908330 -0.36688069 0.12814349
v 0.56017441 -0.37647554 0.07882269
v 0.54883337 -0.35522667 0.14106435
v 0.57764435 -0.36833355 0.07369085
v 0.56454897 -0.34379748 0.14556137
v 0.59335995 -0.35690430 0.07818783
v 0.58201903 -0.33565542 0.14042957
v 0.60311002 -0.34525037 0.09110868
v 0.59656233 -0.33298227 0.12704393
v 0.60428220 -0.33649430 0.10899129
v 0.59320533 -0.39677861 -0.00892323
v 0.57118046 -0.35811037 0.10892234
v 0.59224880 -0.39493710 0.00247520
v 0.59974766 -0.39188978 -0.00070555
v 0.58594513 -0.40011877 -0.00053445
v 0.60404915 -0.39276129 -0.00821417
v 0.58453006 -0.40439856 -0.00797218
v 0.60263377 -0.39704108 -0.01565174
v 0.58883148 -0.40527028 -0.01548043
v 0.59633034 -0.40222242 -0.01866160
v 0.57022417 -0.35626882 0.12032087
v 0.57772279 -0.35322139 0.11714012
v 0.56392050 -0.36145052 0.11731123
v 0.58202440 -0.35409299 0.10963151
v 0.56250519 -0.36573020 0.10987344
v 0.58060902 -0.35837269 0.10219388
v 0.56680673 -0.36660194 0.10236524
v 0.57430559 -0.36355409 0.09918408
v 0.54947460 -0.40267116 0.05429523
v 0.55779189 -0.40645495 0.03484529
v 0.55073744 -0.39323738 0.07356191
v 0.57346106 -0.40357491 0.02042371
v 0.56124228 -0.38068140 0.08748285
v 0.59228313 -0.39480266 0.01489461
v 0.57817423 -0.36836752 0.09232790
v 0.60921508 -0.38248885 0.01973970
v 0.59699643 -0.35959533 0.08679889
v 0.61971986 -0.36993289 0.03366065
v 0.61266559 -0.35671523 0.07237727
v 0.62098289 -0.36049905 0.05292732
v 0.59360611 -0.39697856 0.01379883
v 0.60746258 -0.39134738 0.00792135
v 0.58195901 -0.40655234 0.00823749
v 0.61541057 -0.39295766 -0.00595269
v 0.58505040 -0.38449171 0.05318729
v 0.57934326 -0.41446081 -0.00550527
v 0.61279482 -0.40086618 -0.01969545
v 0.58729166 -0.41607127 -0.01937921
v 0.60114783 -0.41043994 -0.02525684
v 0.57158136 -0.35831037 0.13164455
v 0.58543783 -0.35267895 0.12576692
v 0.55993438 -0.36788404 0.12608317
v 0.59338582 -0.35428941 0.11189298
v 0.55731851 -0.37579241 0.11234030
v 0.59077007 -0.36219788 0.09815022
v 0.56526703 -0.37740287 0.09846641
v 0.57912320 -0.37177166 0.09258878
v 0.58401746 -0.38250300 0.06549766
v 0.59211606 -0.37921172 0.06206249
v 0.57720953 -0.38809910 0.06224730
v 0.59676188 -0.38015300 0.05395318
v 0.57569337 -0.39269009 0.05432309
v 0.59523320 -0.38477516 0.04592056
v 0.58032680 -0.39366269 0.04610561
v 0.58842546 -0.39037102 0.04266999
v 0.56754404 -0.42671603 -0.00212378
v 0.57500374 -0.43010965 -0.01956794
v 0.56867677 -0.41825509 0.01515600
v 0.58905691 -0.42752662 -0.03250238
v 0.57809830 -0.40699404 0.02764140
v 0.60593796 -0.41965899 -0.03746119
v 0.59328419 -0.39594999 0.03198683
v 0.62112379 -0.40861505 -0.03311576
v 0.61016530 -0.38808241 0.02702802
v 0.63054544 -0.39735386 -0.02063051
v 0.62421834 -0.38549936 0.01409358
v 0.63167810 -0.38889292 -0.00335058
v 0.54671872 -0.38782719 0.11602749
v 0.55417836 -0.39122084 0.09858328
v 0.54785150 -0.37936619 0.13330726
v 0.56823146 -0.38863778 0.08564888
v 0.55727297 -0.36810505 0.14579260
v 0.58511275 -0.38077021 0.08069007
v 0.57245880 -0.35706109 0.15013805
v 0.60029852 -0.36972621 0.08503550
v 0.58933991 -0.34919351 0.14517924
v 0.60972011 -0.35846502 0.09752080
v 0.60339314 -0.34661046 0.13224484
v 0.61085278 -0.35000402 0.11480063
v 0.58548337 -0.38470778 0.07772732
v 0.60044831 -0.37862596 0.07137946
v 0.57293582 -0.39505261 0.07184407
v 0.60903215 -0.38036516 0.05639559
v 0.57009208 -0.40354359 0.05701329
v 0.60620713 -0.38890630 0.04155338
v 0.59704208 -0.40246722 0.02342817
v 0.61517489 -0.39523456 0.01564405
v 0.57865727 -0.40526137 0.04198779
v 0.59362841 -0.39924589 0.03554697
v 0.58185309 -0.41510096 0.01605725
v 0.62555987 -0.39733827 -0.00248289
v 0.57843590 -0.42543396 -0.00189880
v 0.62214220 -0.40767103 -0.02043873
v 0.58882058 -0.42753753 -0.02002559
v 0.60692453 -0.42018005 -0.02770521
v 0.57504630 -0.36392364 0.14116959
v 0.59315026 -0.35656610 0.13348977
v 0.55982834 -0.37643263 0.13390282
v 0.60353512 -0.35866988 0.11536268
v 0.55641109 -0.38676557 0.11594682
v 0.60011756 -0.36900282 0.09740689
v 0.56679583 -0.38886914 0.09782003
v 0.58489966 -0.38151175 0.09014036
v 0.55897295 -0.41575122 0.06064368
v 0.56698191 -0.41936755 0.04180339
v 0.56021816 -0.40670550 0.07924004
v 0.58214182 -0.41667849 0.02777828
v 0.57038605 -0.39461192 0.09269266
v 0.60029483 -0.40807459 0.02251969
v 0.58669615 -0.38265786 0.09725890
v 0.61669081 -0.39630321 0.02711734
v 0.60488409 -0.37418121 0.09191618
v 0.62684155 -0.38417038 0.04056902
v 0.62002486 -0.37139830 0.07798067
v 0.62806189 -0.37505463 0.05918637
v 0.58922541 -0.39077011 0.08801429
v 0.60882533 -0.38287225 0.07983363
v 0.57287395 -0.40434101 0.08041047
v 0.62001413 -0.38509741 0.06022783
v 0.56911296 -0.41536903 0.06095900
v 0.61630237 -0.39625558 0.04075062
v 0.58028394 -0.41757017 0.04132173
v 0.59984338 -0.40966791 0.03297939
v 0.60208708 -0.41081658 0.02967087
v 0.62168151 -0.40285495 0.02135065
v 0.58558977 -0.42430049 0.02179871
v 0.63295168 -0.40523604 0.00166653
v 0.58188444 -0.43549070 0.00232645
v 0.62925249 -0.41642046 -0.01776895
v 0.59318537 -0.43792376 -0.01732153
v 0.61278087 -0.42995998 -0.02563414
v 0.57853097 -0.43743813 0.00362527
v 0.58526796 -0.44062567 -0.01201874
v 0.57955176 -0.42986643 0.01911782
v 0.59785038 -0.43831292 -0.02359953
v 0.58798862 -0.41976053 0.03034365
v 0.61296499 -0.43126860 -0.02803947
v 0.60723454 -0.42047703 0.00309479
v 0.60161275 -0.40994784 0.03421399
v 0.62656176 -0.42138034 -0.02414879
v 0.61672682 -0.40290123 0.02977600
v 0.63499731 -0.41129762 -0.01297004
v 0.62933230 -0.40068367 0.01812022
v 0.63601136 -0.40372220 0.00250153
v 0.58025980 -0.37253731 0.14764650
v 0.59983116 -0.36453009 0.13931128
v 0.56383109 -0.38614145 0.13984680
v 0.61104906 -0.36675924 0.11968140
v 0.56003112 -0.39714757 0.12030789
v 0.60734254 -0.37791404 0.10026919
v 0.57122475 -0.39934081 0.10064098
v 0.59075624 -0.39129174 0.09221153
v 0.55787385 -0.39886874 0.12190906
v 0.56451958 -0.40184504 0.10626284
v 0.55894673 -0.39139938 0.13743617
v 0.57702512 -0.39942402 0.09455169
v 0.56739235 -0.38134208 0.14861199
v 0.59213960 -0.39237982 0.09011184
v 0.58662367 -0.38199931 0.12140802
v 0.58095849 -0.37140450 0.15246212
v 0.60573637 -0.38249147 0.09400247
v 0.59605175 -0.36432287 0.14800006
v 0.61427718 -0.37256476 0.10534359
v 0.60863012 -0.36199856 0.13642225
v 0.61528999 -0.36499840 0.12079289
v 0.59467357 -0.39976728 0.09479184
v 0.61588615 -0.39123505 0.08589971
v 0.57700700 -0.41454002 0.08654590
v 0.62803191 -0.39366281 0.06479145
v 0.57290006 -0.42638165 0.06551182
v 0.62396234 -0.40560123 0.04374122
v 0.60793781 -0.42060283 0.03170561
v 0.62603366 -0.41322517 0.02402930
v 0.58494163 -0.42865348 0.04424641
v 0.60616201 -0.42023697 0.03517660
v 0.59265864 -0.43296570 0.02444366
v 0.63641316 -0.41532803 0.00588061
v 0.58920938 -0.44324529 0.00645212
v 0.63296527 -0.42559859 -0.01208957
v 0.57087749 -0.42744198 0.06687143
v 0.57798976 -0.43055078 0.04998795
v 0.57205379 -0.41946080 0.08356627
v 0.59151530 -0.42800978 0.03746957
v 0.58104485 -0.40849268 0.09538796
v 0.60786700 -0.42061290 0.03262122
v 0.60179722 -0.40927461 0.06608318
v 0.59569389 -0.39783916 0.09957975
v 0.62252450 -0.40996864 0.03683170
v 0.61197829 -0.39024964 0.09479622
v 0.63164103 -0.39913401 0.04894250
v 0.62564546 -0.38790882 0.08251337
v 0.63278365 -0.39107490 0.06563686
v 0.59959537 -0.44536093 -0.01169191
v 0.61773020 -0.43807355 -0.01936758
v 0.58636826 -0.38278922 0.14992782
v 0.60447741 -0.37543350 0.14226703
v 0.57122487 -0.39542246 0.14274979
v 0.61474115 -0.37730572 0.12404725
v 0.56755096 -0.40528533 0.12456359
v 0.61124903 -0.38748899 0.10604784
v 0.57775646 -0.40707552 0.10624619
v 0.59580076 -0.39962247 0.09848764
v 0.58634496 -0.44874036 0.00904547
v 0.59286535 -0.45173901 -0.00619819
v 0.58742505 -0.44154432 0.02417293
v 0.60515344 -0.44954279 -0.01748574
v 0.59565914 -0.43171105 0.03513245
v 0.61992514 -0.44276455 -0.02179924
v 0.61449665 -0.43261045 0.00854792
v 0.60905600 -0.42243883 0.03887637
v 0.63323188 -0.43324345 -0.01798563
v 0.62378651 -0.41557100 0.03455105
v 0.64147502 -0.42345643 -0.00707189
v 0.63602555 -0.41325977 0.02326475
v 0.64249319 -0.41613039 0.00802939
v 0.56640041 -0.41156220 0.12782116
v 0.57249999 -0.41377312 0.11222485
v 0.56763971 -0.40466467 0.14308082
v 0.58456957 -0.41118374 0.10072630
v 0.57610697 -0.39531007 0.15415943
v 0.59930074 -0.40431821 0.09639910
v 0.59416902 -0.39467323 0.12707952
v 0.58950937 -0.38595638 0.15807419
v 0.61255252 -0.39468077 0.10019104
v 0.60430598 -0.37920099 0.15382463
v 0.62112439 -0.38546410 0.11146206
v 0.61632270 -0.37646756 0.14236300
v 0.62258315 -0.37894353 0.12696633
v 0.61369920 -0.43032724 0.02922253
v 0.62755179 -0.42468774 0.02334501
v 0.60199374 -0.43977514 0.02364240
v 0.63547385 -0.42624396 0.00945885
v 0.59924680 -0.44740611 0.00984541
v 0.63283265 -0.43410119 -0.00430092
v 0.60723227 -0.44910336 -0.00402657
v 0.62114185 -0.44358566 -0.00988388
v 0.59231728 -0.39290076 0.14753594
v 0.60607427 -0.38707581 0.14159080
v 0.58090752 -0.40292361 0.14216432
v 0.61391729 -0.38847843 0.12764825
v 0.57825303 -0.41074210 0.12841862
v 0.61117661 -0.39614514 0.11381332
v 0.58546692 -0.41097292 0.11394134
v 0.59926540 -0.40523589 0.10801218
v 0.60099864 -0.41032955 0.09702883
v 0.62060428 -0.40247548 0.08879335
v 0.58470595 -0.42408183 0.08934256
v 0.63194090 -0.40489370 0.06946267
v 0.58087796 -0.43492132 0.06995342
v 0.62800813 -0.41560194 0.04986685
v 0.59190732 -0.43684334 0.05022275
v 0.61161047 -0.42925447 0.04191935
v 0.61850572 -0.43853381 0.02259946
v 0.62600571 -0.43548837 0.01941980
v 0.61213940 -0.44358683 0.01955689
v 0.63028461 -0.43631342 0.01189993
v 0.61059481 -0.44760397 0.01205016
v 0.62885320 -0.44056109 0.00445232
v 0.61496276 -0.44861239 0.00457456
v 0.62251365 -0.44567007 0.00142200
v 0.57951379 -0.44018018 0.07261378
v 0.58622801 -0.44276914 0.05603815
v 0.58092064 -0.43290916 0.08906689
v 0.59941041 -0.44027713 0.04386474
v 0.58957124 -0.42191881 0.10065824
v 0.61557865 -0.43349490 0.03934548
v 0.60966730 -0.42242721 0.07200736
v 0.60371876 -0.41128179 0.10465421
v 0.62968212 -0.42272228 0.04340006
v 0.61963612 -0.40397313 0.10002658
v 0.63872743 -0.41249698 0.05527453
v 0.63337189 -0.40252218 0.08830721
v 0.64012855 -0.40518707 0.07177351
v 0.59695250 -0.40080446 0.14073746
v 0.60448092 -0.39781287 0.13758028
v 0.59084374 -0.40637419 0.13784817
v 0.60871959 -0.39855891 0.13003416
v 0.58990878 -0.41160789 0.13071436
v 0.60724217 -0.40271613 0.12255595
v 0.59312397 -0.41032475 0.12251681
v 0.60062301 -0.40727702 0.11933596
v 0.62162626 -0.44397309 0.01285152
v 0.60003501 -0.40617773 0.13094863
v 0.58984959 -0.46184230 0.01409757
v 0.59715021 -0.46519509 -0.00285189
v 0.59088480 -0.45348352 0.03085261
v 0.61090231 -0.46277916 -0.01539565
v 0.60072166 -0.44378507 0.04348118
v 0.62750667 -0.45540792 -0.02011183
v 0.61574858 -0.43345904 0.04789281
v 0.64261019 -0.44524750 -0.01567644
v 0.63214082 -0.42566383 0.04304754
v 0.65186661 -0.43442014 -0.00345628
v 0.64571208 -0.42288837 0.03039065
v 0.65301549 -0.42626256 0.01341410
v 0.57212663 -0.42928916 0.13388707
v 0.57868230 -0.43113926 0.11651024
v 0.57415718 -0.42291120 0.15126152
v 0.59123081 -0.42619684 0.10345478
v 0.58411193 -0.41346940 0.16392404
v 0.60751534 -0.41817692 0.09856128
v 0.59948367 -0.40382555 0.16855723
v 0.62236172 -0.40751386 0.10281976
v 0.61595941 -0.39617050 0.16381130
v 0.63339078 -0.40029246 0.11600180
v 0.62903202 -0.39237341 0.15089665
v 0.63539457 -0.39384806 0.13338371
v 0.60723728 -0.42084900 0.09438476
v 0.62220198 -0.41476735 0.08803695
v 0.59473455 -0.43136197 0.08838588
v 0.63108122 -0.41717052 0.07309855
v 0.59184092 -0.43989357 0.07326874
v 0.62778449 -0.42479080 0.05792799
v 0.60008281 -0.44092116 0.05812931
v 0.61505318 -0.43481261 0.05185387
v 0.61244029 -0.42972374 0.08726184
v 0.62053913 -0.42643228 0.08382637
v 0.60563260 -0.43531969 0.08401122
v 0.62542260 -0.42820525 0.07521596
v 0.60417223 -0.44063595 0.07501074
v 0.62359172 -0.43228689 0.06688465
v 0.60848176 -0.44090381 0.06670119
v 0.61635965 -0.43740961 0.06269828
v 0.61581522 -0.43560326 0.07674439
v 0.58391899 -0.45646805 0.07678192
v 0.59072101 -0.45799872 0.05779541
v 0.58618248 -0.44968313 0.09566504
v 0.60466141 -0.45372552 0.04360197
v 0.59547389 -0.43580827 0.10995299
v 0.62210494 -0.44496438 0.03812000
v 0.61118072 -0.42361191 0.11460371
v 0.63936877 -0.43552086 0.04436560
v 0.63136512 -0.42119399 0.10921637
v 0.65003604 -0.42520696 0.05801866
v 0.64520192 -0.41645458 0.09543043
v 0.65215701 -0.41822681 0.07665278
v 0.59419250 -0.47183600 0.01675185
v 0.60169268 -0.47499353 -0.00045452
v 0.59582520 -0.46448240 0.03411586
v 0.61588836 -0.47231689 -0.01326492
v 0.60575366 -0.45431373 0.04636303
v 0.63327390 -0.46499601 -0.01784483
v 0.62171745 -0.44446594 0.05115779
v 0.64937747 -0.45530140 -0.01273602
v 0.63934284 -0.43709889 0.04767544
v 0.65882498 -0.44394097 -0.00036349
v 0.65320379 -0.43372589 0.03471065
v 0.66037148 -0.43628472 0.01718427
v 0.58011800 -0.44689122 0.13818276
v 0.58648437 -0.44792899 0.12002333
v 0.58245623 -0.44073224 0.15636483
v 0.59989166 -0.44363189 0.10681432
v 0.59296733 -0.43134922 0.16965216
v 0.61530030 -0.43123102 0.10308112
v 0.60903877 -0.42170599 0.17453133
v 0.63288122 -0.42584330 0.10663163
v 0.62631845 -0.41427881 0.16969632
v 0.64339477 -0.41648185 0.11989042
v 0.63967723 -0.40996635 0.15631093
v 0.64588296 -0.41067848 0.13806294
v 0.63047755 -0.45857161 0.01651121
v 0.61760098 -0.43929777 0.13777308
v 0.62314588 -0.46006492 0.02146821
v 0.62816656 -0.45529559 0.02309571
v 0.62213540 -0.46376362 0.01588530
v 0.63574874 -0.45430890 0.02239744
v 0.62620836 -0.46495819 0.01032957
v 0.63960385 -0.45511273 0.01662564
v 0.63312727 -0.46312249 0.00836396
v 0.63828534 -0.45841742 0.01045713
v 0.61100560 -0.44127768 0.14496154
v 0.61653221 -0.43698898 0.14785783
v 0.60911065 -0.44353208 0.13825598
v 0.62291133 -0.43430582 0.14514659
v 0.61264294 -0.44416079 0.13143910
v 0.62616563 -0.43420553 0.13847239
v 0.61898023 -0.44137496 0.12873600
v 0.62463033 -0.43736455 0.13165107
v 0.61977303 -0.46636516 0.02788230
v 0.62992442 -0.45893675 0.03207928
v 0.61712754 -0.47193414 0.01656980
v 0.64253139 -0.45489952 0.02886785
v 0.62344307 -0.47220552 0.00469423
v 0.64908707 -0.45544130 0.01751387
v 0.63573635 -0.46800235 0.00045572
v 0.64636850 -0.46105802 0.00581028
v 0.59053320 -0.47199106 0.07920760
v 0.59712392 -0.47274673 0.05916467
v 0.59342706 -0.46621773 0.09881900
v 0.61139798 -0.46799606 0.04443020
v 0.60525811 -0.45730203 0.11311324
v 0.62932038 -0.45888215 0.03829846
v 0.62288678 -0.44771293 0.11824387
v 0.64731526 -0.44908014 0.04536320
v 0.64074439 -0.43771812 0.11343460
v 0.65890193 -0.43940717 0.05999669
v 0.65493816 -0.43247384 0.09925506
v 0.66164750 -0.43328020 0.07962164
v 0.60794890 -0.44818968 0.15160470
v 0.61848313 -0.44103622 0.15692222
v 0.60455531 -0.45264155 0.13915303
v 0.63025701 -0.43604919 0.15190969
v 0.61074346 -0.45301279 0.12655744
v 0.63612133 -0.43551037 0.13958932
v 0.62282610 -0.44893298 0.12120433
v 0.60112715 -0.48217919 0.01815803
v 0.60753310 -0.48358786 0.00094820
v 0.60316688 -0.47611922 0.03499534
v 0.62110996 -0.48056459 -0.01123601
v 0.61348277 -0.46754012 0.04762131
v 0.63799590 -0.47352892 -0.01536983
v 0.62882102 -0.45812073 0.05170632
v 0.65329558 -0.46372420 -0.01074931
v 0.64566809 -0.45052463 0.04842377
v 0.66340107 -0.45456421 0.00203968
v 0.65885878 -0.44669181 0.03607311
v 0.66533011 -0.44813865 0.01907074
v 0.63299310 -0.44066229 0.12699541
v 0.58949882 -0.46215370 0.14101851
v 0.59561169 -0.46328798 0.12306643
v 0.59209716 -0.45688722 0.15878057
v 0.60857797 -0.45937857 0.10990616
v 0.60258108 -0.44848198 0.17180198
v 0.62521720 -0.45233497 0.10474289
v 0.61812884 -0.43915784 0.17660043
v 0.64048046 -0.44199812 0.11017351
v 0.63458085 -0.43143117 0.17188361
v 0.65071929 -0.43287545 0.12345913
v 0.64746559 -0.42722312 0.15891927
v 0.65328610 -0.42753732 0.14121696
v 0.62834406 -0.45967790 0.07844003
v 0.61936980 -0.47430000 0.03243491
v 0.63317394 -0.46536180 0.03881656
v 0.61552167 -0.48086530 0.01729039
v 0.64879489 -0.45894012 0.03309774
v 0.62360412 -0.48087737 0.00167575
v 0.65722090 -0.45922029 0.01845222
v 0.63891035 -0.47420168 -0.00491277
v 0.65317893 -0.46572763 0.00259151
v 0.62201434 -0.46402568 0.08576369
v 0.62834519 -0.46025062 0.08871722
v 0.61998302 -0.46642560 0.07867787
v 0.63519740 -0.45702913 0.08603157
v 0.62341005 -0.46615031 0.07129371
v 0.63861799 -0.45649770 0.07908103
v 0.63021970 -0.46327662 0.06779596
v 0.63660610 -0.45913577 0.07164872
v 0.60820502 -0.45733601 0.15675002
v 0.62248045 -0.44925979 0.16356286
v 0.60381758 -0.46335185 0.14032044
v 0.63786262 -0.44275174 0.15699065
v 0.61159992 -0.46310496 0.12390601
v 0.64538181 -0.44175118 0.14083034
v 0.62705278 -0.45688829 0.11710547
v 0.64079934 -0.44724968 0.12451254
v 0.61857820 -0.47137651 0.09274690
v 0.63030732 -0.46443468 0.09827654
v 0.61479712 -0.47585139 0.07946627
v 0.64294076 -0.45845124 0.09325219
v 0.62107438 -0.47529092 0.06568315
v 0.64924538 -0.45757973 0.08014361
v 0.63372129 -0.46973494 0.05993915
v 0.64549565 -0.46240079 0.06637375
v 0.61084497 -0.49273083 0.01938077
v 0.61631894 -0.49344292 0.00385610
v 0.61305410 -0.48800972 0.03479798
v 0.62810802 -0.49003440 -0.00734507
v 0.62243736 -0.48064068 0.04615142
v 0.64300233 -0.48331252 -0.01124276
v 0.63897604 -0.47682700 0.01838645
v 0.63640803 -0.47242340 0.05041043
v 0.65696210 -0.47497907 -0.00681957
v 0.65121651 -0.46543595 0.04663163
v 0.66627282 -0.46730471 0.00478022
v 0.66290540 -0.46168163 0.03563349
v 0.66841245 -0.46236444 0.02030086
v 0.59953231 -0.48636362 0.08133146
v 0.60574257 -0.48677012 0.06187970
v 0.60252911 -0.48124087 0.10030343
v 0.61944401 -0.48203152 0.04751936
v 0.61405545 -0.47276133 0.11426573
v 0.63706321 -0.47355199 0.04226965
v 0.63093621 -0.46299589 0.11947544
v 0.65407068 -0.46372113 0.04813264
v 0.64848280 -0.45408177 0.11470548
v 0.66554075 -0.45485184 0.06256361
v 0.66220796 -0.44907311 0.10093537
v 0.66846913 -0.44932324 0.08198112
v 0.62228566 -0.48302549 0.03499320
v 0.63741726 -0.47358388 0.04227981
v 0.61762059 -0.48938093 0.01784460
v 0.65416938 -0.46643081 0.03579963
v 0.62613118 -0.48894182 0.00075953
v 0.66274911 -0.46596831 0.01904607
v 0.64293331 -0.48201594 -0.00592287
v 0.65809792 -0.47248513 0.00166702
v 0.60069174 -0.47559759 0.14323799
v 0.60594124 -0.47610617 0.12713180
v 0.60314953 -0.47111019 0.15928282
v 0.61751676 -0.47263822 0.11513619
v 0.61262590 -0.46372694 0.17105652
v 0.63219541 -0.46555257 0.11098582
v 0.62948018 -0.46066901 0.14325656
v 0.62656826 -0.45538166 0.17542745
v 0.64612269 -0.45705339 0.11557197
v 0.64131463 -0.44850093 0.17119224
v 0.65551305 -0.44934320 0.12757374
v 0.65273279 -0.44444975 0.15958770
v 0.65791392 -0.44470340 0.14365417
v 0.61167234 -0.46724141 0.15950236
v 0.62681931 -0.45766881 0.16709094
v 0.60675192 -0.47335267 0.14171685
v 0.64340466 -0.45046464 0.15999815
v 0.61500311 -0.47262669 0.12405405
v 0.65159440 -0.44951665 0.14247541
v 0.63161772 -0.46556485 0.11682470
v 0.64674276 -0.45583609 0.12460622
v 0.61854261 -0.48064303 0.09820344
v 0.63385493 -0.47145322 0.10559556
v 0.61356038 -0.48654753 0.08057244
v 0.65039051 -0.46380949 0.09883545
v 0.62173623 -0.48568046 0.06269550
v 0.65860951 -0.46275786 0.08147695
v 0.63829505 -0.47837681 0.05541846
v 0.65364277 -0.46893421 0.06341742
v 0.62800306 -0.49103308 0.03517881
v 0.64201361 -0.48234719 0.04197574
v 0.62356722 -0.49672222 0.01913575
v 0.65742248 -0.47567317 0.03581686
v 0.63133758 -0.49614272 0.00327252
v 0.66520613 -0.47503534 0.02011572
v 0.64671642 -0.48952913 -0.00311957
v 0.66075581 -0.48079285 0.00388801
v 0.61755174 -0.47563183 0.15967888
v 0.63156903 -0.46682975 0.16671525
v 0.61297435 -0.48122060 0.14321910
v 0.64687800 -0.46013901 0.16016424
v 0.62058187 -0.48054636 0.12683851
v 0.65443820 -0.45926440 0.14394711
v 0.63588792 -0.47387260 0.12024810
v 0.64989996 -0.46497834 0.12742615
v 0.62191319 -0.49050972 0.10113237
v 0.63847208 -0.48041108 0.10934144
v 0.61646801 -0.49687776 0.08186542
v 0.61093825 -0.49952263 0.08336184
v 0.61645490 -0.49969700 0.06609810
v 0.61370736 -0.49499306 0.10060826
v 0.62874973 -0.49542773 0.05339152
v 0.62403828 -0.48733747 0.11326258
v 0.64457566 -0.48786300 0.04884229
v 0.64185935 -0.48321101 0.08339020
v 0.63914210 -0.47852337 0.11799872
v 0.65971535 -0.47903189 0.05376140
v 0.65494311 -0.47081861 0.11359725
v 0.67004508 -0.47123602 0.06666453
v 0.66725069 -0.46643507 0.10115274
v 0.67278582 -0.46659437 0.08399327
v 0.65641618 -0.47238481 0.10177411
v 0.62531298 -0.49581069 0.06273148
v 0.66527432 -0.47126693 0.08278490
v 0.64326352 -0.48789111 0.05499567
v 0.65984166 -0.47773924 0.06338588
v 0.63550091 -0.49693561 0.03263293
v 0.64625692 -0.49031121 0.03793097
v 0.63206798 -0.50122851 0.02030654
v 0.65802717 -0.48519042 0.03314346
v 0.63795435 -0.50068259 0.00809264
v 0.66392046 -0.48462042 0.02100450
v 0.64973533 -0.49561819 0.00324991
v 0.66047955 -0.48894742 0.00858092
v 0.62515593 -0.48176268 0.15716890
v 0.63589662 -0.47504660 0.16256823
v 0.62164199 -0.48602787 0.14455076
v 0.64760596 -0.46990696 0.15755752
v 0.62743646 -0.48542130 0.13205785
v 0.65338659 -0.46923211 0.14513195
v 0.63915116 -0.48031324 0.12701327
v 0.64989752 -0.47357973 0.13246679
v 0.64367718 -0.49985251 0.02787825
v 0.64950860 -0.49627256 0.03077950
v 0.64180940 -0.50216198 0.02118897
v 0.65586561 -0.49349651 0.02814114
v 0.64497638 -0.50183713 0.01455444
v 0.65903336 -0.49316505 0.02152239
v 0.65134823 -0.49908388 0.01193782
v 0.65716660 -0.49548513 0.01481758
v 0.63336670 -0.48479822 0.15234536
v 0.63918948 -0.48118851 0.15526418
v 0.63146067 -0.48709720 0.14551330
v 0.64551747 -0.47837713 0.15256673
v 0.63459212 -0.48675558 0.13875858
v 0.64865279 -0.47804302 0.14581615
v 0.64092648 -0.48396796 0.13604653
v 0.64675063 -0.48035586 0.13897465
v 0.65129179 -0.49934408 0.02164851
v 0.64094186 -0.48427984 0.14596675
v 0.62815565 -0.49930227 0.10130589
v 0.64345551 -0.48995882 0.10892300
v 0.62311047 -0.50518137 0.08345470
v 0.66003937 -0.48256266 0.10191871
v 0.63127321 -0.50416631 0.06578884
v 0.66821498 -0.48154327 0.08431623
v 0.64786589 -0.49684158 0.05869592
v 0.66318208 -0.48747134 0.06642725
v 0.63632923 -0.50585800 0.09842266
v 0.64804113 -0.49861649 0.10442337
v 0.63244969 -0.51032650 0.08474065
v 0.66073853 -0.49298942 0.09902229
v 0.63868499 -0.50951803 0.07122461
v 0.66698790 -0.49219692 0.08553995
v 0.65138131 -0.50390649 0.06579215
v 0.66312611 -0.49670991 0.07184954
v 0.64518631 -0.50900912 0.09321458
v 0.65152973 -0.50515175 0.09637150
v 0.64308697 -0.51142752 0.08581000
v 0.65840113 -0.50211465 0.09343136
v 0.64646113 -0.51098996 0.07849515
v 0.66177535 -0.50167739 0.08611662
v 0.65333253 -0.50795299 0.07555507
v 0.65967602 -0.50409544 0.07871178
v 0.65338486 -0.50839037 0.08629327
f 267 240 238
f 267 248 240
f 267 252 248
f 267 265 252
f 267 280 265
f 267 284 280
f 267 292 284
f 267 297 292
f 267 294 297
f 267 286 294
f 267 282 286
f 267 269 282
f 267 254 269
f 267 250 254
f 267 242 250
f 267 238 242
f 248 252 226
f 248 226 216
f 240 248 216
f 240 216 212
f 238 240 212
f 284 292 306
f 284 306 288
f 280 284 288
f 280 288 263
f 265 280 263
f 265 263 244
f 252 244 226
f 252 265 244
f 250 242 228
f 250 228 246
f 254 250 246
f 254 246 271
f 269 254 271
f 269 271 290
f 282 269 290
f 282 290 308
f 286 282 308
f 286 308 318
f 294 286 318
f 294 318 322
f 297 294 322
f 297 322 316
f 292 297 316
f 292 316 306
f 306 316 320
f 306 320 298
f 288 306 298
f 288 298 261
f 263 288 261
f 263 261 234
f 244 263 234
f 244 234 210
f 226 244 210
f 226 210 202
f 216 226 202
f 216 202 195
f 212 216 195
f 316 330 320
f 316 322 330
f 322 339 330
f 322 318 339
f 318 332 339
f 318 308 332
f 308 324 332
f 308 290 324
f 290 300 324
f 290 271 300
f 271 273 300
f 271 246 273
f 246 236 273
f 246 228 236
f 228 214 236
f 228 218 214
f 242 218 228
f 242 238 218
f 238 212 218
f 218 204 214
f 218 212 204
f 212 195 204
f 324 300 328
f 324 328 344
f 332 324 344
f 332 344 346
f 339 332 346
f 339 346 342
f 330 339 342
f 330 342 326
f 320 330 326
f 320 326 302
f 298 320 302
f 298 302 259
f 261 298 259
f 261 259 230
f 234 261 230
f 234 230 206
f 210 234 206
f 210 206 190
f 202 210 190
f 202 190 188
f 195 202 188
f 195 188 191
f 204 195 191
f 204 191 207
f 214 204 207
f 214 207 232
f 236 214 232
f 236 232 275
f 273 236 275
f 273 275 304
f 300 273 304
f 300 304 328
f 188 190 180
f 190 186 180
f 190 206 186
f 206 198 186
f 206 230 198
f 230 222 198
f 230 259 222
f 259 257 222
f 259 302 257
f 302 310 257
f 302 326 310
f 326 334 310
f 326 342 334
f 342 348 334
f 342 346 348
f 346 354 348
f 346 344 354
f 344 349 354
f 344 328 349
f 328 336 349
f 328 304 336
f 304 312 336
f 304 275 312
f 275 277 312
f 275 232 277
f 232 224 277
f 232 207 224
f 207 200 224
f 207 191 200
f 191 187 200
f 191 188 187
f 188 180 187
f 349 336 353
f 349 353 356
f 354 349 356
f 354 356 352
f 348 354 352
f 348 352 338
f 334 348 338
f 334 338 314
f 310 334 314
f 310 314 256
f 257 310 256
f 257 256 220
f 222 257 220
f 222 220 194
f 198 222 194
f 198 194 182
f 186 198 182
f 186 182 179
f 180 186 179
f 180 179 183
f 187 180 183
f 187 183 197
f 200 187 197
f 200 197 221
f 224 200 221
f 224 221 279
f 277 224 279
f 277 279 315
f 312 277 315
f 312 315 341
f 336 312 341
f 336 341 353
f 182 184 181
f 179 182 181
f 182 194 184
f 194 199 184
f 194 220 199
f 220 223 199
f 220 256 223
f 256 258 223
f 256 314 258
f 314 311 258
f 314 338 311
f 338 335 311
f 338 352 335
f 352 350 335
f 352 356 350
f 356 355 350
f 356 353 355
f 353 351 355
f 353 341 351
f 341 337 351
f 341 315 337
f 315 313 337
f 315 279 313
f 279 278 313
f 279 221 278
f 221 225 278
f 221 197 225
f 197 201 225
f 197 183 201
f 183 185 201
f 183 179 185
f 179 181 185
f 351 337 345
f 351 345 347
f 355 351 347
f 355 347 343
f 350 355 343
f 350 343 327
f 335 350 327
f 335 327 303
f 311 335 303
f 311 303 260
f 258 311 260
f 258 260 231
f 223 258 231
f 223 231 208
f 199 223 208
f 199 208 192
f 184 199 192
f 184 192 189
f 181 184 189
f 181 189 193
f 185 181 193
f 185 193 209
f 201 185 209
f 201 209 233
f 225 201 233
f 225 233 276
f 278 225 276
f 278 276 305
f 313 278 305
f 313 305 329
f 337 313 329
f 337 329 345
f 345 329 333
f 345 333 340
f 347 345 340
f 347 340 331
f 343 347 331
f 343 331 321
f 327 343 321
f 327 321 299
f 303 327 299
f 303 299 262
f 260 303 262
f 260 262 235
f 231 260 235
f 231 235 211
f 208 231 211
f 208 211 203
f 192 208 203
f 192 203 196
f 189 192 196
f 189 196 205
f 193 189 205
f 193 205 215
f 209 193 215
f 209 215 237
f 233 209 237
f 233 237 274
f 276 233 274
f 276 274 301
f 305 276 301
f 305 301 325
f 329 305 325
f 329 325 333
f 333 325 319
f 333 319 323
f 340 333 323
f 340 323 317
f 331 340 317
f 331 317 307
f 321 331 307
f 321 307 289
f 299 321 289
f 299 289 264
f 262 299 264
f 262 264 245
f 235 262 245
f 235 245 227
f 211 235 227
f 211 227 217
f 203 211 217
f 203 217 213
f 196 203 213
f 196 213 219
f 205 196 219
f 205 219 229
f 215 205 229
f 215 229 247
f 237 215 247
f 237 247 272
f 274 237 272
f 274 272 291
f 301 274 291
f 301 291 309
f 325 301 309
f 325 309 319
f 319 309 295
f 319 295 296
f 323 319 296
f 323 296 293
f 317 323 293
f 317 293 285
f 307 317 285
f 307 285 281
f 289 307 281
f 289 281 266
f 264 289 266
f 264 266 253
f 245 264 253
f 245 253 249
f 227 245 249
f 227 249 241
f 217 227 241
f 217 241 239
f 213 217 239
f 213 239 243
f 219 213 243
f 219 243 251
f 229 219 251
f 229 251 255
f 247 229 255
f 247 255 270
f 272 247 270
f 272 270 283
f 291 272 283
f 291 283 287
f 309 291 287
f 309 287 295
f 287 268 295
f 283 268 287
f 270 268 283
f 255 268 270
f 251 268 255
f 243 268 251
f 239 268 243
f 241 268 239
f 249 268 241
f 253 268 249
f 266 268 253
f 281 268 266
f 285 268 281
f 293 268 285
f 296 268 293
f 295 268 296
f 116 89 118
f 106 89 116
f 102 89 106
f 87 89 102
f 74 89 87
f 70 89 74
f 62 89 70
f 60 89 62
f 64 89 60
f 72 89 64
f 76 89 72
f 91 89 76
f 104 89 91
f 108 89 104
f 117 89 108
f 118 89 117
f 116 118 144
f 138 116 144
f 106 116 138
f 128 106 138
f 102 106 128
f 110 102 128
f 87 102 110
f 85 87 110
f 74 87 85
f 66 74 85
f 70 74 66
f 48 70 66
f 62 70 48
f 38 62 48
f 60 62 38
f 34 60 38
f 64 60 34
f 40 64 34
f 72 64 40
f 50 72 40
f 76 72 50
f 68 76 50
f 91 76 68
f 93 91 68
f 104 91 93
f 112 104 93
f 108 104 112
f 130 108 112
f 117 108 130
f 140 117 130
f 118 117 140
f 144 118 140
f 50 40 26
f 26 40 17
f 40 34 17
f 17 34 24
f 34 38 24
f 24 38 32
f 38 48 32
f 32 48 56
f 48 66 56
f 56 66 83
f 66 85 83
f 83 85 120
f 85 110 120
f 120 110 142
f 110 128 142
f 142 128 152
f 128 138 152
f 152 138 161
f 138 144 161
f 161 144 154
f 144 140 154
f 154 140 146
f 140 130 146
f 146 130 122
f 130 112 122
f 122 112 95
f 112 93 95
f 95 93 58
f 93 68 58
f 58 68 36
f 68 50 36
f 36 50 26
f 36 26 14
f 14 26 10
f 26 17 10
f 10 17 12
f 17 24 12
f 12 24 28
f 24 32 28
f 28 32 52
f 32 56 52
f 52 56 81
f 56 83 81
f 81 83 124
f 83 120 124
f 124 120 150
f 120 142 150
f 150 142 166
f 142 152 166
f 166 152 169
f 152 161 169
f 169 161 167
f 161 154 167
f 167 154 151
f 154 146 151
f 151 146 126
f 146 122 126
f 126 122 97
f 122 95 97
f 97 95 54
f 95 58 54
f 54 58 30
f 58 36 30
f 30 36 14
f 30 14 9
f 9 14 2
f 14 10 2
f 2 10 8
f 10 12 8
f 8 12 20
f 12 28 20
f 20 28 44
f 28 52 44
f 44 52 79
f 52 81 79
f 79 81 132
f 81 124 132
f 132 124 156
f 124 150 156
f 156 150 170
f 150 166 170
f 170 166 176
f 166 169 176
f 176 169 171
f 169 167 171
f 171 167 158
f 167 151 158
f 158 151 134
f 151 126 134
f 134 126 99
f 126 97 99
f 99 97 46
f 97 54 46
f 46 54 22
f 54 30 22
f 22 30 9
f 22 9 5
f 5 9 1
f 9 2 1
f 1 2 4
f 2 8 4
f 4 8 16
f 8 20 16
f 16 20 42
f 20 44 42
f 42 44 78
f 44 79 78
f 78 79 136
f 79 132 136
f 136 132 160
f 132 156 160
f 160 156 174
f 156 170 174
f 174 170 178
f 170 176 178
f 178 176 175
f 176 171 175
f 175 171 163
f 171 158 163
f 163 158 137
f 158 134 137
f 137 134 101
f 134 99 101
f 101 99 43
f 99 46 43
f 43 46 19
f 46 22 19
f 19 22 5
f 174 178 177
f 172 174 177
f 160 174 172
f 157 160 172
f 136 160 157
f 133 136 157
f 78 136 133
f 80 78 133
f 42 78 80
f 45 42 80
f 16 42 45
f 21 16 45
f 4 16 21
f 6 4 21
f 1 4 6
f 3 1 6
f 5 1 3
f 7 5 3
f 19 5 7
f 23 19 7
f 43 19 23
f 47 43 23
f 101 43 47
f 100 101 47
f 137 101 100
f 135 137 100
f 163 137 135
f 159 163 135
f 175 163 159
f 173 175 159
f 178 175 173
f 177 178 173
f 23 7 15
f 15 7 11
f 7 3 11
f 11 3 13
f 3 6 13
f 13 6 29
f 6 21 29
f 29 21 53
f 21 45 53
f 53 45 82
f 45 80 82
f 82 80 125
f 80 133 125
f 125 133 148
f 133 157 148
f 148 157 164
f 157 172 164
f 164 172 168
f 172 177 168
f 168 177 165
f 177 173 165
f 165 173 149
f 173 159 149
f 149 159 127
f 159 135 127
f 127 135 98
f 135 100 98
f 98 100 55
f 100 47 55
f 55 47 31
f 47 23 31
f 31 23 15
f 31 15 27
f 27 15 18
f 15 11 18
f 18 11 25
f 11 13 25
f 25 13 33
f 13 29 33
f 33 29 57
f 29 53 57
f 57 53 84
f 53 82 84
f 84 82 121
f 82 125 121
f 121 125 143
f 125 148 143
f 143 148 153
f 148 164 153
f 153 164 162
f 164 168 162
f 162 168 155
f 168 165 155
f 155 165 147
f 165 149 147
f 147 149 123
f 149 127 123
f 123 127 96
f 127 98 96
f 96 98 59
f 98 55 59
f 59 55 37
f 55 31 37
f 37 31 27
f 37 27 41
f 41 27 35
f 27 18 35
f 35 18 39
f 18 25 39
f 39 25 49
f 25 33 49
f 49 33 67
f 33 57 67
f 67 57 86
f 57 84 86
f 86 84 111
f 84 121 111
f 111 121 129
f 121 143 129
f 129 143 139
f 143 153 139
f 139 153 145
f 153 162 145
f 145 162 141
f 162 155 141
f 141 155 131
f 155 147 131
f 131 147 113
f 147 123 113
f 113 123 94
f 123 96 94
f 94 96 69
f 96 59 69
f 69 59 51
f 59 37 51
f 51 37 41
f 51 41 65
f 65 41 61
f 41 35 61
f 61 35 63
f 35 39 63
f 63 39 71
f 39 49 71
f 71 49 75
f 49 67 75
f 75 67 88
f 67 86 88
f 88 86 103
f 86 111 103
f 103 111 107
f 111 129 107
f 107 129 114
f 129 139 114
f 114 139 119
f 139 145 119
f 119 145 115
f 145 141 115
f 115 141 109
f 141 131 109
f 109 131 105
f 131 113 105
f 105 113 92
f 113 94 92
f 92 94 77
f 94 69 77
f 77 69 73
f 69 51 73
f 73 51 65
f 90 73 65
f 90 77 73
f 90 92 77
f 90 105 92
f 90 109 105
f 90 115 109
f 90 119 115
f 90 114 119
f 90 107 114
f 90 103 107
f 90 88 103
f 90 75 88
f 90 71 75
f 90 63 71
f 90 61 63
f 90 65 61
f 3470 3409 3724
f 3728 3470 3724
f 3470 3246 3409
f 3246 3103 3409
f 3246 3064 3103
f 3064 2888 3103
f 2939 2888 3064
f 2888 2939 2736
f 2939 2907 2736
f 2907 2811 2736
f 2811 2907 2872
f 2907 2961 2872
f 2872 2961 3023
f 2961 3108 3023
f 3224 3023 3108
f 3290 3224 3108
f 3290 3504 3224
f 3504 3457 3224
f 3457 3504 3722
f 3504 3725 3722
f 3457 3722 3393
f 3224 3457 3393
f 3722 3716 3393
f 3126 3224 3393
f 3023 3224 3126
f 2865 3023 3126
f 2872 3023 2865
f 2676 2872 2865
f 2872 2676 2616
f 2811 2872 2616
f 2736 2811 2616
f 2577 2736 2616
f 2476 2577 2616
f 2487 2476 2616
f 2616 2676 2557
f 2487 2616 2557
f 2676 2865 2681
f 2557 2676 2681
f 2865 3126 2983
f 2681 2865 2983
f 3126 3393 2983
f 3393 3716 3713
f 3332 3393 3713
f 3393 3332 2983
f 2693 2736 2577
f 2574 2693 2577
f 2574 2577 2476
f 2665 2693 2574
f 2604 2665 2574
f 2604 2574 2497
f 2497 2574 2476
f 2560 2604 2497
f 2665 2604 2639
f 2656 2665 2639
f 2639 2701 2656
f 2701 2720 2656
f 2629 2639 2604
f 2560 2629 2604
f 2701 2639 2629
f 2705 2701 2629
f 2819 2665 2656
f 2665 2819 2693
f 2818 2819 2656
f 2866 2818 2656
f 2720 2866 2656
f 2819 2861 2693
f 2693 2861 2736
f 2861 2888 2736
f 3078 2818 2866
f 2819 2818 3078
f 3140 3078 2866
f 3140 3412 3078
f 3412 3385 3078
f 3412 3717 3385
f 3717 3718 3385
f 3718 3723 3385
f 3723 3391 3385
f 3723 3724 3391
f 3724 3409 3391
f 3385 3391 3068
f 3078 3385 3068
f 3391 3409 3068
f 3409 3103 3068
f 3103 2861 3068
f 2888 2861 3103
f 3068 2819 3078
f 2861 2819 3068
f 3718 3717 4108
f 3723 3718 4108
f 3717 4047 4108
f 4108 4047 4542
f 4047 4463 4542
f 4542 4463 4796
f 4890 4542 4796
f 4890 4796 5131
f 4889 4890 5131
f 4890 4889 4542
f 5118 4889 5131
f 5118 5131 5196
f 5266 5118 5196
f 5118 5266 5320
f 5047 5118 5320
f 4889 5118 5047
f 5047 5320 5311
f 4994 5047 5311
f 4994 5311 5228
f 4902 4994 5228
f 4902 4731 4994
f 4731 4705 4994
f 4731 4902 4787
f 4787 4902 5228
f 4675 4731 4787
f 4675 4787 4596
f 4511 4675 4596
f 4596 4320 4511
f 4320 4231 4511
f 3903 4231 4320
f 3970 3903 4320
f 3903 3970 3722
f 3725 3903 3722
f 3722 3970 4081
f 3970 4320 4081
f 3716 3722 4081
f 4320 4481 4081
f 4320 4596 4481
f 4596 4806 4481
f 4596 4787 4806
f 4787 5078 4806
f 5078 4787 5228
f 5078 5228 5404
f 5228 5486 5404
f 5747 5486 5228
f 5311 5747 5228
f 5078 5404 5064
f 4806 5078 5064
f 4806 5064 4628
f 4481 4806 4628
f 4081 4481 4628
f 3716 4081 3713
f 4081 4180 3713
f 4180 4081 4628
f 5311 5320 5747
f 5320 5477 5747
f 5320 5266 5477
f 5266 5392 5477
f 5205 5392 5266
f 5196 5205 5266
f 5196 5030 5205
f 5030 5196 5131
f 5013 5030 5131
f 5030 5027 5205
f 4796 5013 5131
f 5205 5027 5124
f 5027 4938 5124
f 5205 5124 5312
f 5392 5205 5312
f 5392 5312 5477
f 5312 5452 5477
f 5452 5489 5477
f 5489 5747 5477
f 5489 5487 5747
f 5487 5486 5747
f 5487 5423 5486
f 5423 5404 5486
f 5064 5404 5423
f 5059 5064 5423
f 5059 4629 5064
f 4629 4628 5064
f 4180 4628 4629
f 4171 4180 4629
f 4180 4171 3713
f 4171 3710 3713
f 5312 4955 5452
f 4955 5312 4717
f 4955 4717 4351
f 4717 4167 4351
f 3997 4167 4717
f 4167 3997 3705
f 3997 3709 3705
f 4482 3997 4717
f 4717 5124 4482
f 5312 5124 4717
f 5124 4938 4482
f 4167 3705 3703
f 4351 4167 3703
f 4955 4351 4506
f 5086 4955 4506
f 4351 3703 3702
f 4506 4351 3702
f 4955 5086 5452
f 5452 5086 5198
f 5086 4506 5198
f 5489 5452 5198
f 4506 4565 5198
f 4506 3702 4565
f 3702 3704 4565
f 5489 5198 5487
f 5198 5163 5487
f 5163 5198 4565
f 5487 5163 5423
f 5163 5020 5423
f 5020 4727 5423
f 4727 5059 5423
f 5059 4727 4199
f 4629 5059 4199
f 4629 4199 4171
f 4565 3704 3706
f 4574 4565 3706
f 5163 4574 5020
f 4574 5163 4565
f 4469 4574 3706
f 4727 4469 4199
f 5020 4469 4727
f 4469 5020 4574
f 3707 4469 3706
f 4199 4469 3707
f 3710 4171 4199
f 3708 3710 4199
f 3708 4199 3707
f 2705 2629 2661
f 2788 2705 2661
f 2661 2629 2576
f 2629 2560 2576
f 2576 2560 2497
f 2544 2576 2497
f 2481 2544 2497
f 2476 2481 2497
f 2486 2481 2476
f 2487 2486 2476
f 2550 2486 2487
f 2557 2550 2487
f 2557 2681 2550
f 2681 2683 2550
f 2981 2683 2681
f 2983 2981 2681
f 2983 3332 2981
f 3332 3342 2981
f 3342 3332 3713
f 3710 3342 3713
f 2544 2481 2638
f 2638 2481 2486
f 2675 2544 2638
f 3117 2675 2638
f 2770 2675 3117
f 3200 2770 3117
f 2925 2770 3200
f 3343 2925 3200
f 3343 3438 2925
f 3438 3343 3705
f 3709 3438 3705
f 3438 3125 2925
f 2661 2925 3125
f 2788 2661 3125
f 3343 3200 3703
f 3705 3343 3703
f 2576 2770 2925
f 2661 2576 2925
f 3200 3117 3702
f 3703 3200 3702
f 2770 2576 2544
f 2675 2770 2544
f 3702 3117 3051
f 3051 3117 2638
f 3704 3702 3051
f 3704 3051 3706
f 3051 3047 3706
f 3047 3131 3706
f 3131 3707 3706
f 2647 3047 3051
f 2638 2647 3051
f 2647 2638 2486
f 2647 2486 2550
f 2714 2647 2550
f 3047 2647 2714
f 2714 3131 3047
f 2911 2714 2550
f 3131 2714 2911
f 2683 2911 2550
f 2911 2683 3321
f 3131 2911 3321
f 3131 3321 3707
f 2683 2981 3321
f 3321 2981 3342
f 3342 3710 3321
f 3710 3708 3321
f 3321 3708 3707
f 3940 3728 3724
f 4059 3940 3724
f 4295 3940 4059
f 4515 4295 4059
f 4550 4295 4515
f 4759 4550 4515
f 4759 4705 4550
f 4705 4759 4994
f 4759 4816 4994
f 4816 4759 4515
f 4816 5047 4994
f 4816 4889 5047
f 4059 3724 4082
f 3724 3723 4082
f 4082 3723 4108
f 4082 4108 4547
f 4059 4082 4547
f 4515 4059 4547
f 4816 4515 4547
f 4889 4816 4547
f 4108 4542 4547
f 4889 4547 4542
f 4408 4550 4705
f 4554 4408 4705
f 4554 4705 4731
f 4584 4554 4731
f 4584 4731 4675
f 4520 4584 4675
f 4520 4675 4511
f 4323 4520 4511
f 4323 4511 4231
f 4042 4323 4231
f 4042 4231 3903
f 3868 4042 3903
f 3868 3903 3725
f 3726 3868 3725
f 3867 3868 3726
f 3719 3867 3726
f 4041 4042 3868
f 3867 4041 3868
f 4322 4323 4042
f 4041 4322 4042
f 4519 4520 4323
f 4322 4519 4323
f 4583 4584 4520
f 4519 4583 4520
f 4583 4553 4584
f 4553 4554 4584
f 4553 4407 4554
f 4407 4408 4554
f 4407 4202 4408
f 4202 4203 4408
f 4408 4203 4550
f 4203 4295 4550
f 4203 3900 4295
f 3900 3940 4295
f 3900 3727 3940
f 3727 3728 3940
f 3727 3506 3728
f 3506 3470 3728
f 3506 3320 3470
f 3320 3246 3470
f 3320 3163 3246
f 3163 3064 3246
f 3163 3061 3064
f 3061 2939 3064
f 3061 3042 2939
f 3042 2907 2939
f 3042 3098 2907
f 3098 2961 2907
f 3098 3220 2961
f 3220 3108 2961
f 3220 3416 3108
f 3416 3290 3108
f 3416 3535 3290
f 3535 3504 3290
f 3535 3726 3504
f 3726 3725 3504
f 3041 3042 3061
f 3060 3041 3061
f 3097 3098 3042
f 3041 3097 3042
f 3219 3220 3098
f 3097 3219 3098
f 3415 3416 3220
f 3219 3415 3220
f 3534 3535 3416
f 3415 3534 3416
f 3719 3726 3535
f 3534 3719 3535
f 3060 3061 3163
f 3162 3060 3163
f 3162 3163 3320
f 3319 3162 3320
f 3319 3320 3506
f 3505 3319 3506
f 3505 3506 3727
f 3721 3505 3727
f 3721 3727 3900
f 3899 3721 3900
f 3899 3900 4203
f 4202 3899 4203
f 2836 2720 2701
f 2828 2836 2701
f 2836 2891 2720
f 2891 2866 2720
f 2891 3143 2866
f 3143 3140 2866
f 3143 3411 3140
f 3411 3412 3140
f 3411 3715 3412
f 3715 3717 3412
f 3715 4049 3717
f 4049 4047 3717
f 4049 4454 4047
f 4454 4463 4047
f 4454 4755 4463
f 4755 4796 4463
f 4755 4865 4796
f 4865 5013 4796
f 4865 4883 5013
f 4883 5030 5013
f 4883 4872 5030
f 4872 5027 5030
f 4872 4835 5027
f 4835 4938 5027
f 4835 4467 4938
f 4467 4482 4938
f 4467 3999 4482
f 3999 3997 4482
f 3999 3712 3997
f 3712 3709 3997
f 4864 4865 4755
f 4882 4883 4865
f 4864 4882 4865
f 4871 4872 4883
f 4882 4871 4883
f 4834 4835 4872
f 4871 4834 4872
f 4466 4467 4835
f 4834 4466 4835
f 3998 3999 4467
f 4466 3998 4467
f 3711 3712 3999
f 3998 3711 3999
f 4754 4864 4755
f 4754 4755 4454
f 4453 4754 4454
f 4453 4454 4049
f 4048 4453 4049
f 4048 4049 3715
f 3714 4048 3715
f 3714 3715 3411
f 3410 3714 3411
f 3410 3411 3143
f 3142 3410 3143
f 3142 3143 2890
f 3143 2891 2890
f 2890 2891 2836
f 2835 2890 2836
f 2835 2836 2827
f 2836 2828 2827
f 2827 2828 2830
f 2828 2831 2830
f 2831 2828 2705
f 2831 2705 2788
f 2855 2831 2788
f 2830 2831 2855
f 2855 2788 3125
f 3136 2855 3125
f 3136 3125 3438
f 3436 3136 3438
f 3436 3438 3709
f 3712 3436 3709
f 2828 2701 2705
f 2854 2830 2855
f 3435 3436 3712
f 3711 3435 3712
f 3135 3136 3436
f 3435 3135 3436
f 2855 3136 3135
f 2854 2855 3135
f 3410 3435 3711
f 3714 3410 3711
f 3435 3410 3135
f 3410 3142 3135
f 3135 3142 2827
f 2827 3142 2890
f 2890 2835 2827
f 2827 2830 3135
f 2854 3135 2830
f 4048 3714 3711
f 3998 4048 3711
f 4048 3998 4466
f 4453 4048 4466
f 4453 4466 4882
f 4453 4882 4754
f 4864 4754 4882
f 4871 4882 4466
f 4466 4834 4871
f 3720 3097 3041
f 3720 3041 3060
f 3720 3060 3162
f 3720 3162 3319
f 3720 3319 3505
f 3720 3505 3721
f 3720 3721 3899
f 3720 3899 4202
f 3720 4202 4407
f 3720 4407 4553
f 3720 4553 4583
f 3720 4583 4519
f 3720 4519 4322
f 3720 4322 4041
f 3720 4041 3867
f 3720 3867 3719
f 3720 3719 3534
f 3720 3534 3415
f 3720 3415 3219
f 3720 3219 3097
f 7765 7533 7529
f 7826 7765 7529
f 7989 7765 7826
f 8132 7989 7826
f 8171 7989 8132
f 8347 8171 8132
f 8347 8296 8171
f 8296 8347 8499
f 8328 8296 8499
f 8424 8328 8499
f 8328 8424 8363
f 8274 8328 8363
f 8274 8363 8212
f 8127 8274 8212
f 8212 8011 8127
f 8011 7945 8127
f 7731 7945 8011
f 7778 7731 8011
f 7731 7778 7527
f 7530 7731 7527
f 7527 7778 7842
f 7778 8011 7842
f 7521 7527 7842
f 8011 8109 7842
f 8011 8212 8109
f 8212 8370 8109
f 8212 8363 8370
f 8363 8559 8370
f 8363 8424 8619
f 8559 8363 8619
f 8424 8499 8619
f 8499 8658 8619
f 8658 8759 8619
f 8759 8748 8619
f 8619 8748 8678
f 8559 8619 8678
f 8559 8678 8554
f 8370 8559 8554
f 8370 8554 8252
f 8109 8370 8252
f 7842 8109 8252
f 7521 7842 7518
f 7842 7903 7518
f 7903 7842 8252
f 8499 8542 8658
f 8542 8661 8658
f 8658 8661 8759
f 8542 8570 8661
f 8570 8631 8661
f 8661 8631 8738
f 8661 8738 8759
f 8631 8675 8738
f 8631 8570 8596
f 8570 8579 8596
f 8534 8596 8579
f 8515 8534 8579
f 8606 8675 8631
f 8596 8606 8631
f 8596 8534 8606
f 8534 8530 8606
f 8570 8416 8579
f 8416 8570 8542
f 8416 8417 8579
f 8369 8515 8579
f 8417 8369 8579
f 8374 8416 8542
f 8374 8542 8499
f 8347 8374 8499
f 8417 8157 8369
f 8417 8416 8157
f 8157 8095 8369
f 7823 8095 8157
f 7850 7823 8157
f 7522 7823 7850
f 7523 7522 7850
f 7528 7523 7850
f 7844 7528 7850
f 7529 7528 7844
f 7826 7529 7844
f 7850 8157 8167
f 7844 7850 8167
f 7826 7844 8167
f 8132 7826 8167
f 8374 8132 8167
f 8374 8347 8132
f 8416 8167 8157
f 8416 8374 8167
f 7522 7523 7127
f 7523 7528 7127
f 7188 7522 7127
f 7188 7127 6693
f 6772 7188 6693
f 6772 6693 6439
f 6693 6345 6439
f 6439 6345 6104
f 6345 6346 6104
f 6346 6345 6693
f 6346 6117 6104
f 6104 6117 6039
f 6117 5969 6039
f 5969 6117 5915
f 6117 6188 5915
f 6117 6346 6188
f 5915 6188 5924
f 6188 6241 5924
f 5924 6241 6007
f 6241 6333 6007
f 6504 6333 6241
f 6530 6504 6241
f 6333 6504 6448
f 6333 6448 6007
f 6504 6560 6448
f 6448 6560 6639
f 6560 6724 6639
f 6915 6639 6724
f 7004 6915 6724
f 7004 7332 6915
f 7332 7265 6915
f 7265 7332 7527
f 7332 7530 7527
f 7265 7527 7154
f 6915 7265 7154
f 7527 7521 7154
f 6754 6915 7154
f 6639 6915 6754
f 6429 6639 6754
f 6448 6639 6429
f 6157 6448 6429
f 6448 6157 6007
f 6007 6157 5831
f 5749 6007 5831
f 5749 5488 6007
f 5488 5924 6007
f 6157 6429 6171
f 5831 6157 6171
f 6429 6754 6607
f 6171 6429 6607
f 6754 7154 6607
f 7154 7521 7518
f 7055 7154 7518
f 7154 7055 6607
f 5915 5924 5488
f 5758 5915 5488
f 5969 5915 5758
f 5843 5969 5758
f 5843 6030 5969
f 6030 6039 5969
f 6205 6039 6030
f 6039 6205 6104
f 6205 6222 6104
f 6208 6205 6030
f 6222 6439 6104
f 6208 6030 6111
f 6297 6208 6111
f 6030 5843 5923
f 6111 6030 5923
f 5923 5843 5758
f 5783 5923 5758
f 5746 5783 5758
f 5488 5746 5758
f 5748 5746 5488
f 5749 5748 5488
f 5812 5748 5749
f 5831 5812 5749
f 5831 6171 5812
f 6171 6176 5812
f 6606 6176 6171
f 6607 6606 6171
f 6607 7055 6606
f 7055 7064 6606
f 7064 7055 7518
f 7515 7064 7518
f 6280 5923 5783
f 6149 6280 5783
f 6280 6149 6729
f 6884 6280 6729
f 6518 6280 6884
f 7068 6518 6884
f 7068 7238 6518
f 7238 7068 7510
f 7514 7238 7510
f 7238 6753 6518
f 6111 6518 6753
f 6297 6111 6753
f 7068 6884 7508
f 7510 7068 7508
f 5923 6280 6518
f 6111 5923 6518
f 6884 6729 7507
f 7508 6884 7507
f 6729 6149 6037
f 6149 5783 6037
f 5783 5746 6037
f 6670 6729 6037
f 7507 6729 6670
f 7509 7507 6670
f 6037 5746 5748
f 6072 6037 5748
f 6037 6072 6670
f 6072 5748 5812
f 6215 6072 5812
f 6508 6215 5812
f 6176 6508 5812
f 6508 6176 7036
f 6176 6606 7036
f 7036 6606 7064
f 7509 6670 7511
f 6670 6661 7511
f 6661 6072 6215
f 6072 6661 6670
f 6661 6766 7511
f 6766 6508 7036
f 6766 6215 6508
f 6215 6766 6661
f 6766 7512 7511
f 6766 7036 7512
f 7064 7515 7036
f 7515 7513 7036
f 7036 7513 7512
f 8530 8447 8574
f 8606 8530 8574
f 8606 8574 8659
f 8675 8606 8659
f 8675 8659 8738
f 8659 8691 8738
f 8691 8754 8738
f 8754 8759 8738
f 8754 8749 8759
f 8749 8748 8759
f 8749 8685 8748
f 8685 8678 8748
f 8554 8678 8685
f 8552 8554 8685
f 8552 8254 8554
f 8254 8252 8554
f 7903 8252 8254
f 7893 7903 8254
f 7903 7893 7518
f 7893 7515 7518
f 8754 8691 8597
f 8754 8597 8749
f 8691 8560 8597
f 8465 8560 8691
f 8560 8465 8118
f 8560 8118 8597
f 8465 8035 8118
f 8465 8310 8035
f 8310 7892 8035
f 7797 7892 8310
f 7892 7797 7510
f 7797 7514 7510
f 8110 7797 8310
f 8310 8574 8110
f 8574 8447 8110
f 7892 7510 7508
f 8035 7892 7508
f 8659 8574 8310
f 8465 8659 8310
f 8659 8465 8691
f 8035 7508 7507
f 8118 8035 7507
f 8118 7507 8184
f 8118 8184 8597
f 7507 7509 8184
f 8184 7509 7511
f 8188 8184 7511
f 8104 8188 7511
f 7512 8104 7511
f 8588 8597 8184
f 8188 8588 8184
f 8597 8588 8749
f 8749 8588 8685
f 8588 8521 8685
f 8588 8188 8521
f 8104 8521 8188
f 8521 8324 8685
f 8521 8104 8324
f 8324 8552 8685
f 8552 8324 7914
f 8324 8104 7914
f 7914 8104 7512
f 8254 8552 7914
f 8254 7914 7893
f 7515 7893 7914
f 7513 7515 7914
f 7513 7914 7512
f 7295 7176 7529
f 7533 7295 7529
f 7295 6940 7176
f 6940 6720 7176
f 6940 6685 6720
f 6685 6476 6720
f 6530 6476 6685
f 6476 6530 6241
f 6419 6476 6241
f 6476 6419 6720
f 6188 6419 6241
f 6346 6419 6188
f 7529 7176 7153
f 7528 7529 7153
f 7528 7153 7127
f 7127 7153 6688
f 7176 6720 6688
f 7153 7176 6688
f 6419 6346 6688
f 6720 6419 6688
f 6693 7127 6688
f 6688 6346 6693
f 6685 6828 6530
f 6828 6682 6530
f 6530 6682 6504
f 6682 6652 6504
f 6504 6652 6560
f 6652 6716 6560
f 6560 6716 6724
f 6716 6913 6724
f 6724 6913 7004
f 6913 7194 7004
f 7004 7194 7332
f 7194 7368 7332
f 7332 7368 7530
f 7368 7531 7530
f 7368 7367 7531
f 7367 7524 7531
f 7193 7367 7368
f 7194 7193 7368
f 6912 7193 7194
f 6913 6912 7194
f 6715 6912 6913
f 6716 6715 6913
f 6651 6715 6716
f 6652 6651 6716
f 6681 6651 6652
f 6682 6681 6652
f 6827 6681 6682
f 6828 6827 6682
f 7032 6827 6828
f 7033 7032 6828
f 7033 6828 6685
f 6940 7033 6685
f 7336 7033 6940
f 7295 7336 6940
f 7532 7336 7295
f 7533 7532 7295
f 7730 7532 7533
f 7765 7730 7533
f 7916 7730 7765
f 7989 7916 7765
f 8073 7916 7989
f 8171 8073 7989
f 8175 8073 8171
f 8296 8175 8171
f 8194 8175 8296
f 8328 8194 8296
f 8138 8194 8328
f 8274 8138 8328
f 8016 8138 8274
f 8127 8016 8274
f 7820 8016 8127
f 7945 7820 8127
f 7701 7820 7945
f 7731 7701 7945
f 7531 7701 7731
f 7530 7531 7731
f 8194 8193 8175
f 8193 8174 8175
f 8137 8193 8194
f 8138 8137 8194
f 8015 8137 8138
f 8016 8015 8138
f 7819 8015 8016
f 7820 7819 8016
f 7700 7819 7820
f 7701 7700 7820
f 7524 7700 7701
f 7531 7524 7701
f 8174 8072 8073
f 8073 8072 7916
f 8072 7915 7916
f 7916 7915 7730
f 7915 7729 7730
f 7730 7729 7532
f 7729 7526 7532
f 7532 7526 7336
f 7526 7335 7336
f 7336 7335 7033
f 7335 7032 7033
f 8175 8174 8073
f 8400 8408 8534
f 8515 8400 8534
f 8345 8400 8515
f 8369 8345 8515
f 8093 8345 8369
f 8095 8093 8369
f 7825 8093 8095
f 7823 7825 8095
f 7520 7825 7823
f 7522 7520 7823
f 7187 7520 7522
f 7188 7187 7522
f 6782 7187 7188
f 6772 6782 7188
f 6481 6782 6772
f 6439 6481 6772
f 6371 6481 6439
f 6222 6371 6439
f 6353 6371 6222
f 6205 6353 6222
f 6364 6353 6205
f 6208 6364 6205
f 6401 6364 6208
f 6297 6401 6208
f 6769 6401 6297
f 6753 6769 6297
f 7237 6769 6753
f 7238 7237 6753
f 7517 7237 7238
f 7514 7517 7238
f 6371 6370 6481
f 6352 6370 6371
f 6353 6352 6371
f 6363 6352 6353
f 6364 6363 6353
f 6400 6363 6364
f 6401 6400 6364
f 6768 6400 6401
f 6769 6768 6401
f 7236 6768 6769
f 7237 7236 6769
f 7516 7236 7237
f 7517 7516 7237
f 6370 6480 6481
f 6481 6480 6782
f 6480 6781 6782
f 6782 6781 7187
f 6781 7186 7187
f 7187 7186 7520
f 7186 7519 7520
f 7520 7519 7825
f 7519 7824 7825
f 7825 7824 8093
f 7824 8092 8093
f 8093 8092 8344
f 8345 8093 8344
f 8345 8344 8400
f 8344 8399 8400
f 8400 8399 8407
f 8408 8400 8407
f 8408 8407 8404
f 8405 8408 8404
f 8408 8405 8530
f 8530 8405 8447
f 8405 8381 8447
f 8405 8404 8381
f 8447 8381 8110
f 8381 8100 8110
f 8110 8100 7797
f 8100 7800 7797
f 7797 7800 7514
f 7800 7517 7514
f 8534 8408 8530
f 8404 8380 8381
f 7800 7799 7517
f 7799 7516 7517
f 8099 7799 7800
f 8100 8099 7800
f 8381 8380 8099
f 8100 8381 8099
f 7824 7519 7516
f 7799 7824 7516
f 7824 7799 8099
f 8092 7824 8099
f 8092 8099 8407
f 8092 8407 8344
f 8399 8344 8407
f 8404 8407 8099
f 8099 8380 8404
f 7519 7186 7516
f 7186 7236 7516
f 7236 7186 6768
f 7186 6781 6768
f 6768 6781 6352
f 6352 6781 6480
f 6480 6370 6352
f 6352 6363 6768
f 6400 6768 6363
f 8137 7525 8193
f 8193 7525 8174
f 8174 7525 8072
f 8072 7525 7915
f 7915 7525 7729
f 7729 7525 7526
f 7526 7525 7335
f 7335 7525 7032
f 7032 7525 6827
f 6827 7525 6681
f 6681 7525 6651
f 6651 7525 6715
f 6715 7525 6912
f 6912 7525 7193
f 7193 7525 7367
f 7367 7525 7524
f 7524 7525 7700
f 7700 7525 7819
f 7819 7525 8015
f 8015 7525 8137
f 6839 6413 6411
f 6837 6839 6411
f 6836 6837 6411
f 6410 6836 6411
f 6838 6839 6837
f 6836 6838 6837
f 6412 6413 6839
f 6838 6412 6839
f 6410 6411 6413
f 6412 6410 6413
f 6410 6412 6836
f 6412 6838 6836
f 7652 7383 7384
f 7653 7652 7384
f 7651 7653 7384
f 7382 7651 7384
f 7650 7652 7653
f 7651 7650 7653
f 7381 7383 7652
f 7650 7381 7652
f 7382 7384 7383
f 7381 7382 7383
f 7382 7381 7651
f 7381 7650 7651
f 8367 8044 8045
f 8368 8367 8045
f 8366 8368 8045
f 8043 8366 8045
f 8365 8367 8368
f 8366 8365 8368
f 8042 8044 8367
f 8365 8042 8367
f 8043 8045 8044
f 8042 8043 8044
f 8043 8042 8366
f 8042 8365 8366
f 4397 4399 4825
f 4823 4397 4825
f 4399 4398 4825
f 4398 4824 4825
f 4397 4396 4399
f 4396 4398 4399
f 4823 4822 4397
f 4822 4396 4397
f 4825 4824 4823
f 4824 4822 4823
f 4822 4824 4398
f 4396 4822 4398
f 3584 3585 3854
f 3852 3584 3854
f 3585 3583 3854
f 3583 3853 3854
f 3584 3582 3585
f 3582 3583 3585
f 3852 3851 3584
f 3851 3582 3584
f 3854 3853 3852
f 3853 3851 3852
f 3851 3853 3583
f 3582 3851 3583
f 2869 2870 3193
f 3192 2869 3193
f 2870 2868 3193
f 2868 3191 3193
f 2869 2867 2870
f 2867 2868 2870
f 3192 3190 2869
f 3190 2867 2869
f 3193 3191 3192
f 3191 3190 3192
f 3190 3191 2868
f 2867 3190 2868
f 7313 7743 7744
f 7314 7313 7744
f 7313 7311 7743
f 7311 7741 7743
f 7744 7745 7314
f 7745 7315 7314
f 7745 7748 7315
f 7748 7318 7315
f 7748 7747 7318
f 7854 7747 7748
f 7855 7854 7748
f 7855 7748 7745
f 7853 7855 7745
f 7853 7745 7744
f 7852 7853 7744
f 7853 7852 7855
f 7743 7852 7744
f 7741 7852 7743
f 7741 7740 7852
f 7740 7851 7852
f 7855 7851 7854
f 7851 7855 7852
f 7747 7317 7318
f 7318 7317 7122
f 7318 7122 7120
f 7315 7318 7120
f 7315 7120 7314
f 7314 7120 7313
f 7120 7119 7313
f 7119 7120 7122
f 7119 7311 7313
f 7310 7311 7119
f 7118 7310 7119
f 7122 7118 7119
f 7311 7310 7741
f 7310 7740 7741
f 7317 7121 7122
f 7118 7122 7121
f 7740 7742 7851
f 7851 7742 7854
f 7742 7746 7854
f 7854 7746 7747
f 7310 7312 7740
f 7312 7742 7740
f 7118 7312 7310
f 7316 7312 7118
f 7121 7316 7118
f 7317 7316 7121
f 7747 7746 7317
f 7746 7316 7317
f 7742 7312 7316
f 7746 7742 7316
f 3920 3921 3491
f 3490 3920 3491
f 3918 3920 3490
f 3488 3918 3490
f 3492 3491 3921
f 3922 3492 3921
f 3495 3492 3922
f 3925 3495 3922
f 3494 3495 3925
f 3494 3383 3495
f 3383 3384 3495
f 3495 3384 3492
f 3384 3382 3492
f 3492 3382 3491
f 3382 3381 3491
f 3381 3382 3384
f 3381 3490 3491
f 3381 3488 3490
f 3487 3488 3381
f 3380 3487 3381
f 3380 3384 3383
f 3384 3380 3381
f 3924 3494 3925
f 3924 3925 4117
f 4117 3925 4115
f 3925 3922 4115
f 4115 3922 3921
f 4115 3921 3920
f 4114 4115 3920
f 4115 4114 4117
f 3918 4114 3920
f 3918 3917 4114
f 3917 4113 4114
f 4113 4117 4114
f 3917 3918 3488
f 3487 3917 3488
f 4116 3924 4117
f 4117 4113 4116
f 3489 3487 3380
f 3489 3380 3383
f 3493 3489 3383
f 3493 3383 3494
f 3919 3917 3487
f 3489 3919 3487
f 3919 4113 3917
f 3923 4116 4113
f 3919 3923 4113
f 3923 3924 4116
f 3493 3494 3924
f 3923 3493 3924
f 3919 3489 3923
f 3489 3493 3923
f 7960 8458 8459
f 7961 7960 8459
f 7960 7958 8458
f 7958 8456 8458
f 8459 8460 7961
f 8460 7962 7961
f 8460 8463 7962
f 8463 7965 7962
f 8463 8462 7965
f 8566 8462 8463
f 8567 8566 8463
f 8567 8463 8460
f 8565 8567 8460
f 8565 8460 8459
f 8564 8565 8459
f 8565 8564 8567
f 8458 8564 8459
f 8456 8564 8458
f 8456 8455 8564
f 8455 8563 8564
f 8567 8563 8566
f 8563 8567 8564
f 8462 7964 7965
f 7965 7964 7834
f 7965 7834 7832
f 7962 7965 7832
f 7962 7832 7961
f 7961 7832 7960
f 7832 7831 7960
f 7831 7832 7834
f 7831 7958 7960
f 7957 7958 7831
f 7830 7957 7831
f 7834 7830 7831
f 7958 7957 8456
f 7957 8455 8456
f 7964 7833 7834
f 7830 7834 7833
f 8455 8457 8563
f 8563 8457 8566
f 8457 8461 8566
f 8566 8461 8462
f 7957 7959 8455
f 7959 8457 8455
f 7830 7959 7957
f 7963 7959 7830
f 7833 7963 7830
f 7964 7963 7833
f 8462 8461 7964
f 8461 7963 7964
f 8457 7959 7963
f 8461 8457 7963
f 6271 6983 6984
f 6272 6271 6984
f 6271 6269 6983
f 6269 6981 6983
f 6984 6985 6272
f 6985 6273 6272
f 6985 6988 6273
f 6988 6276 6273
f 6988 6987 6276
f 7165 6987 6988
f 7166 7165 6988
f 7166 6988 6985
f 7164 7166 6985
f 7164 6985 6984
f 7163 7164 6984
f 7164 7163 7166
f 6983 7163 6984
f 6981 7163 6983
f 6981 6980 7163
f 6980 7162 7163
f 7166 7162 7165
f 7162 7166 7163
f 6987 6275 6276
f 6276 6275 6124
f 6276 6124 6122
f 6273 6276 6122
f 6273 6122 6272
f 6272 6122 6271
f 6122 6121 6271
f 6121 6122 6124
f 6121 6269 6271
f 6268 6269 6121
f 6120 6268 6121
f 6124 6120 6121
f 6269 6268 6981
f 6268 6980 6981
f 6275 6123 6124
f 6120 6124 6123
f 6980 6982 7162
f 7162 6982 7165
f 6982 6986 7165
f 7165 6986 6987
f 6268 6270 6980
f 6270 6982 6980
f 6120 6270 6268
f 6274 6270 6120
f 6123 6274 6120
f 6275 6274 6123
f 6987 6986 6275
f 6986 6274 6275
f 6982 6270 6274
f 6986 6982 6274
f 3273 3274 2776
f 2775 3273 2776
f 3271 3273 2775
f 2773 3271 2775
f 2777 2776 3274
f 3275 2777 3274
f 2780 2777 3275
f 3278 2780 3275
f 2779 2780 3278
f 2779 2671 2780
f 2671 2672 2780
f 2780 2672 2777
f 2672 2670 2777
f 2777 2670 2776
f 2670 2669 2776
f 2669 2670 2672
f 2669 2775 2776
f 2669 2773 2775
f 2772 2773 2669
f 2668 2772 2669
f 2668 2672 2671
f 2672 2668 2669
f 3277 2779 3278
f 3277 3278 3405
f 3405 3278 3403
f 3278 3275 3403
f 3403 3275 3274
f 3403 3274 3273
f 3402 3403 3273
f 3403 3402 3405
f 3271 3402 3273
f 3271 3270 3402
f 3270 3401 3402
f 3401 3405 3402
f 3270 3271 2773
f 2772 3270 2773
f 3404 3277 3405
f 3405 3401 3404
f 2774 2772 2668
f 2774 2668 2671
f 2778 2774 2671
f 2778 2671 2779
f 3272 3270 2772
f 2774 3272 2772
f 3272 3401 3270
f 3276 3404 3401
f 3272 3276 3401
f 3276 3277 3404
f 2778 2779 3277
f 3276 2778 3277
f 3272 2774 3276
f 2774 2778 3276
f 4962 4963 4251
f 4250 4962 4251
f 4960 4962 4250
f 4248 4960 4250
f 4252 4251 4963
f 4964 4252 4963
f 4255 4252 4964
f 4967 4255 4964
f 4254 4255 4967
f 4254 4072 4255
f 4072 4073 4255
f 4255 4073 4252
f 4073 4071 4252
f 4252 4071 4251
f 4071 4070 4251
f 4070 4071 4073
f 4070 4250 4251
f 4070 4248 4250
f 4247 4248 4070
f 4069 4247 4070
f 4069 4073 4072
f 4073 4069 4070
f 4966 4254 4967
f 4966 4967 5115
f 5115 4967 5113
f 4967 4964 5113
f 5113 4964 4963
f 5113 4963 4962
f 5112 5113 4962
f 5113 5112 5115
f 4960 5112 4962
f 4960 4959 5112
f 4959 5111 5112
f 5111 5115 5112
f 4959 4960 4248
f 4247 4959 4248
f 5114 4966 5115
f 5115 5111 5114
f 4249 4247 4069
f 4249 4069 4072
f 4253 4249 4072
f 4253 4072 4254
f 4961 4959 4247
f 4249 4961 4247
f 4961 5111 4959
f 4965 5114 5111
f 4961 4965 5111
f 4965 4966 5114
f 4253 4254 4966
f 4965 4253 4966
f 4961 4249 4965
f 4249 4253 4965
f 6616 6615 6359
f 6387 6616 6359
f 6184 6387 6359
f 6151 6184 6359
f 6184 6151 6016
f 6051 6184 6016
f 6051 6016 5951
f 6023 6051 5951
f 6023 5951 6015
f 6052 6023 6015
f 6185 6052 6015
f 6152 6185 6015
f 6388 6185 6152
f 6360 6388 6152
f 6388 6360 6619
f 6621 6388 6619
f 6880 6621 6619
f 6899 6880 6619
f 6880 6899 7139
f 7092 6880 7139
f 7092 7139 7325
f 7261 7092 7325
f 7319 7261 7325
f 7360 7319 7325
f 7260 7319 7360
f 7324 7260 7360
f 7091 7260 7324
f 7138 7091 7324
f 7091 7138 6898
f 6879 7091 6898
f 6616 6879 6898
f 6615 6616 6898
f 6880 7092 6806
f 6880 6806 6623
f 6621 6880 6623
f 6621 6623 6459
f 6388 6621 6459
f 6388 6459 6295
f 6185 6388 6295
f 6185 6295 6187
f 6052 6185 6187
f 6052 6187 6162
f 6023 6052 6162
f 6023 6162 6186
f 6051 6023 6186
f 6051 6186 6294
f 6184 6051 6294
f 6184 6294 6458
f 6387 6184 6458
f 6387 6458 6618
f 6616 6387 6618
f 6616 6618 6805
f 6879 6616 6805
f 6879 6805 6970
f 7091 6879 6970
f 7091 6970 7081
f 7260 7091 7081
f 7260 7081 7126
f 7319 7260 7126
f 7319 7126 7082
f 7261 7319 7082
f 7261 7082 6971
f 7092 7261 6971
f 7092 6971 6806
f 6806 6971 6712
f 6806 6712 6624
f 6623 6806 6624
f 6623 6624 6526
f 6459 6623 6526
f 6459 6526 6463
f 6295 6459 6463
f 6295 6463 6396
f 6187 6295 6396
f 6187 6396 6378
f 6162 6187 6378
f 6162 6378 6395
f 6186 6162 6395
f 6186 6395 6462
f 6294 6186 6462
f 6294 6462 6525
f 6458 6294 6525
f 6458 6525 6620
f 6618 6458 6620
f 6618 6620 6711
f 6805 6618 6711
f 6805 6711 6789
f 6970 6805 6789
f 6970 6789 6867
f 7081 6970 6867
f 7081 6867 6887
f 7126 7081 6887
f 7126 6887 6868
f 7082 7126 6868
f 7082 6868 6790
f 6971 7082 6790
f 6971 6790 6712
f 6790 6622 6712
f 6868 6622 6790
f 6887 6622 6868
f 6867 6622 6887
f 6789 6622 6867
f 6711 6622 6789
f 6620 6622 6711
f 6525 6622 6620
f 6462 6622 6525
f 6395 6622 6462
f 6378 6622 6395
f 6396 6622 6378
f 6463 6622 6396
f 6526 6622 6463
f 6624 6622 6526
f 6712 6622 6624
f 6359 6617 6151
f 6151 6617 6016
f 6016 6617 5951
f 5951 6617 6015
f 6015 6617 6152
f 6152 6617 6360
f 6360 6617 6619
f 6619 6617 6899
f 6899 6617 7139
f 7139 6617 7325
f 7325 6617 7360
f 7360 6617 7324
f 7324 6617 7138
f 7138 6617 6898
f 6898 6617 6615
f 6615 6617 6359
f 4612 4847 4875
f 4611 4612 4875
f 4847 5050 4875
f 5050 5083 4875
f 5083 5050 5219
f 5050 5183 5219
f 5219 5183 5292
f 5183 5216 5292
f 5292 5216 5220
f 5216 5184 5220
f 5184 5051 5220
f 5051 5084 5220
f 5051 4848 5084
f 4848 4876 5084
f 4876 4848 4615
f 4848 4617 4615
f 4617 4356 4615
f 4356 4337 4615
f 4337 4356 4096
f 4356 4144 4096
f 4096 4144 3911
f 4144 3975 3911
f 3975 3916 3911
f 3916 3875 3911
f 3916 3974 3875
f 3974 3910 3875
f 3974 4143 3910
f 4143 4097 3910
f 4097 4143 4336
f 4143 4355 4336
f 4355 4612 4336
f 4612 4611 4336
f 4144 4356 4430
f 4430 4356 4619
f 4356 4617 4619
f 4619 4617 4777
f 4617 4848 4777
f 4777 4848 4941
f 4848 5051 4941
f 4941 5051 5049
f 5051 5184 5049
f 5049 5184 5073
f 5184 5216 5073
f 5073 5216 5048
f 5216 5183 5048
f 5048 5183 4940
f 5183 5050 4940
f 4940 5050 4776
f 5050 4847 4776
f 4776 4847 4614
f 4847 4612 4614
f 4614 4612 4429
f 4612 4355 4429
f 4429 4355 4264
f 4355 4143 4264
f 4264 4143 4153
f 4143 3974 4153
f 4153 3974 4109
f 3974 3916 4109
f 4109 3916 4154
f 3916 3975 4154
f 4154 3975 4265
f 3975 4144 4265
f 4265 4144 4430
f 4265 4430 4524
f 4524 4430 4620
f 4430 4619 4620
f 4620 4619 4710
f 4619 4777 4710
f 4710 4777 4773
f 4777 4941 4773
f 4773 4941 4840
f 4941 5049 4840
f 4840 5049 4857
f 5049 5073 4857
f 4857 5073 4839
f 5073 5048 4839
f 4839 5048 4772
f 5048 4940 4772
f 4772 4940 4709
f 4940 4776 4709
f 4709 4776 4616
f 4776 4614 4616
f 4616 4614 4523
f 4614 4429 4523
f 4523 4429 4445
f 4429 4264 4445
f 4445 4264 4367
f 4264 4153 4367
f 4367 4153 4348
f 4153 4109 4348
f 4348 4109 4368
f 4109 4154 4368
f 4368 4154 4446
f 4154 4265 4446
f 4446 4265 4524
f 4618 4446 4524
f 4618 4368 4446
f 4618 4348 4368
f 4618 4367 4348
f 4618 4445 4367
f 4618 4523 4445
f 4618 4616 4523
f 4618 4709 4616
f 4618 4772 4709
f 4618 4839 4772
f 4618 4857 4839
f 4618 4840 4857
f 4618 4773 4840
f 4618 4710 4773
f 4618 4620 4710
f 4618 4524 4620
f 4613 4875 5083
f 4613 5083 5219
f 4613 5219 5292
f 4613 5292 5220
f 4613 5220 5084
f 4613 5084 4876
f 4613 4876 4615
f 4613 4615 4337
f 4613 4337 4096
f 4613 4096 3911
f 4613 3911 3875
f 4613 3875 3910
f 4613 3910 4097
f 4613 4097 4336
f 4613 4336 4611
f 4613 4611 4875
f 10081 10064 10066
f 10081 10062 10064
f 10081 10066 10068
f 10081 10068 10067
f 10081 10067 10065
f 10081 10065 10063
f 10081 10063 10061
f 10081 10061 10062
f 10066 10064 10020
f 10064 10018 10020
f 10064 10062 10018
f 10062 10012 10018
f 10062 10061 10012
f 10061 10011 10012
f 10061 10063 10011
f 10063 10017 10011
f 10063 10065 10017
f 10065 10019 10017
f 10065 10067 10019
f 10067 10021 10019
f 10067 10068 10021
f 10068 10022 10021
f 10066 10020 10022
f 10068 10066 10022
f 10020 10018 9944
f 10018 9942 9944
f 10018 10012 9942
f 10012 9940 9942
f 10012 10011 9940
f 10011 9939 9940
f 10011 10017 9939
f 10017 9941 9939
f 10017 10019 9941
f 10019 9943 9941
f 10019 10021 9943
f 10021 9945 9943
f 10021 10022 9945
f 10022 9946 9945
f 10020 9944 9946
f 10022 10020 9946
f 9944 9942 9869
f 9942 9865 9869
f 9942 9940 9865
f 9940 9862 9865
f 9940 9939 9862
f 9939 9861 9862
f 9939 9941 9861
f 9941 9864 9861
f 9941 9943 9864
f 9943 9868 9864
f 9943 9945 9868
f 9945 9870 9868
f 9945 9946 9870
f 9946 9871 9870
f 9944 9869 9871
f 9946 9944 9871
f 9869 9865 9814
f 9865 9812 9814
f 9865 9862 9812
f 9862 9809 9812
f 9862 9861 9809
f 9861 9808 9809
f 9861 9864 9808
f 9864 9811 9808
f 9864 9868 9811
f 9868 9813 9811
f 9868 9870 9813
f 9870 9815 9813
f 9870 9871 9815
f 9871 9816 9815
f 9869 9814 9816
f 9871 9869 9816
f 9814 9812 9772
f 9812 9770 9772
f 9812 9809 9770
f 9809 9768 9770
f 9809 9808 9768
f 9808 9767 9768
f 9808 9811 9767
f 9811 9769 9767
f 9811 9813 9769
f 9813 9771 9769
f 9813 9815 9771
f 9815 9773 9771
f 9815 9816 9773
f 9816 9774 9773
f 9814 9772 9774
f 9816 9814 9774
f 9772 9770 9742
f 9770 9740 9742
f 9770 9768 9740
f 9768 9738 9740
f 9768 9767 9738
f 9767 9737 9738
f 9767 9769 9737
f 9769 9739 9737
f 9769 9771 9739
f 9771 9741 9739
f 9771 9773 9741
f 9773 9743 9741
f 9773 9774 9743
f 9774 9744 9743
f 9772 9742 9744
f 9774 9772 9744
f 9740 9736 9742
f 9738 9736 9740
f 9737 9736 9738
f 9739 9736 9737
f 9741 9736 9739
f 9743 9736 9741
f 9744 9736 9743
f 9742 9736 9744
f 10441 10439 10440
f 10441 10437 10439
f 10441 10440 10438
f 10441 10438 10436
f 10441 10436 10434
f 10441 10434 10433
f 10441 10433 10435
f 10441 10435 10437
f 10440 10439 10432
f 10439 10431 10432
f 10439 10437 10431
f 10437 10429 10431
f 10437 10435 10429
f 10435 10427 10429
f 10435 10433 10427
f 10433 10425 10427
f 10433 10434 10425
f 10434 10426 10425
f 10434 10436 10426
f 10436 10428 10426
f 10436 10438 10428
f 10438 10430 10428
f 10440 10432 10430
f 10438 10440 10430
f 10432 10431 10369
f 10431 10368 10369
f 10431 10429 10368
f 10429 10366 10368
f 10429 10427 10366
f 10427 10364 10366
f 10427 10425 10364
f 10425 10362 10364
f 10425 10426 10362
f 10426 10363 10362
f 10426 10428 10363
f 10428 10365 10363
f 10428 10430 10365
f 10430 10367 10365
f 10432 10369 10367
f 10430 10432 10367
f 10369 10368 10292
f 10368 10291 10292
f 10368 10366 10291
f 10366 10287 10291
f 10366 10364 10287
f 10364 10285 10287
f 10364 10362 10285
f 10362 10283 10285
f 10362 10363 10283
f 10363 10284 10283
f 10363 10365 10284
f 10365 10286 10284
f 10365 10367 10286
f 10367 10288 10286
f 10369 10292 10288
f 10367 10369 10288
f 10292 10291 10240
f 10291 10239 10240
f 10291 10287 10239
f 10287 10237 10239
f 10287 10285 10237
f 10285 10235 10237
f 10285 10283 10235
f 10283 10233 10235
f 10283 10284 10233
f 10284 10234 10233
f 10284 10286 10234
f 10286 10236 10234
f 10286 10288 10236
f 10288 10238 10236
f 10292 10240 10238
f 10288 10292 10238
f 10240 10239 10206
f 10239 10205 10206
f 10239 10237 10205
f 10237 10201 10205
f 10237 10235 10201
f 10235 10199 10201
f 10235 10233 10199
f 10233 10197 10199
f 10233 10234 10197
f 10234 10198 10197
f 10234 10236 10198
f 10236 10200 10198
f 10236 10238 10200
f 10238 10202 10200
f 10240 10206 10202
f 10238 10240 10202
f 10206 10205 10172
f 10205 10171 10172
f 10205 10201 10171
f 10201 10169 10171
f 10201 10199 10169
f 10199 10167 10169
f 10199 10197 10167
f 10197 10165 10167
f 10197 10198 10165
f 10198 10166 10165
f 10198 10200 10166
f 10200 10168 10166
f 10200 10202 10168
f 10202 10170 10168
f 10206 10172 10170
f 10202 10206 10170
f 10171 10152 10172
f 10169 10152 10171
f 10167 10152 10169
f 10165 10152 10167
f 10166 10152 10165
f 10168 10152 10166
f 10170 10152 10168
f 10172 10152 10170
f 10738 10734 10736
f 10738 10732 10734
f 10738 10736 10737
f 10738 10737 10735
f 10738 10735 10733
f 10738 10733 10731
f 10738 10731 10730
f 10738 10730 10732
f 10736 10734 10728
f 10734 10726 10728
f 10734 10732 10726
f 10732 10724 10726
f 10732 10730 10724
f 10730 10722 10724
f 10730 10731 10722
f 10731 10723 10722
f 10731 10733 10723
f 10733 10725 10723
f 10733 10735 10725
f 10735 10727 10725
f 10735 10737 10727
f 10737 10729 10727
f 10736 10728 10729
f 10737 10736 10729
f 10728 10726 10720
f 10726 10718 10720
f 10726 10724 10718
f 10724 10716 10718
f 10724 10722 10716
f 10722 10714 10716
f 10722 10723 10714
f 10723 10715 10714
f 10723 10725 10715
f 10725 10717 10715
f 10725 10727 10717
f 10727 10719 10717
f 10727 10729 10719
f 10729 10721 10719
f 10728 10720 10721
f 10729 10728 10721
f 10720 10718 10678
f 10718 10676 10678
f 10718 10716 10676
f 10716 10661 10676
f 10716 10714 10661
f 10714 10659 10661
f 10714 10715 10659
f 10715 10660 10659
f 10715 10717 10660
f 10717 10675 10660
f 10717 10719 10675
f 10719 10677 10675
f 10719 10721 10677
f 10721 10679 10677
f 10720 10678 10679
f 10721 10720 10679
f 10678 10676 10641
f 10676 10639 10641
f 10676 10661 10639
f 10661 10637 10639
f 10661 10659 10637
f 10659 10635 10637
f 10659 10660 10635
f 10660 10636 10635
f 10660 10675 10636
f 10675 10638 10636
f 10675 10677 10638
f 10677 10640 10638
f 10677 10679 10640
f 10679 10642 10640
f 10678 10641 10642
f 10679 10678 10642
f 10641 10639 10579
f 10639 10577 10579
f 10639 10637 10577
f 10637 10575 10577
f 10637 10635 10575
f 10635 10573 10575
f 10635 10636 10573
f 10636 10574 10573
f 10636 10638 10574
f 10638 10576 10574
f 10638 10640 10576
f 10640 10578 10576
f 10640 10642 10578
f 10642 10580 10578
f 10641 10579 10580
f 10642 10641 10580
f 10579 10577 10563
f 10577 10561 10563
f 10577 10575 10561
f 10575 10559 10561
f 10575 10573 10559
f 10573 10557 10559
f 10573 10574 10557
f 10574 10558 10557
f 10574 10576 10558
f 10576 10560 10558
f 10576 10578 10560
f 10578 10562 10560
f 10578 10580 10562
f 10580 10564 10562
f 10579 10563 10564
f 10580 10579 10564
f 10561 10548 10563
f 10559 10548 10561
f 10557 10548 10559
f 10558 10548 10557
f 10560 10548 10558
f 10562 10548 10560
f 10564 10548 10562
f 10563 10548 10564
f 1031 1014 1029
f 1033 1014 1031
f 1029 1014 1027
f 1027 1014 1028
f 1028 1014 1030
f 1030 1014 1032
f 1032 1014 1034
f 1034 1014 1033
f 1031 1029 1075
f 1077 1031 1075
f 1033 1031 1077
f 1083 1033 1077
f 1034 1033 1083
f 1084 1034 1083
f 1032 1034 1084
f 1078 1032 1084
f 1030 1032 1078
f 1076 1030 1078
f 1028 1030 1076
f 1074 1028 1076
f 1027 1028 1074
f 1073 1027 1074
f 1029 1027 1073
f 1075 1029 1073
f 1077 1075 1152
f 1154 1077 1152
f 1083 1077 1154
f 1156 1083 1154
f 1084 1083 1156
f 1157 1084 1156
f 1078 1084 1157
f 1155 1078 1157
f 1076 1078 1155
f 1153 1076 1155
f 1074 1076 1153
f 1151 1074 1153
f 1073 1074 1151
f 1150 1073 1151
f 1075 1073 1150
f 1152 1075 1150
f 1154 1152 1235
f 1239 1154 1235
f 1156 1154 1239
f 1242 1156 1239
f 1157 1156 1242
f 1243 1157 1242
f 1155 1157 1243
f 1240 1155 1243
f 1153 1155 1240
f 1236 1153 1240
f 1151 1153 1236
f 1234 1151 1236
f 1150 1151 1234
f 1233 1150 1234
f 1152 1150 1233
f 1235 1152 1233
f 1239 1235 1294
f 1304 1239 1294
f 1242 1239 1304
f 1307 1242 1304
f 1243 1242 1307
f 1308 1243 1307
f 1240 1243 1308
f 1305 1240 1308
f 1236 1240 1305
f 1295 1236 1305
f 1234 1236 1295
f 1293 1234 1295
f 1233 1234 1293
f 1292 1233 1293
f 1235 1233 1292
f 1294 1235 1292
f 1304 1294 1345
f 1347 1304 1345
f 1307 1304 1347
f 1349 1307 1347
f 1308 1307 1349
f 1350 1308 1349
f 1305 1308 1350
f 1348 1305 1350
f 1295 1305 1348
f 1346 1295 1348
f 1293 1295 1346
f 1344 1293 1346
f 1292 1293 1344
f 1343 1292 1344
f 1294 1292 1343
f 1345 1294 1343
f 1347 1345 1382
f 1384 1347 1382
f 1349 1347 1384
f 1386 1349 1384
f 1350 1349 1386
f 1387 1350 1386
f 1348 1350 1387
f 1385 1348 1387
f 1346 1348 1385
f 1383 1346 1385
f 1344 1346 1383
f 1381 1344 1383
f 1343 1344 1381
f 1380 1343 1381
f 1345 1343 1380
f 1382 1345 1380
f 1388 1384 1382
f 1388 1386 1384
f 1388 1387 1386
f 1388 1385 1387
f 1388 1383 1385
f 1388 1381 1383
f 1388 1380 1381
f 1388 1382 1380
f 656 654 655
f 658 654 656
f 655 654 657
f 657 654 659
f 659 654 661
f 661 654 662
f 662 654 660
f 660 654 658
f 656 655 663
f 664 656 663
f 658 656 664
f 666 658 664
f 660 658 666
f 668 660 666
f 662 660 668
f 670 662 668
f 661 662 670
f 669 661 670
f 659 661 669
f 667 659 669
f 657 659 667
f 665 657 667
f 655 657 665
f 663 655 665
f 664 663 726
f 727 664 726
f 666 664 727
f 729 666 727
f 668 666 729
f 731 668 729
f 670 668 731
f 733 670 731
f 669 670 733
f 732 669 733
f 667 669 732
f 730 667 732
f 665 667 730
f 728 665 730
f 663 665 728
f 726 663 728
f 727 726 803
f 804 727 803
f 729 727 804
f 808 729 804
f 731 729 808
f 810 731 808
f 733 731 810
f 812 733 810
f 732 733 812
f 811 732 812
f 730 732 811
f 809 730 811
f 728 730 809
f 807 728 809
f 726 728 807
f 803 726 807
f 804 803 855
f 856 804 855
f 808 804 856
f 858 808 856
f 810 808 858
f 860 810 858
f 812 810 860
f 862 812 860
f 811 812 862
f 861 811 862
f 809 811 861
f 859 809 861
f 807 809 859
f 857 807 859
f 803 807 857
f 855 803 857
f 856 855 889
f 890 856 889
f 858 856 890
f 894 858 890
f 860 858 894
f 896 860 894
f 862 860 896
f 898 862 896
f 861 862 898
f 897 861 898
f 859 861 897
f 895 859 897
f 857 859 895
f 893 857 895
f 855 857 893
f 889 855 893
f 890 889 923
f 924 890 923
f 894 890 924
f 926 894 924
f 896 894 926
f 928 896 926
f 898 896 928
f 930 898 928
f 897 898 930
f 929 897 930
f 895 897 929
f 927 895 929
f 893 895 927
f 925 893 927
f 889 893 925
f 923 889 925
f 943 924 923
f 943 926 924
f 943 928 926
f 943 930 928
f 943 929 930
f 943 927 929
f 943 925 927
f 943 923 925
f 361 357 359
f 363 357 361
f 359 357 358
f 358 357 360
f 360 357 362
f 362 357 364
f 364 357 365
f 365 357 363
f 361 359 367
f 369 361 367
f 363 361 369
f 371 363 369
f 365 363 371
f 373 365 371
f 364 365 373
f 372 364 373
f 362 364 372
f 370 362 372
f 360 362 370
f 368 360 370
f 358 360 368
f 366 358 368
f 359 358 366
f 367 359 366
f 369 367 375
f 377 369 375
f 371 369 377
f 379 371 377
f 373 371 379
f 381 373 379
f 372 373 381
f 380 372 381
f 370 372 380
f 378 370 380
f 368 370 378
f 376 368 378
f 366 368 376
f 374 366 376
f 367 366 374
f 375 367 374
f 377 375 417
f 419 377 417
f 379 377 419
f 434 379 419
f 381 379 434
f 436 381 434
f 380 381 436
f 435 380 436
f 378 380 435
f 420 378 435
f 376 378 420
f 418 376 420
f 374 376 418
f 416 374 418
f 375 374 416
f 417 375 416
f 419 417 454
f 456 419 454
f 434 419 456
f 458 434 456
f 436 434 458
f 460 436 458
f 435 436 460
f 459 435 460
f 420 435 459
f 457 420 459
f 418 420 457
f 455 418 457
f 416 418 455
f 453 416 455
f 417 416 453
f 454 417 453
f 456 454 516
f 518 456 516
f 458 456 518
f 520 458 518
f 460 458 520
f 522 460 520
f 459 460 522
f 521 459 522
f 457 459 521
f 519 457 521
f 455 457 519
f 517 455 519
f 453 455 517
f 515 453 517
f 454 453 515
f 516 454 515
f 518 516 532
f 534 518 532
f 520 518 534
f 536 520 534
f 522 520 536
f 538 522 536
f 521 522 538
f 537 521 538
f 519 521 537
f 535 519 537
f 517 519 535
f 533 517 535
f 515 517 533
f 531 515 533
f 516 515 531
f 532 516 531
f 547 534 532
f 547 536 534
f 547 538 536
f 547 537 538
f 547 535 537
f 547 533 535
f 547 531 533
f 547 532 531
f 7447 7575 7574
f 7447 7577 7575
f 7447 7579 7577
f 7447 7581 7579
f 7447 7574 7576
f 7447 7576 7578
f 7447 7578 7580
f 7447 7580 7582
f 7447 7582 7584
f 7447 7584 7585
f 7447 7585 7583
f 7447 7583 7581
f 7574 7575 7678
f 7576 7574 7678
f 7575 7679 7678
f 7575 7577 7679
f 7577 7681 7679
f 7577 7579 7683
f 7681 7577 7683
f 7579 7581 7683
f 7581 7685 7683
f 7581 7583 7687
f 7685 7581 7687
f 7583 7585 7689
f 7687 7583 7689
f 7585 7584 7689
f 7584 7688 7689
f 7584 7582 7688
f 7582 7686 7688
f 7582 7580 7684
f 7686 7582 7684
f 7580 7578 7684
f 7578 7682 7684
f 7682 7578 7680
f 7578 7576 7680
f 7680 7576 7678
f 7681 7683 7920
f 7681 7920 7918
f 7679 7681 7918
f 7679 7918 7917
f 7678 7679 7917
f 7689 7688 7928
f 7689 7928 7926
f 7687 7689 7926
f 7687 7926 7924
f 7685 7687 7924
f 7682 7680 7921
f 7682 7921 7923
f 7684 7682 7923
f 7684 7923 7925
f 7686 7684 7925
f 7686 7925 7927
f 7688 7927 7928
f 7688 7686 7927
f 7924 7926 8231
f 7926 8233 8231
f 7926 7928 8233
f 7928 8235 8233
f 7928 7927 8235
f 7927 8234 8235
f 7927 7925 8234
f 7925 8232 8234
f 7925 7923 8232
f 7923 8230 8232
f 7923 7921 8230
f 7921 8228 8230
f 7921 7919 8228
f 7680 7919 7921
f 7680 7678 7919
f 7678 7917 7919
f 7919 8226 8228
f 7919 7917 8226
f 7917 8224 8226
f 7917 7918 8224
f 7918 8225 8224
f 7918 7920 8225
f 7920 8227 8225
f 7920 7922 8227
f 7683 7922 7920
f 7683 7685 7922
f 7685 7924 7922
f 7922 8229 8227
f 7922 7924 8229
f 7924 8231 8229
f 8225 8502 8224
f 8502 8501 8224
f 8224 8501 8226
f 8504 8502 8225
f 8227 8504 8225
f 8506 8504 8227
f 8229 8506 8227
f 8508 8506 8229
f 8231 8508 8229
f 8502 8647 8501
f 8647 8646 8501
f 8649 8647 8502
f 8504 8649 8502
f 8651 8649 8504
f 8506 8651 8504
f 8653 8651 8506
f 8508 8653 8506
f 8501 8646 8503
f 8501 8503 8226
f 8226 8503 8228
f 8503 8505 8228
f 8228 8505 8230
f 8505 8507 8230
f 8230 8507 8232
f 8507 8509 8232
f 8232 8509 8234
f 8509 8511 8234
f 8234 8511 8235
f 8511 8512 8235
f 8235 8512 8233
f 8512 8510 8233
f 8233 8510 8231
f 8510 8508 8231
f 8510 8655 8508
f 8655 8653 8508
f 8657 8655 8510
f 8512 8657 8510
f 8656 8657 8512
f 8511 8656 8512
f 8654 8656 8511
f 8509 8654 8511
f 8652 8654 8509
f 8507 8652 8509
f 8650 8652 8507
f 8505 8650 8507
f 8648 8650 8505
f 8503 8648 8505
f 8646 8648 8503
f 8729 8653 8655
f 8731 8729 8655
f 8731 8655 8657
f 8733 8731 8657
f 8732 8733 8657
f 8656 8732 8657
f 8730 8732 8656
f 8654 8730 8656
f 8730 8654 8652
f 8728 8730 8652
f 8726 8728 8652
f 8650 8726 8652
f 8726 8650 8648
f 8724 8726 8648
f 8724 8648 8646
f 8722 8724 8646
f 8723 8722 8646
f 8647 8723 8646
f 8725 8723 8647
f 8649 8725 8647
f 8725 8649 8651
f 8727 8725 8651
f 8729 8727 8651
f 8653 8729 8651
f 8723 8752 8722
f 8725 8752 8723
f 8727 8752 8725
f 8729 8752 8727
f 8732 8752 8733
f 8730 8752 8732
f 8728 8752 8730
f 8726 8752 8728
f 8724 8752 8726
f 8722 8752 8724
f 8733 8752 8731
f 8731 8752 8729
f 8876 8902 8901
f 8876 8904 8902
f 8876 8906 8904
f 8876 8908 8906
f 8876 8901 8903
f 8876 8903 8905
f 8876 8905 8907
f 8876 8907 8909
f 8876 8909 8911
f 8876 8911 8912
f 8876 8912 8910
f 8876 8910 8908
f 8901 8902 8913
f 8903 8901 8913
f 8902 8914 8913
f 8902 8904 8914
f 8904 8916 8914
f 8904 8906 8918
f 8916 8904 8918
f 8906 8908 8918
f 8908 8920 8918
f 8908 8910 8922
f 8920 8908 8922
f 8910 8912 8924
f 8922 8910 8924
f 8912 8911 8924
f 8911 8923 8924
f 8911 8909 8923
f 8909 8921 8923
f 8909 8907 8919
f 8921 8909 8919
f 8907 8905 8919
f 8905 8917 8919
f 8917 8905 8915
f 8905 8903 8915
f 8915 8903 8913
f 8916 8918 8928
f 8916 8928 8926
f 8914 8916 8926
f 8914 8926 8925
f 8913 8914 8925
f 8924 8923 8936
f 8924 8936 8934
f 8922 8924 8934
f 8922 8934 8932
f 8920 8922 8932
f 8917 8915 8929
f 8917 8929 8931
f 8919 8917 8931
f 8919 8931 8933
f 8921 8919 8933
f 8921 8933 8935
f 8923 8935 8936
f 8923 8921 8935
f 8932 8934 8969
f 8934 8971 8969
f 8934 8936 8971
f 8936 8973 8971
f 8936 8935 8973
f 8935 8972 8973
f 8935 8933 8972
f 8933 8970 8972
f 8933 8931 8970
f 8931 8968 8970
f 8931 8929 8968
f 8929 8966 8968
f 8929 8927 8966
f 8915 8927 8929
f 8915 8913 8927
f 8913 8925 8927
f 8927 8964 8966
f 8927 8925 8964
f 8925 8962 8964
f 8925 8926 8962
f 8926 8963 8962
f 8926 8928 8963
f 8928 8965 8963
f 8928 8930 8965
f 8918 8930 8928
f 8918 8920 8930
f 8920 8932 8930
f 8930 8967 8965
f 8930 8932 8967
f 8932 8969 8967
f 8963 8975 8962
f 8975 8974 8962
f 8962 8974 8964
f 8977 8975 8963
f 8965 8977 8963
f 8979 8977 8965
f 8967 8979 8965
f 8981 8979 8967
f 8969 8981 8967
f 8975 9012 8974
f 9012 9011 8974
f 9014 9012 8975
f 8977 9014 8975
f 9016 9014 8977
f 8979 9016 8977
f 9018 9016 8979
f 8981 9018 8979
f 8974 9011 8976
f 8974 8976 8964
f 8964 8976 8966
f 8976 8978 8966
f 8966 8978 8968
f 8978 8980 8968
f 8968 8980 8970
f 8980 8982 8970
f 8970 8982 8972
f 8982 8984 8972
f 8972 8984 8973
f 8984 8985 8973
f 8973 8985 8971
f 8985 8983 8971
f 8971 8983 8969
f 8983 8981 8969
f 8983 9020 8981
f 9020 9018 8981
f 9022 9020 8983
f 8985 9022 8983
f 9021 9022 8985
f 8984 9021 8985
f 9019 9021 8984
f 8982 9019 8984
f 9017 9019 8982
f 8980 9017 8982
f 9015 9017 8980
f 8978 9015 8980
f 9013 9015 8978
f 8976 9013 8978
f 9011 9013 8976
f 9030 9018 9020
f 9032 9030 9020
f 9032 9020 9022
f 9034 9032 9022
f 9033 9034 9022
f 9021 9033 9022
f 9031 9033 9021
f 9019 9031 9021
f 9031 9019 9017
f 9029 9031 9017
f 9027 9029 9017
f 9015 9027 9017
f 9027 9015 9013
f 9025 9027 9013
f 9025 9013 9011
f 9023 9025 9011
f 9024 9023 9011
f 9012 9024 9011
f 9026 9024 9012
f 9014 9026 9012
f 9026 9014 9016
f 9028 9026 9016
f 9030 9028 9016
f 9018 9030 9016
f 9024 9059 9023
f 9026 9059 9024
f 9028 9059 9026
f 9030 9059 9028
f 9033 9059 9034
f 9031 9059 9033
f 9029 9059 9031
f 9027 9059 9029
f 9025 9059 9027
f 9023 9059 9025
f 9034 9059 9032
f 9032 9059 9030
f 9156 9158 9157
f 9156 9160 9158
f 9156 9162 9160
f 9156 9164 9162
f 9156 9157 9159
f 9156 9159 9161
f 9156 9161 9163
f 9156 9163 9165
f 9156 9165 9167
f 9156 9167 9168
f 9156 9168 9166
f 9156 9166 9164
f 9157 9158 9169
f 9159 9157 9169
f 9158 9170 9169
f 9158 9160 9170
f 9160 9172 9170
f 9160 9162 9174
f 9172 9160 9174
f 9162 9164 9174
f 9164 9176 9174
f 9164 9166 9178
f 9176 9164 9178
f 9166 9168 9180
f 9178 9166 9180
f 9168 9167 9180
f 9167 9179 9180
f 9167 9165 9179
f 9165 9177 9179
f 9165 9163 9175
f 9177 9165 9175
f 9163 9161 9175
f 9161 9173 9175
f 9173 9161 9171
f 9161 9159 9171
f 9171 9159 9169
f 9172 9174 9209
f 9172 9209 9207
f 9170 9172 9207
f 9170 9207 9206
f 9169 9170 9206
f 9180 9179 9217
f 9180 9217 9215
f 9178 9180 9215
f 9178 9215 9213
f 9176 9178 9213
f 9173 9171 9210
f 9173 9210 9212
f 9175 9173 9212
f 9175 9212 9214
f 9177 9175 9214
f 9177 9214 9216
f 9179 9216 9217
f 9179 9177 9216
f 9213 9215 9227
f 9215 9229 9227
f 9215 9217 9229
f 9217 9231 9229
f 9217 9216 9231
f 9216 9230 9231
f 9216 9214 9230
f 9214 9228 9230
f 9214 9212 9228
f 9212 9226 9228
f 9212 9210 9226
f 9210 9224 9226
f 9210 9208 9224
f 9171 9208 9210
f 9171 9169 9208
f 9169 9206 9208
f 9208 9222 9224
f 9208 9206 9222
f 9206 9220 9222
f 9206 9207 9220
f 9207 9221 9220
f 9207 9209 9221
f 9209 9223 9221
f 9209 9211 9223
f 9174 9211 9209
f 9174 9176 9211
f 9176 9213 9211
f 9211 9225 9223
f 9211 9213 9225
f 9213 9227 9225
f 9221 9286 9220
f 9286 9285 9220
f 9220 9285 9222
f 9288 9286 9221
f 9223 9288 9221
f 9290 9288 9223
f 9225 9290 9223
f 9292 9290 9225
f 9227 9292 9225
f 9286 9362 9285
f 9362 9361 9285
f 9364 9362 9286
f 9288 9364 9286
f 9366 9364 9288
f 9290 9366 9288
f 9368 9366 9290
f 9292 9368 9290
f 9285 9361 9287
f 9285 9287 9222
f 9222 9287 9224
f 9287 9289 9224
f 9224 9289 9226
f 9289 9291 9226
f 9226 9291 9228
f 9291 9293 9228
f 9228 9293 9230
f 9293 9295 9230
f 9230 9295 9231
f 9295 9296 9231
f 9231 9296 9229
f 9296 9294 9229
f 9229 9294 9227
f 9294 9292 9227
f 9294 9370 9292
f 9370 9368 9292
f 9372 9370 9294
f 9296 9372 9294
f 9371 9372 9296
f 9295 9371 9296
f 9369 9371 9295
f 9293 9369 9295
f 9367 9369 9293
f 9291 9367 9293
f 9365 9367 9291
f 9289 9365 9291
f 9363 9365 9289
f 9287 9363 9289
f 9361 9363 9287
f 9445 9368 9370
f 9447 9445 9370
f 9447 9370 9372
f 9449 9447 9372
f 9448 9449 9372
f 9371 9448 9372
f 9446 9448 9371
f 9369 9446 9371
f 9446 9369 9367
f 9444 9446 9367
f 9442 9444 9367
f 9365 9442 9367
f 9442 9365 9363
f 9440 9442 9363
f 9440 9363 9361
f 9438 9440 9361
f 9439 9438 9361
f 9362 9439 9361
f 9441 9439 9362
f 9364 9441 9362
f 9441 9364 9366
f 9443 9441 9366
f 9445 9443 9366
f 9368 9445 9366
f 9439 9459 9438
f 9441 9459 9439
f 9443 9459 9441
f 9445 9459 9443
f 9448 9459 9449
f 9446 9459 9448
f 9444 9459 9446
f 9442 9459 9444
f 9440 9459 9442
f 9438 9459 9440
f 9449 9459 9447
f 9447 9459 9445
f 3651 3788 3650
f 3653 3788 3651
f 3655 3788 3653
f 3657 3788 3655
f 3650 3788 3652
f 3652 3788 3654
f 3654 3788 3656
f 3656 3788 3658
f 3658 3788 3660
f 3660 3788 3661
f 3661 3788 3659
f 3659 3788 3657
f 3651 3650 3546
f 3650 3652 3546
f 3547 3651 3546
f 3653 3651 3547
f 3549 3653 3547
f 3653 3549 3551
f 3655 3653 3551
f 3657 3655 3551
f 3553 3657 3551
f 3659 3657 3555
f 3657 3553 3555
f 3659 3555 3557
f 3661 3659 3557
f 3660 3661 3557
f 3556 3660 3557
f 3658 3660 3556
f 3554 3658 3556
f 3658 3554 3552
f 3656 3658 3552
f 3654 3656 3552
f 3550 3654 3552
f 3654 3550 3548
f 3652 3654 3548
f 3652 3548 3546
f 3547 3546 3307
f 3308 3547 3307
f 3549 3547 3308
f 3310 3549 3308
f 3551 3549 3310
f 3312 3551 3310
f 3553 3551 3312
f 3314 3553 3312
f 3550 3552 3313
f 3313 3552 3315
f 3552 3554 3315
f 3315 3554 3317
f 3554 3556 3317
f 3317 3556 3318
f 3556 3557 3318
f 3318 3557 3316
f 3557 3555 3316
f 3316 3555 3314
f 3555 3553 3314
f 3314 3312 3005
f 3005 3312 3003
f 3312 3310 3003
f 3003 3310 3001
f 3310 3308 3001
f 3001 3308 3000
f 3308 3307 3000
f 3316 3314 3007
f 3009 3316 3007
f 3318 3316 3009
f 3011 3318 3009
f 3000 3307 3002
f 3307 3309 3002
f 3307 3546 3309
f 3546 3548 3309
f 3309 3548 3311
f 3548 3550 3311
f 3311 3550 3313
f 3311 3313 3006
f 3006 3313 3008
f 3313 3315 3008
f 3008 3315 3010
f 3010 3317 3011
f 3315 3317 3010
f 3317 3318 3011
f 3004 3311 3006
f 3309 3311 3004
f 3002 3309 3004
f 2734 3011 3009
f 2733 3010 3011
f 2734 2733 3011
f 2731 3008 3010
f 2733 2731 3010
f 2729 3006 3008
f 2731 2729 3008
f 2728 3004 3006
f 2729 2728 3006
f 2728 2726 3004
f 2726 3002 3004
f 2726 2724 3002
f 2724 3000 3002
f 2724 2725 3000
f 2725 3001 3000
f 2725 2727 3001
f 2727 3003 3001
f 2727 2723 3003
f 2723 3005 3003
f 2723 2730 3005
f 2730 3007 3005
f 3007 3314 3005
f 2579 2725 2724
f 2578 2579 2724
f 2578 2724 2726
f 2581 2727 2725
f 2579 2581 2725
f 2583 2723 2727
f 2581 2583 2727
f 2585 2730 2723
f 2583 2585 2723
f 2503 2579 2578
f 2502 2503 2578
f 2505 2581 2579
f 2503 2505 2579
f 2581 2505 2583
f 2505 2507 2583
f 2509 2585 2583
f 2507 2509 2583
f 2504 2502 2578
f 2580 2504 2578
f 2580 2578 2726
f 2580 2726 2728
f 2582 2580 2728
f 2582 2728 2729
f 2584 2582 2729
f 2584 2729 2731
f 2586 2584 2731
f 2586 2731 2733
f 2588 2586 2733
f 2588 2733 2734
f 2589 2588 2734
f 2589 2734 2732
f 2732 2734 3009
f 2732 3009 3007
f 2730 2732 3007
f 2587 2732 2730
f 2587 2589 2732
f 2585 2587 2730
f 2585 2509 2587
f 2509 2511 2587
f 2587 2511 2589
f 2511 2513 2589
f 2512 2588 2589
f 2513 2512 2589
f 2510 2586 2588
f 2512 2510 2588
f 2586 2510 2584
f 2510 2508 2584
f 2508 2506 2584
f 2506 2582 2584
f 2582 2506 2580
f 2506 2504 2580
f 2483 2511 2509
f 2483 2513 2511
f 2483 2512 2513
f 2483 2510 2512
f 2483 2508 2510
f 2483 2506 2508
f 2483 2504 2506
f 2483 2502 2504
f 2483 2503 2502
f 2483 2505 2503
f 2483 2507 2505
f 2483 2509 2507
f 2324 2359 2323
f 2326 2359 2324
f 2328 2359 2326
f 2330 2359 2328
f 2323 2359 2325
f 2325 2359 2327
f 2327 2359 2329
f 2329 2359 2331
f 2331 2359 2333
f 2333 2359 2334
f 2334 2359 2332
f 2332 2359 2330
f 2324 2323 2311
f 2323 2325 2311
f 2312 2324 2311
f 2326 2324 2312
f 2314 2326 2312
f 2326 2314 2316
f 2328 2326 2316
f 2330 2328 2316
f 2318 2330 2316
f 2332 2330 2320
f 2330 2318 2320
f 2332 2320 2322
f 2334 2332 2322
f 2333 2334 2322
f 2321 2333 2322
f 2331 2333 2321
f 2319 2331 2321
f 2331 2319 2317
f 2329 2331 2317
f 2327 2329 2317
f 2315 2327 2317
f 2327 2315 2313
f 2325 2327 2313
f 2325 2313 2311
f 2312 2311 2299
f 2300 2312 2299
f 2314 2312 2300
f 2302 2314 2300
f 2316 2314 2302
f 2304 2316 2302
f 2318 2316 2304
f 2306 2318 2304
f 2315 2317 2305
f 2305 2317 2307
f 2317 2319 2307
f 2307 2319 2309
f 2319 2321 2309
f 2309 2321 2310
f 2321 2322 2310
f 2310 2322 2308
f 2322 2320 2308
f 2308 2320 2306
f 2320 2318 2306
f 2306 2304 2267
f 2267 2304 2265
f 2304 2302 2265
f 2265 2302 2263
f 2302 2300 2263
f 2263 2300 2262
f 2300 2299 2262
f 2308 2306 2269
f 2271 2308 2269
f 2310 2308 2271
f 2273 2310 2271
f 2262 2299 2264
f 2299 2301 2264
f 2299 2311 2301
f 2311 2313 2301
f 2301 2313 2303
f 2313 2315 2303
f 2303 2315 2305
f 2303 2305 2268
f 2268 2305 2270
f 2305 2307 2270
f 2270 2307 2272
f 2272 2309 2273
f 2307 2309 2272
f 2309 2310 2273
f 2266 2303 2268
f 2301 2303 2266
f 2264 2301 2266
f 2261 2273 2271
f 2260 2272 2273
f 2261 2260 2273
f 2258 2270 2272
f 2260 2258 2272
f 2256 2268 2270
f 2258 2256 2270
f 2255 2266 2268
f 2256 2255 2268
f 2255 2253 2266
f 2253 2264 2266
f 2253 2251 2264
f 2251 2262 2264
f 2251 2252 2262
f 2252 2263 2262
f 2252 2254 2263
f 2254 2265 2263
f 2254 2250 2265
f 2250 2267 2265
f 2250 2257 2267
f 2257 2269 2267
f 2269 2306 2267
f 2214 2252 2251
f 2213 2214 2251
f 2213 2251 2253
f 2216 2254 2252
f 2214 2216 2252
f 2218 2250 2254
f 2216 2218 2254
f 2220 2257 2250
f 2218 2220 2250
f 2202 2214 2213
f 2201 2202 2213
f 2204 2216 2214
f 2202 2204 2214
f 2216 2204 2218
f 2204 2206 2218
f 2208 2220 2218
f 2206 2208 2218
f 2203 2201 2213
f 2215 2203 2213
f 2215 2213 2253
f 2215 2253 2255
f 2217 2215 2255
f 2217 2255 2256
f 2219 2217 2256
f 2219 2256 2258
f 2221 2219 2258
f 2221 2258 2260
f 2223 2221 2260
f 2223 2260 2261
f 2224 2223 2261
f 2224 2261 2259
f 2259 2261 2271
f 2259 2271 2269
f 2257 2259 2269
f 2222 2259 2257
f 2222 2224 2259
f 2220 2222 2257
f 2220 2208 2222
f 2208 2210 2222
f 2222 2210 2224
f 2210 2212 2224
f 2211 2223 2224
f 2212 2211 2224
f 2209 2221 2223
f 2211 2209 2223
f 2221 2209 2219
f 2209 2207 2219
f 2207 2205 2219
f 2205 2217 2219
f 2217 2205 2215
f 2205 2203 2215
f 2176 2210 2208
f 2176 2212 2210
f 2176 2211 2212
f 2176 2209 2211
f 2176 2207 2209
f 2176 2205 2207
f 2176 2203 2205
f 2176 2201 2203
f 2176 2202 2201
f 2176 2204 2202
f 2176 2206 2204
f 2176 2208 2206
f 2068 2079 2067
f 2070 2079 2068
f 2072 2079 2070
f 2074 2079 2072
f 2067 2079 2069
f 2069 2079 2071
f 2071 2079 2073
f 2073 2079 2075
f 2075 2079 2077
f 2077 2079 2078
f 2078 2079 2076
f 2076 2079 2074
f 2068 2067 2055
f 2067 2069 2055
f 2056 2068 2055
f 2070 2068 2056
f 2058 2070 2056
f 2070 2058 2060
f 2072 2070 2060
f 2074 2072 2060
f 2062 2074 2060
f 2076 2074 2064
f 2074 2062 2064
f 2076 2064 2066
f 2078 2076 2066
f 2077 2078 2066
f 2065 2077 2066
f 2075 2077 2065
f 2063 2075 2065
f 2075 2063 2061
f 2073 2075 2061
f 2071 2073 2061
f 2059 2071 2061
f 2071 2059 2057
f 2069 2071 2057
f 2069 2057 2055
f 2056 2055 2018
f 2019 2056 2018
f 2058 2056 2019
f 2021 2058 2019
f 2060 2058 2021
f 2023 2060 2021
f 2062 2060 2023
f 2025 2062 2023
f 2059 2061 2024
f 2024 2061 2026
f 2061 2063 2026
f 2026 2063 2028
f 2063 2065 2028
f 2028 2065 2029
f 2065 2066 2029
f 2029 2066 2027
f 2066 2064 2027
f 2027 2064 2025
f 2064 2062 2025
f 2025 2023 2009
f 2009 2023 2007
f 2023 2021 2007
f 2007 2021 2005
f 2021 2019 2005
f 2005 2019 2004
f 2019 2018 2004
f 2027 2025 2011
f 2013 2027 2011
f 2029 2027 2013
f 2015 2029 2013
f 2004 2018 2006
f 2018 2020 2006
f 2018 2055 2020
f 2055 2057 2020
f 2020 2057 2022
f 2057 2059 2022
f 2022 2059 2024
f 2022 2024 2010
f 2010 2024 2012
f 2024 2026 2012
f 2012 2026 2014
f 2014 2028 2015
f 2026 2028 2014
f 2028 2029 2015
f 2008 2022 2010
f 2020 2022 2008
f 2006 2020 2008
f 1941 2015 2013
f 1940 2014 2015
f 1941 1940 2015
f 1938 2012 2014
f 1940 1938 2014
f 1936 2010 2012
f 1938 1936 2012
f 1934 2008 2010
f 1936 1934 2010
f 1934 1932 2008
f 1932 2006 2008
f 1932 1930 2006
f 1930 2004 2006
f 1930 1931 2004
f 1931 2005 2004
f 1931 1933 2005
f 1933 2007 2005
f 1933 1935 2007
f 1935 2009 2007
f 1935 1937 2009
f 1937 2011 2009
f 2011 2025 2009
f 1843 1931 1930
f 1842 1843 1930
f 1842 1930 1932
f 1845 1933 1931
f 1843 1845 1931
f 1847 1935 1933
f 1845 1847 1933
f 1849 1937 1935
f 1847 1849 1935
f 1758 1843 1842
f 1757 1758 1842
f 1760 1845 1843
f 1758 1760 1843
f 1845 1760 1847
f 1760 1762 1847
f 1764 1849 1847
f 1762 1764 1847
f 1759 1757 1842
f 1844 1759 1842
f 1844 1842 1932
f 1844 1932 1934
f 1846 1844 1934
f 1846 1934 1936
f 1848 1846 1936
f 1848 1936 1938
f 1850 1848 1938
f 1850 1938 1940
f 1852 1850 1940
f 1852 1940 1941
f 1853 1852 1941
f 1853 1941 1939
f 1939 1941 2013
f 1939 2013 2011
f 1937 1939 2011
f 1851 1939 1937
f 1851 1853 1939
f 1849 1851 1937
f 1849 1764 1851
f 1764 1766 1851
f 1851 1766 1853
f 1766 1768 1853
f 1767 1852 1853
f 1768 1767 1853
f 1765 1850 1852
f 1767 1765 1852
f 1850 1765 1848
f 1765 1763 1848
f 1763 1761 1848
f 1761 1846 1848
f 1846 1761 1844
f 1761 1759 1844
f 1741 1766 1764
f 1741 1768 1766
f 1741 1767 1768
f 1741 1765 1767
f 1741 1763 1765
f 1741 1761 1763
f 1741 1759 1761
f 1741 1757 1759
f 1741 1758 1757
f 1741 1760 1758
f 1741 1762 1760
f 1741 1764 1762
f 8467 8239 8333
f 8592 8467 8333
f 8592 8333 8385
f 8636 8592 8385
f 8636 8385 8390
f 8638 8636 8390
f 8638 8390 8346
f 8586 8638 8346
f 8467 8287 8239
f 8287 8062 8239
f 8287 7976 8062
f 7976 7841 8062
f 7976 7618 7841
f 7618 7596 7841
f 7618 7169 7596
f 7169 7116 7596
f 7169 6502 7116
f 6502 6468 7116
f 6502 5996 6468
f 5996 5990 6468
f 5996 5554 5990
f 5554 5559 5990
f 8586 8346 8216
f 8423 8586 8216
f 8423 8216 8037
f 8197 8423 8037
f 8197 8037 7838
f 7930 8197 7838
f 7930 7838 7626
f 7656 7930 7626
f 7607 7626 7838
f 7607 7338 7626
f 7338 7355 7626
f 7656 7626 7355
f 7338 6875 7355
f 6875 6886 7355
f 6875 6390 6886
f 6390 6381 6886
f 6390 5989 6381
f 5989 5985 6381
f 5989 5555 5985
f 5555 5558 5985
f 7793 7607 7838
f 7377 7656 7355
f 7377 7355 6886
f 6918 7377 6886
f 6918 6886 6381
f 6399 6918 6381
f 6399 6381 5985
f 5995 6399 5985
f 5995 5985 5558
f 5557 5995 5558
f 5995 5557 5552
f 5988 5995 5552
f 5995 5988 6421
f 6399 5995 6421
f 6936 6918 6399
f 6421 6936 6399
f 7403 7377 6918
f 6936 7403 6918
f 7377 7403 7690
f 7656 7377 7690
f 7656 7690 7977
f 7930 7656 7977
f 7930 7977 8267
f 8197 7930 8267
f 8197 8267 8469
f 8423 8197 8469
f 8423 8469 8605
f 8586 8423 8605
f 8614 8605 8469
f 8614 8664 8605
f 8641 8664 8614
f 8602 8641 8614
f 8602 8614 8518
f 8518 8614 8469
f 8518 8469 8267
f 8446 8602 8518
f 8664 8663 8605
f 8586 8605 8663
f 8446 8518 8285
f 8285 8518 8267
f 8285 8267 7977
f 8213 8446 8285
f 8213 8285 7949
f 7880 8213 7949
f 7880 7949 7670
f 7624 7880 7670
f 8638 8586 8663
f 7949 8285 7977
f 7949 7977 7690
f 7670 7949 7690
f 7670 7690 7403
f 7398 7670 7403
f 7624 7670 7398
f 7398 7403 6923
f 7403 6936 6923
f 6923 6936 6403
f 6936 6421 6403
f 6403 6421 6006
f 6421 5988 6006
f 6006 5988 5549
f 5988 5552 5549
f 7374 7624 7398
f 6403 6449 6923
f 6449 6403 6006
f 6449 6933 6923
f 6933 7374 7398
f 6923 6933 7398
f 6006 5549 5538
f 6038 6006 5538
f 6038 6449 6006
f 7374 6933 7358
f 6933 6944 7358
f 6933 6449 6944
f 6449 6490 6944
f 6449 6038 6490
f 7374 7358 7599
f 7624 7374 7599
f 7624 7599 7812
f 7880 7624 7812
f 7880 7812 8060
f 8213 7880 8060
f 8213 8060 8326
f 8446 8213 8326
f 8446 8326 8532
f 8602 8446 8532
f 8602 8532 8571
f 8641 8602 8571
f 8641 8571 8562
f 8637 8641 8562
f 8664 8641 8637
f 8662 8664 8637
f 8663 8664 8662
f 8665 8663 8662
f 8638 8663 8665
f 8636 8638 8665
f 8662 8637 8591
f 8613 8662 8591
f 8662 8613 8665
f 8613 8609 8665
f 8665 8609 8636
f 8609 8592 8636
f 8613 8591 8445
f 8541 8613 8445
f 8609 8613 8541
f 8536 8609 8541
f 8609 8536 8592
f 8536 8467 8592
f 8541 8445 8330
f 8541 8330 8536
f 8445 8211 8330
f 8330 8340 8536
f 8536 8340 8467
f 8340 8287 8467
f 8330 7975 8340
f 7975 8004 8340
f 8287 8340 8004
f 7976 8287 8004
f 7911 7975 8330
f 8211 7911 8330
f 7605 7975 7911
f 7975 7605 8004
f 7568 7605 7911
f 7605 7621 8004
f 8004 7621 7976
f 7621 7618 7976
f 7618 7621 7152
f 7169 7618 7152
f 7169 7152 6510
f 6502 7169 6510
f 6502 6510 6024
f 5996 6502 6024
f 5554 5996 6024
f 5553 5554 6024
f 7143 7605 7568
f 7621 7605 7143
f 7152 7621 7143
f 7168 7143 7568
f 6024 6070 5553
f 6070 5548 5553
f 6559 6070 6024
f 6510 6559 6024
f 6559 6510 7152
f 7143 6559 7152
f 6559 7143 7168
f 6674 6559 7168
f 6070 6559 6674
f 6154 6070 6674
f 6070 6154 5539
f 5548 6070 5539
f 6674 7168 6767
f 7168 7262 6767
f 7168 7568 7262
f 7568 7593 7262
f 7568 7911 7593
f 7911 7839 7593
f 7911 8211 7839
f 8211 8070 7839
f 8211 8445 8070
f 8445 8299 8070
f 8445 8591 8299
f 8591 8471 8299
f 8591 8637 8471
f 8637 8562 8471
f 6771 6767 7262
f 6771 6330 6767
f 6330 6211 6767
f 7228 6771 7262
f 7228 7262 7593
f 7564 7228 7593
f 7564 7593 7839
f 7735 7564 7839
f 7735 7839 8070
f 7938 7735 8070
f 7938 8070 8299
f 8111 7938 8299
f 8111 8299 8471
f 8359 8111 8471
f 8359 8471 8562
f 8441 8359 8562
f 5931 6211 6330
f 6168 5931 6330
f 6168 6102 5931
f 6102 5874 5931
f 6102 6097 5874
f 6097 5870 5874
f 6097 6128 5870
f 6128 5909 5870
f 5535 5931 5874
f 5532 5535 5874
f 5532 5874 5870
f 5533 5532 5870
f 5533 5870 5909
f 5534 5533 5909
f 5909 6128 6246
f 6040 5909 6246
f 5909 6040 5534
f 6490 6040 6246
f 6038 6040 6490
f 6522 6490 6246
f 6522 6909 6490
f 6909 6944 6490
f 6909 7267 6944
f 7267 7358 6944
f 7267 7443 7358
f 7443 7599 7358
f 7443 7710 7599
f 7710 7812 7599
f 7710 7890 7812
f 7890 8060 7812
f 7890 8155 8060
f 8155 8326 8060
f 8155 8382 8326
f 8382 8532 8326
f 8382 8451 8532
f 8451 8571 8532
f 8451 8441 8571
f 8441 8562 8571
f 8451 8382 8372
f 8382 8303 8372
f 8382 8155 8303
f 8155 8065 8303
f 8155 7890 8065
f 7890 7821 8065
f 8451 8372 8371
f 8441 8451 8371
f 8441 8371 8276
f 8359 8441 8276
f 8359 8276 8064
f 8111 8359 8064
f 8111 8064 7895
f 7938 8111 7895
f 7938 7895 7713
f 7735 7938 7713
f 7735 7713 7444
f 7564 7735 7444
f 7564 7444 7228
f 7444 7123 7228
f 7228 7123 6708
f 6771 7228 6708
f 6771 6708 6287
f 6330 6771 6287
f 6330 6287 6125
f 6168 6330 6125
f 6168 6125 6084
f 6102 6168 6084
f 6102 6084 6081
f 6097 6102 6081
f 6097 6081 6112
f 6128 6097 6112
f 6128 6112 6246
f 6112 6219 6246
f 6246 6219 6469
f 6522 6246 6469
f 6522 6469 6803
f 6909 6522 6803
f 6909 6803 7144
f 7267 6909 7144
f 7267 7144 7425
f 7443 7267 7425
f 7443 7425 7710
f 7425 7641 7710
f 7710 7641 7890
f 7641 7821 7890
f 7793 7838 8037
f 7941 7793 8037
f 7941 8037 8216
f 8036 7941 8216
f 8036 8216 8346
f 8096 8036 8346
f 8096 8346 8390
f 8130 8096 8390
f 8130 8390 8385
f 8121 8130 8385
f 8121 8385 8333
f 8066 8121 8333
f 8066 8333 8239
f 8005 8066 8239
f 8005 8239 8062
f 7889 8005 8062
f 7889 8062 7841
f 7739 7889 7841
f 7739 7841 7596
f 7457 7739 7596
f 7457 7596 7116
f 7093 7457 7116
f 7093 7116 6468
f 6461 7093 6468
f 6461 6468 5990
f 5997 6461 5990
f 5997 5990 5559
f 5556 5997 5559
f 5238 5556 5559
f 5257 5238 5559
f 5559 5554 5257
f 5554 5239 5257
f 5257 5239 4767
f 5239 4733 4767
f 4767 4733 4119
f 4733 4066 4119
f 4119 4066 3639
f 4066 3617 3639
f 3639 3617 3394
f 3617 3259 3394
f 3394 3259 3173
f 3259 2948 3173
f 3173 2948 2996
f 2948 2768 2996
f 2996 2768 2902
f 2768 2643 2902
f 2902 2643 2850
f 2643 2599 2850
f 2850 2599 2845
f 2599 2597 2845
f 2845 2597 2889
f 2597 2649 2889
f 2889 2649 3019
f 2649 2812 3019
f 3019 2812 3198
f 2812 3038 3198
f 3198 3038 3397
f 3038 3305 3397
f 3397 3305 3609
f 3305 3579 3609
f 3609 3628 3397
f 3897 3628 3609
f 3880 3897 3609
f 3609 3579 3880
f 4360 3897 3880
f 4349 4360 3880
f 4845 4360 4349
f 4854 4845 4349
f 5258 4845 4854
f 5262 5258 4854
f 5555 5258 5262
f 5558 5555 5262
f 3628 3442 3397
f 3579 3858 3880
f 3880 3858 4349
f 3858 4317 4349
f 4349 4317 4854
f 4317 4836 4854
f 4854 4836 5262
f 4836 5240 5262
f 5262 5240 5558
f 5240 5557 5558
f 5557 5240 5552
f 5240 5259 5552
f 5240 4836 4814
f 5259 5240 4814
f 4299 4814 4836
f 4317 4299 4836
f 3832 4299 4317
f 3858 3832 4317
f 3832 3858 3545
f 3858 3579 3545
f 3545 3579 3258
f 3579 3305 3258
f 3258 3305 2968
f 3305 3038 2968
f 2968 3038 2766
f 3038 2812 2766
f 2766 2812 2630
f 2812 2649 2630
f 2630 2621 2766
f 2571 2621 2630
f 2571 2594 2621
f 2594 2633 2621
f 2621 2633 2717
f 2621 2717 2766
f 2766 2717 2968
f 2633 2789 2717
f 2572 2571 2630
f 2630 2649 2572
f 2717 2789 2950
f 2717 2950 2968
f 2968 2950 3258
f 2789 3022 2950
f 2950 3022 3286
f 3022 3355 3286
f 3286 3355 3565
f 3355 3611 3565
f 2649 2597 2572
f 2950 3286 3258
f 3286 3565 3545
f 3258 3286 3545
f 3545 3565 3832
f 3565 3837 3832
f 3565 3611 3837
f 3832 3837 4312
f 4299 3832 4312
f 4299 4312 4832
f 4814 4299 4832
f 4814 4832 5229
f 5259 4814 5229
f 5259 5229 5549
f 5552 5259 5549
f 3611 3861 3837
f 4786 4832 4312
f 4832 4786 5229
f 4302 4786 4312
f 4302 4312 3837
f 3861 4302 3837
f 5549 5229 5538
f 5229 5197 5538
f 4786 5197 5229
f 4302 3861 3877
f 4291 4302 3877
f 4786 4302 4291
f 4745 4786 4291
f 5197 4786 4745
f 3877 3861 3636
f 3861 3611 3636
f 3636 3611 3423
f 3611 3355 3423
f 3423 3355 3175
f 3355 3022 3175
f 3175 3022 2909
f 3022 2789 2909
f 2909 2789 2703
f 2789 2633 2703
f 2703 2633 2664
f 2633 2594 2664
f 2664 2594 2673
f 2594 2598 2673
f 2594 2571 2598
f 2571 2573 2598
f 2571 2572 2573
f 2572 2570 2573
f 2572 2597 2570
f 2597 2599 2570
f 2598 2573 2644
f 2573 2622 2644
f 2622 2573 2570
f 2626 2622 2570
f 2626 2570 2599
f 2643 2626 2599
f 2644 2622 2790
f 2622 2694 2790
f 2622 2626 2694
f 2626 2699 2694
f 2699 2626 2643
f 2768 2699 2643
f 2790 2694 2905
f 2905 2694 2699
f 3024 2790 2905
f 2895 2905 2699
f 2895 2699 2768
f 2948 2895 2768
f 3260 2905 2895
f 3231 3260 2895
f 2895 2948 3231
f 2948 3259 3231
f 3324 3024 2905
f 3260 3324 2905
f 3260 3630 3324
f 3630 3260 3231
f 3630 3667 3324
f 3614 3630 3231
f 3614 3231 3259
f 3617 3614 3259
f 3614 3617 4083
f 3617 4066 4083
f 4083 4066 4725
f 4066 4733 4725
f 4725 4733 5215
f 4733 5239 5215
f 5239 5554 5215
f 5554 5553 5215
f 3630 4092 3667
f 3614 4083 4092
f 3630 3614 4092
f 4092 4067 3667
f 5165 5215 5553
f 5548 5165 5553
f 4676 4725 5215
f 5165 4676 5215
f 4676 4092 4083
f 4725 4676 4083
f 4092 4676 4067
f 4676 4561 4067
f 4676 5165 4561
f 5165 5081 4561
f 5165 5548 5539
f 5081 5165 5539
f 4067 4561 4468
f 3973 4067 4468
f 3667 4067 3973
f 3642 3667 3973
f 3324 3667 3642
f 3396 3324 3642
f 3024 3324 3396
f 3165 3024 3396
f 2790 3024 3165
f 2936 2790 3165
f 2644 2790 2936
f 2764 2644 2936
f 2598 2644 2764
f 2673 2598 2764
f 4468 4464 3973
f 4905 4464 4468
f 5024 4905 4468
f 4464 4007 3973
f 4007 3671 3642
f 3642 3671 3396
f 3973 4007 3642
f 3671 3500 3396
f 3396 3500 3165
f 3500 3297 3165
f 3165 3297 2936
f 3297 3124 2936
f 2936 3124 2764
f 3124 2876 2764
f 2764 2876 2673
f 2876 2794 2673
f 2673 2794 2664
f 2794 2784 2664
f 2664 2784 2703
f 2784 2853 2703
f 2703 2853 2909
f 2853 3080 2909
f 2909 3080 3175
f 3080 3345 3175
f 3175 3345 3423
f 3345 3525 3423
f 3423 3525 3636
f 3525 3792 3636
f 3636 3792 3877
f 3792 3968 3877
f 3877 3968 4291
f 3968 4326 4291
f 4291 4326 4745
f 4326 4713 4745
f 4745 4713 4989
f 5195 4745 4989
f 5195 5197 4745
f 5195 5536 5197
f 5536 5538 5197
f 5538 5536 6038
f 5536 6040 6038
f 6040 5536 5534
f 5536 5195 5534
f 5326 5195 4989
f 5195 5326 5534
f 5533 5534 5326
f 5365 5533 5326
f 5326 5107 5365
f 5107 5326 4989
f 5107 5138 5365
f 5365 5138 5361
f 5138 5133 5361
f 5361 5133 5304
f 5133 5067 5304
f 5304 5535 5361
f 5535 5532 5361
f 5532 5533 5365
f 5361 5532 5365
f 5304 5067 4905
f 5024 5304 4905
f 5535 5304 5024
f 5537 5535 5024
f 5535 5537 6211
f 6211 5537 6154
f 6154 6674 6211
f 6674 6767 6211
f 5537 5539 6154
f 5931 5535 6211
f 5537 5024 5081
f 5539 5537 5081
f 4561 5081 5024
f 4468 4561 5024
f 4905 5067 5110
f 5110 5067 5151
f 5067 5133 5151
f 5151 5133 5154
f 5133 5138 5154
f 5154 5138 5123
f 5138 5107 5123
f 5123 5107 4989
f 5016 5123 4989
f 5016 4989 4766
f 4989 4713 4766
f 4766 4713 4432
f 4713 4326 4432
f 4432 4326 4091
f 4326 3968 4091
f 4091 3968 3810
f 3968 3792 3810
f 3810 3792 3525
f 3594 3810 3525
f 3594 3525 3345
f 3414 3594 3345
f 3414 3345 3170
f 3345 3080 3170
f 3170 3080 2932
f 3080 2853 2932
f 2932 2853 2863
f 2853 2784 2863
f 2863 2784 2864
f 2784 2794 2864
f 2864 2794 2959
f 2794 2876 2959
f 2959 2876 3171
f 2876 3124 3171
f 3171 3124 3340
f 3124 3297 3340
f 3340 3297 3522
f 3297 3500 3522
f 3522 3500 3791
f 3500 3671 3791
f 3791 3671 4007
f 4112 3791 4007
f 4112 4007 4527
f 4007 4464 4527
f 4527 4464 4948
f 4464 4905 4948
f 4948 4905 5110
f 8121 8207 8209
f 8130 8121 8209
f 8121 8066 8207
f 8066 8126 8207
f 8066 8005 8126
f 8005 8047 8126
f 8209 8207 8372
f 8207 8371 8372
f 8207 8126 8371
f 8130 8209 8177
f 8096 8130 8177
f 8096 8177 8090
f 8036 8096 8090
f 8036 8090 7933
f 7941 8036 7933
f 8126 8276 8371
f 8126 8047 8276
f 8047 8064 8276
f 8090 8177 8065
f 8177 8303 8065
f 8209 8372 8303
f 8177 8209 8303
f 8090 8065 7821
f 7933 8090 7821
f 7941 7933 7728
f 7728 7933 7821
f 7793 7941 7728
f 7607 7793 7728
f 7561 7607 7728
f 7338 7607 7561
f 7230 7338 7561
f 7338 7230 6875
f 7230 6843 6875
f 6875 6843 6382
f 6390 6875 6382
f 6390 6382 5989
f 6382 6008 5989
f 5555 5989 6008
f 5550 5555 6008
f 7641 7728 7821
f 7561 7728 7641
f 7425 7561 7641
f 7561 7425 7144
f 7230 7561 7144
f 7230 7144 6803
f 6843 7230 6803
f 6382 6843 6803
f 6469 6382 6803
f 6382 6469 6008
f 6008 6010 5550
f 6469 6010 6008
f 6010 5546 5550
f 6469 6219 6010
f 5540 5546 6010
f 6219 5540 6010
f 5540 6219 5541
f 6219 6112 5541
f 5541 6112 5545
f 6112 6081 5545
f 6081 6084 5545
f 6084 5544 5545
f 5544 6084 5542
f 6084 6125 5542
f 5543 5542 6125
f 6287 5543 6125
f 5543 6287 5547
f 6287 6109 5547
f 5547 6109 6044
f 5551 5547 6044
f 6044 5997 5551
f 5997 5556 5551
f 5997 6044 6514
f 6461 5997 6514
f 6514 7104 6461
f 7104 7093 6461
f 7093 7104 7452
f 7457 7093 7452
f 7457 7452 7752
f 7752 7452 7444
f 7713 7752 7444
f 7752 7713 7895
f 7929 7752 7895
f 7929 7895 8047
f 7895 8064 8047
f 8047 8005 7929
f 8005 7889 7929
f 7929 7889 7752
f 7889 7739 7752
f 7739 7457 7752
f 7123 7444 7452
f 7104 7123 7452
f 6580 7123 7104
f 6580 7104 6514
f 6580 6514 6044
f 6109 6580 6044
f 6580 6109 6708
f 7123 6580 6708
f 6109 6287 6708
f 3442 3294 3198
f 3397 3442 3198
f 3198 3294 3019
f 3294 3199 3019
f 3019 3199 2889
f 3199 3139 2889
f 2889 3139 2845
f 3139 3105 2845
f 2845 3105 2850
f 3105 3114 2850
f 2850 3114 2902
f 3114 3169 2902
f 2902 3169 2996
f 3169 3230 2996
f 2996 3230 3173
f 3230 3346 3173
f 3173 3346 3394
f 3346 3496 3394
f 3394 3496 3639
f 3496 3778 3639
f 3639 3778 4119
f 3778 4142 4119
f 4119 4142 4767
f 4142 4774 4767
f 4767 4774 5257
f 4774 5238 5257
f 3114 3105 3026
f 3028 3114 3026
f 3169 3114 3028
f 3109 3169 3028
f 3230 3169 3109
f 3188 3230 3109
f 3028 3026 2863
f 2864 3028 2863
f 3109 3028 2864
f 3026 3105 3058
f 3105 3139 3058
f 3058 3139 3145
f 3139 3199 3145
f 3145 3199 3302
f 3199 3294 3302
f 2959 3109 2864
f 3188 3109 2959
f 3171 3188 2959
f 3058 3145 3170
f 2932 3058 3170
f 3026 3058 2932
f 2863 3026 2932
f 3145 3302 3414
f 3170 3145 3414
f 3302 3294 3507
f 3302 3507 3414
f 3294 3442 3507
f 3442 3628 3507
f 3628 3674 3507
f 3628 3897 3674
f 3897 4005 3674
f 4005 3897 4360
f 4392 4005 4360
f 4392 4360 4853
f 4360 4845 4853
f 4853 4845 5258
f 5227 4853 5258
f 5258 5555 5227
f 5555 5550 5227
f 3507 3594 3414
f 3507 3674 3594
f 3674 3810 3594
f 3674 4005 4091
f 3810 3674 4091
f 4005 4392 4432
f 4091 4005 4432
f 4392 4853 4432
f 4853 4766 4432
f 4766 4853 5227
f 5225 5227 5550
f 5225 4766 5227
f 5546 5225 5550
f 5016 4766 5225
f 5546 5540 5225
f 5540 5016 5225
f 5016 5540 5541
f 5123 5016 5541
f 5123 5541 5545
f 5154 5123 5545
f 5151 5154 5545
f 5544 5151 5545
f 5151 5544 5542
f 5110 5151 5542
f 5542 5543 5110
f 5543 4948 5110
f 4948 5543 5547
f 5126 4948 5547
f 5126 5547 5191
f 5547 5551 5191
f 5238 5191 5551
f 5556 5238 5551
f 5191 5238 4721
f 5238 4774 4721
f 4131 4721 4774
f 4142 4131 4774
f 4131 4142 3783
f 4142 3778 3783
f 3783 3778 3483
f 3783 3483 3791
f 3483 3522 3791
f 3522 3483 3340
f 3483 3306 3340
f 3340 3306 3188
f 3171 3340 3188
f 3230 3188 3306
f 3346 3230 3306
f 3346 3306 3483
f 3496 3346 3483
f 3778 3496 3483
f 4112 4131 3783
f 3791 4112 3783
f 4112 4655 4131
f 4131 4655 4721
f 4721 4655 5191
f 4655 5126 5191
f 5126 4655 4527
f 4655 4112 4527
f 4948 5126 4527
f 7297 7339 7547
f 7545 7297 7547
f 7271 7297 7545
f 7543 7271 7545
f 7269 7271 7543
f 7541 7269 7543
f 7291 7269 7541
f 7539 7291 7541
f 7329 7291 7539
f 7537 7329 7539
f 7369 7329 7537
f 7534 7369 7537
f 7297 6910 7339
f 6910 6990 7339
f 6862 6910 7297
f 7271 6862 7297
f 6860 6862 7271
f 7269 6860 7271
f 6900 6860 7269
f 7291 6900 7269
f 6966 6900 7291
f 7329 6966 7291
f 7088 6966 7329
f 7369 7088 7329
f 6910 6590 6990
f 6590 6713 6990
f 6540 6590 6910
f 6862 6540 6910
f 6537 6540 6862
f 6860 6537 6862
f 6577 6537 6860
f 6900 6577 6860
f 6683 6577 6900
f 6966 6683 6900
f 6852 6683 6966
f 7088 6852 6966
f 6590 6383 6713
f 6383 6519 6713
f 6313 6383 6590
f 6540 6313 6590
f 6307 6313 6540
f 6537 6307 6540
f 6365 6307 6537
f 6577 6365 6537
f 6485 6365 6577
f 6683 6485 6577
f 6662 6485 6683
f 6852 6662 6683
f 6383 6225 6519
f 6225 6414 6519
f 6169 6225 6383
f 6313 6169 6383
f 6164 6169 6313
f 6307 6164 6313
f 6212 6164 6307
f 6365 6212 6307
f 6350 6212 6365
f 6485 6350 6365
f 6547 6350 6485
f 6662 6547 6485
f 6225 6189 6414
f 6189 6354 6414
f 6108 6189 6225
f 6169 6108 6225
f 6106 6108 6169
f 6164 6106 6169
f 6181 6106 6164
f 6212 6181 6164
f 6317 6181 6212
f 6350 6317 6212
f 6527 6317 6350
f 6547 6527 6350
f 6189 6226 6354
f 6226 6415 6354
f 6170 6226 6189
f 6108 6170 6189
f 6165 6170 6108
f 6106 6165 6108
f 6213 6165 6106
f 6181 6213 6106
f 6351 6213 6181
f 6317 6351 6181
f 6548 6351 6317
f 6527 6548 6317
f 6226 6384 6415
f 6384 6520 6415
f 6314 6384 6226
f 6170 6314 6226
f 6308 6314 6170
f 6165 6308 6170
f 6366 6308 6165
f 6213 6366 6165
f 6486 6366 6213
f 6351 6486 6213
f 6663 6486 6351
f 6548 6663 6351
f 6384 6591 6520
f 6591 6714 6520
f 6541 6591 6384
f 6314 6541 6384
f 6538 6541 6314
f 6308 6538 6314
f 6578 6538 6308
f 6366 6578 6308
f 6684 6578 6366
f 6486 6684 6366
f 6853 6684 6486
f 6663 6853 6486
f 6591 6911 6714
f 6911 6991 6714
f 6863 6911 6591
f 6541 6863 6591
f 6861 6863 6541
f 6538 6861 6541
f 6901 6861 6538
f 6578 6901 6538
f 6967 6901 6578
f 6684 6967 6578
f 7089 6967 6684
f 6853 7089 6684
f 6911 7298 6991
f 7298 7340 6991
f 7272 7298 6911
f 6863 7272 6911
f 7270 7272 6863
f 6861 7270 6863
f 7292 7270 6861
f 6901 7292 6861
f 7330 7292 6901
f 6967 7330 6901
f 7370 7330 6967
f 7089 7370 6967
f 7298 7546 7340
f 7546 7549 7340
f 7544 7546 7298
f 7272 7544 7298
f 7542 7544 7272
f 7270 7542 7272
f 7540 7542 7270
f 7292 7540 7270
f 7538 7540 7292
f 7330 7538 7292
f 7536 7538 7330
f 7370 7536 7330
f 7546 7756 7549
f 7756 7723 7549
f 7775 7756 7546
f 7544 7775 7546
f 7777 7775 7544
f 7542 7777 7544
f 7767 7777 7542
f 7540 7767 7542
f 7733 7767 7540
f 7538 7733 7540
f 7699 7733 7538
f 7536 7699 7538
f 7756 8019 7723
f 8019 7955 7723
f 8050 8019 7756
f 7775 8050 7756
f 8053 8050 7775
f 7777 8053 7775
f 8026 8053 7777
f 7767 8026 7777
f 7973 8026 7767
f 7733 7973 7767
f 7884 7973 7733
f 7699 7884 7733
f 8019 8258 7955
f 8258 8140 7955
f 8290 8258 8019
f 8050 8290 8019
f 8292 8290 8050
f 8053 8292 8050
f 8263 8292 8053
f 8026 8263 8053
f 8173 8263 8026
f 7973 8173 8026
f 8058 8173 7973
f 7884 8058 7973
f 8258 8394 8140
f 8394 8308 8140
f 8438 8394 8258
f 8290 8438 8258
f 8443 8438 8290
f 8292 8443 8290
f 8402 8443 8292
f 8263 8402 8292
f 8337 8402 8263
f 8173 8337 8263
f 8187 8337 8173
f 8058 8187 8173
f 8394 8514 8308
f 8514 8378 8308
f 8556 8514 8394
f 8438 8556 8394
f 8558 8556 8438
f 8443 8558 8438
f 8523 8558 8443
f 8402 8523 8443
f 8412 8523 8402
f 8337 8412 8402
f 8281 8412 8337
f 8187 8281 8337
f 8514 8539 8378
f 8539 8406 8378
f 8576 8539 8514
f 8556 8576 8514
f 8577 8576 8556
f 8558 8577 8556
f 8551 8577 8558
f 8523 8551 8558
f 8436 8551 8523
f 8412 8436 8523
f 8302 8436 8412
f 8281 8302 8412
f 8539 8513 8406
f 8513 8377 8406
f 8555 8513 8539
f 8576 8555 8539
f 8557 8555 8576
f 8577 8557 8576
f 8522 8557 8577
f 8551 8522 8577
f 8411 8522 8551
f 8436 8411 8551
f 8280 8411 8436
f 8302 8280 8436
f 8513 8393 8377
f 8393 8307 8377
f 8437 8393 8513
f 8555 8437 8513
f 8442 8437 8555
f 8557 8442 8555
f 8401 8442 8557
f 8522 8401 8557
f 8336 8401 8522
f 8411 8336 8522
f 8186 8336 8411
f 8280 8186 8411
f 8393 8257 8307
f 8257 8139 8307
f 8289 8257 8393
f 8437 8289 8393
f 8291 8289 8437
f 8442 8291 8437
f 8262 8291 8442
f 8401 8262 8442
f 8172 8262 8401
f 8336 8172 8401
f 8057 8172 8336
f 8186 8057 8336
f 8257 8018 8139
f 8018 7954 8139
f 8049 8018 8257
f 8289 8049 8257
f 8052 8049 8289
f 8291 8052 8289
f 8025 8052 8291
f 8262 8025 8291
f 7972 8025 8262
f 8172 7972 8262
f 7883 7972 8172
f 8057 7883 8172
f 8018 7755 7954
f 7755 7722 7954
f 7774 7755 8018
f 8049 7774 8018
f 7776 7774 8049
f 8052 7776 8049
f 7766 7776 8052
f 8025 7766 8052
f 7732 7766 8025
f 7972 7732 8025
f 7698 7732 7972
f 7883 7698 7972
f 7755 7545 7722
f 7545 7547 7722
f 7543 7545 7755
f 7774 7543 7755
f 7541 7543 7774
f 7776 7541 7774
f 7539 7541 7776
f 7766 7539 7776
f 7537 7539 7766
f 7732 7537 7766
f 7534 7537 7732
f 7698 7534 7732
f 6527 7535 6548
f 6548 7535 6663
f 6663 7535 6853
f 6853 7535 7089
f 7089 7535 7370
f 7370 7535 7536
f 7536 7535 7699
f 7699 7535 7884
f 7884 7535 8058
f 8058 7535 8187
f 8187 7535 8281
f 8281 7535 8302
f 8302 7535 8280
f 8280 7535 8186
f 8186 7535 8057
f 8057 7535 7883
f 7883 7535 7698
f 7698 7535 7534
f 7534 7535 7369
f 7369 7535 7088
f 7088 7535 6852
f 6852 7535 6662
f 6662 7535 6547
f 6547 7535 6527
f 6354 7548 6414
f 6414 7548 6519
f 6519 7548 6713
f 6713 7548 6990
f 6990 7548 7339
f 7339 7548 7547
f 7547 7548 7722
f 7722 7548 7954
f 7954 7548 8139
f 8139 7548 8307
f 8307 7548 8377
f 8377 7548 8406
f 8406 7548 8378
f 8378 7548 8308
f 8308 7548 8140
f 8140 7548 7955
f 7955 7548 7723
f 7723 7548 7549
f 7549 7548 7340
f 7340 7548 6991
f 6991 7548 6714
f 6714 7548 6520
f 6520 7548 6415
f 6415 7548 6354
f 7551 6293 6334
f 7551 6334 6470
f 7551 6470 6657
f 7551 6657 6953
f 7551 6953 7326
f 7551 7326 7550
f 7551 7550 7737
f 7551 7737 7980
f 7551 7980 8190
f 7551 8190 8352
f 7551 8352 8421
f 7551 8421 8450
f 7551 8450 8422
f 7551 8422 8353
f 7551 8353 8191
f 7551 8191 7981
f 7551 7981 7738
f 7551 7738 7552
f 7551 7552 7327
f 7551 7327 6954
f 7551 6954 6658
f 7551 6658 6471
f 7551 6471 6335
f 7551 6335 6293
f 6765 6890 7345
f 7275 6765 7345
f 6690 6765 7275
f 7223 6690 7275
f 6668 6690 7223
f 7195 6668 7223
f 6710 6668 7195
f 7204 6710 7195
f 6817 6710 7204
f 7243 6817 7204
f 6953 6817 7243
f 7326 6953 7243
f 7275 7345 7616
f 7606 7275 7616
f 7223 7275 7606
f 7597 7223 7606
f 7195 7223 7597
f 7572 7195 7597
f 7204 7195 7572
f 7558 7204 7572
f 7243 7204 7558
f 7553 7243 7558
f 7326 7243 7553
f 7550 7326 7553
f 6710 6361 6668
f 6361 6292 6668
f 6361 6085 6292
f 6085 6017 6292
f 6085 5922 6017
f 5922 5830 6017
f 5922 5847 5830
f 5847 5792 5830
f 5847 5918 5792
f 5918 5829 5792
f 5918 6083 5829
f 6083 6009 5829
f 6083 6357 6009
f 6357 6291 6009
f 6357 6709 6291
f 6709 6655 6291
f 6709 7203 6655
f 7203 7189 6655
f 7203 7557 7189
f 7557 7573 7189
f 7557 7843 7573
f 7843 7891 7573
f 7843 8164 7891
f 8164 8260 7891
f 8164 8428 8260
f 8428 8537 8260
f 8428 8595 8537
f 8595 8671 8537
f 8595 8674 8671
f 8674 8721 8671
f 8674 8680 8721
f 8680 8744 8721
f 8680 8673 8744
f 8673 8693 8744
f 8673 8593 8693
f 8593 8644 8693
f 8593 8429 8644
f 8429 8526 8644
f 8429 8166 8526
f 8166 8255 8526
f 8166 7840 8255
f 7840 7879 8255
f 7840 7558 7879
f 7558 7572 7879
f 7879 7572 7909
f 7572 7597 7909
f 7909 7597 7901
f 7597 7606 7901
f 7901 7606 7872
f 7606 7616 7872
f 7553 7558 7840
f 7801 7553 7840
f 7801 7840 8166
f 7550 7553 7801
f 7737 7550 7801
f 7901 7872 8156
f 8245 7901 8156
f 7909 7901 8245
f 8277 7909 8245
f 7879 7909 8277
f 8255 7879 8277
f 7737 7801 8086
f 8086 7801 8166
f 7980 7737 8086
f 8245 8156 8413
f 8500 8245 8413
f 8277 8245 8500
f 8543 8277 8500
f 8255 8277 8543
f 8526 8255 8543
f 8086 8166 8429
f 8339 8086 8429
f 7980 8086 8339
f 8190 7980 8339
f 8500 8413 8573
f 8624 8500 8573
f 8543 8500 8624
f 8669 8543 8624
f 8526 8543 8669
f 8644 8526 8669
f 8339 8429 8593
f 8517 8339 8593
f 8190 8339 8517
f 8352 8190 8517
f 8624 8573 8632
f 8684 8624 8632
f 8669 8624 8684
f 8739 8669 8684
f 8644 8669 8739
f 8693 8644 8739
f 8517 8593 8673
f 8585 8517 8673
f 8352 8517 8585
f 8421 8352 8585
f 8684 8632 8667
f 8734 8684 8667
f 8739 8684 8734
f 8760 8739 8734
f 8693 8739 8760
f 8744 8693 8760
f 8585 8673 8680
f 8599 8585 8680
f 8421 8585 8599
f 8450 8421 8599
f 8734 8667 8639
f 8692 8734 8639
f 8760 8734 8692
f 8747 8760 8692
f 8744 8760 8747
f 8721 8744 8747
f 8599 8680 8674
f 8584 8599 8674
f 8450 8599 8584
f 8422 8450 8584
f 8692 8639 8587
f 8670 8692 8587
f 8747 8692 8670
f 8679 8747 8670
f 8721 8747 8679
f 8671 8721 8679
f 8584 8674 8595
f 8519 8584 8595
f 8422 8584 8519
f 8353 8422 8519
f 8670 8587 8425
f 8548 8670 8425
f 8679 8670 8548
f 8568 8679 8548
f 8671 8679 8568
f 8537 8671 8568
f 8519 8595 8428
f 8335 8519 8428
f 8353 8519 8335
f 8191 8353 8335
f 8548 8425 8176
f 8266 8548 8176
f 8568 8548 8266
f 8300 8568 8266
f 8537 8568 8300
f 8260 8537 8300
f 8335 8428 8164
f 8084 8335 8164
f 8191 8335 8084
f 7981 8191 8084
f 8266 8176 7887
f 7931 8266 7887
f 8300 8266 7931
f 7937 8300 7931
f 8260 8300 7937
f 7891 8260 7937
f 8084 8164 7843
f 7802 8084 7843
f 7981 8084 7802
f 7738 7981 7802
f 7931 7887 7615
f 7612 7931 7615
f 7937 7931 7612
f 7601 7937 7612
f 7891 7937 7601
f 7573 7891 7601
f 7802 7843 7557
f 7554 7802 7557
f 7738 7802 7554
f 7552 7738 7554
f 7612 7615 7344
f 7274 7612 7344
f 7601 7612 7274
f 7222 7601 7274
f 7573 7601 7222
f 7189 7573 7222
f 7554 7557 7203
f 7241 7554 7203
f 7552 7554 7241
f 7327 7552 7241
f 7274 7344 6891
f 6763 7274 6891
f 7222 7274 6763
f 6689 7222 6763
f 7189 7222 6689
f 6655 7189 6689
f 7241 7203 6709
f 6816 7241 6709
f 7327 7241 6816
f 6954 7327 6816
f 6763 6891 6535
f 6406 6763 6535
f 6689 6763 6406
f 6303 6689 6406
f 6655 6689 6303
f 6291 6655 6303
f 6816 6709 6357
f 6497 6816 6357
f 6954 6816 6497
f 6658 6954 6497
f 6406 6535 6279
f 6118 6406 6279
f 6303 6406 6118
f 6027 6303 6118
f 6291 6303 6027
f 6009 6291 6027
f 6497 6357 6083
f 6229 6497 6083
f 6658 6497 6229
f 6471 6658 6229
f 6118 6279 6114
f 5954 6118 6114
f 6027 6118 5954
f 5838 6027 5954
f 6009 6027 5838
f 5829 6009 5838
f 6229 6083 5918
f 6091 6229 5918
f 6471 6229 6091
f 6335 6471 6091
f 5954 6114 6065
f 5905 5954 6065
f 5838 5954 5905
f 5809 5838 5905
f 5829 5838 5809
f 5792 5829 5809
f 6091 5918 5847
f 6041 6091 5847
f 6335 6091 6041
f 6293 6335 6041
f 5905 6065 6113
f 5956 5905 6113
f 5809 5905 5956
f 5839 5809 5956
f 5792 5809 5839
f 5830 5792 5839
f 6041 5847 5922
f 6092 6041 5922
f 6293 6041 6092
f 6334 6293 6092
f 5956 6113 6278
f 6119 5956 6278
f 5839 5956 6119
f 6029 5839 6119
f 5830 5839 6029
f 6017 5830 6029
f 6092 5922 6085
f 6231 6092 6085
f 6334 6092 6231
f 6470 6334 6231
f 6119 6278 6534
f 6402 6119 6534
f 6029 6119 6402
f 6302 6029 6402
f 6017 6029 6302
f 6292 6017 6302
f 6231 6085 6361
f 6500 6231 6361
f 6470 6231 6500
f 6657 6470 6500
f 6402 6534 6890
f 6765 6402 6890
f 6302 6402 6765
f 6690 6302 6765
f 6292 6302 6690
f 6668 6292 6690
f 6500 6361 6710
f 6817 6500 6710
f 6657 6500 6817
f 6953 6657 6817
f 7345 7608 7616
f 7616 7608 7872
f 7872 7608 8156
f 8156 7608 8413
f 8413 7608 8573
f 8573 7608 8632
f 8632 7608 8667
f 8667 7608 8639
f 8639 7608 8587
f 8587 7608 8425
f 8425 7608 8176
f 8176 7608 7887
f 7887 7608 7615
f 7615 7608 7344
f 7344 7608 6891
f 6891 7608 6535
f 6535 7608 6279
f 6279 7608 6114
f 6114 7608 6065
f 6065 7608 6113
f 6113 7608 6278
f 6278 7608 6534
f 6534 7608 6890
f 6890 7608 7345
f 3937 3694 3696
f 3895 3937 3696
f 3937 3963 3694
f 3963 3692 3694
f 3963 3965 3692
f 3965 3690 3692
f 3965 3943 3690
f 3943 3688 3690
f 3943 3905 3688
f 3905 3686 3688
f 3905 3865 3686
f 3865 3683 3686
f 4324 3937 3895
f 4244 4324 3895
f 4372 3963 3937
f 4324 4372 3937
f 4374 3965 3963
f 4372 4374 3963
f 4334 3943 3965
f 4374 4334 3965
f 4268 3905 3943
f 4334 4268 3943
f 4146 3865 3905
f 4268 4146 3905
f 4644 4324 4244
f 4521 4644 4244
f 4694 4372 4324
f 4644 4694 4324
f 4697 4374 4372
f 4694 4697 4372
f 4657 4334 4374
f 4697 4657 4374
f 4551 4268 4334
f 4657 4551 4334
f 4382 4146 4268
f 4551 4382 4268
f 4851 4644 4521
f 4715 4851 4521
f 4921 4694 4644
f 4851 4921 4644
f 4927 4697 4694
f 4921 4927 4694
f 4869 4657 4697
f 4927 4869 4697
f 4749 4551 4657
f 4869 4749 4657
f 4572 4382 4551
f 4749 4572 4551
f 5009 4851 4715
f 4820 5009 4715
f 5065 4921 4851
f 5009 5065 4851
f 5070 4927 4921
f 5065 5070 4921
f 5022 4869 4927
f 5070 5022 4927
f 4884 4749 4869
f 5022 4884 4869
f 4687 4572 4749
f 4884 4687 4749
f 5046 5009 4820
f 4881 5046 4820
f 5127 5065 5009
f 5046 5127 5009
f 5129 5070 5065
f 5127 5129 5065
f 5054 5022 5070
f 5129 5054 5070
f 4918 4884 5022
f 5054 4918 5022
f 4708 4687 4884
f 4918 4708 4884
f 5010 5046 4881
f 4821 5010 4881
f 5066 5127 5046
f 5010 5066 5046
f 5071 5129 5127
f 5066 5071 5127
f 5023 5054 5129
f 5071 5023 5129
f 4885 4918 5054
f 5023 4885 5054
f 4688 4708 4918
f 4885 4688 4918
f 4852 5010 4821
f 4716 4852 4821
f 4922 5066 5010
f 4852 4922 5010
f 4928 5071 5066
f 4922 4928 5066
f 4870 5023 5071
f 4928 4870 5071
f 4750 4885 5023
f 4870 4750 5023
f 4573 4688 4885
f 4750 4573 4885
f 4645 4852 4716
f 4522 4645 4716
f 4695 4922 4852
f 4645 4695 4852
f 4698 4928 4922
f 4695 4698 4922
f 4658 4870 4928
f 4698 4658 4928
f 4552 4750 4870
f 4658 4552 4870
f 4383 4573 4750
f 4552 4383 4750
f 4325 4645 4522
f 4245 4325 4522
f 4373 4695 4645
f 4325 4373 4645
f 4375 4698 4695
f 4373 4375 4695
f 4335 4658 4698
f 4375 4335 4698
f 4269 4552 4658
f 4335 4269 4658
f 4147 4383 4552
f 4269 4147 4552
f 3938 4325 4245
f 3896 3938 4245
f 3964 4373 4325
f 3938 3964 4325
f 3966 4375 4373
f 3964 3966 4373
f 3944 4335 4375
f 3966 3944 4375
f 3906 4269 4335
f 3944 3906 4335
f 3866 4147 4269
f 3906 3866 4269
f 3695 3938 3896
f 3698 3695 3896
f 3693 3964 3938
f 3695 3693 3938
f 3691 3966 3964
f 3693 3691 3964
f 3689 3944 3966
f 3691 3689 3966
f 3687 3906 3944
f 3689 3687 3944
f 3685 3866 3906
f 3687 3685 3906
f 3480 3695 3698
f 3513 3480 3698
f 3461 3693 3695
f 3480 3461 3695
f 3459 3691 3693
f 3461 3459 3693
f 3469 3689 3691
f 3459 3469 3691
f 3503 3687 3689
f 3469 3503 3689
f 3537 3685 3687
f 3503 3537 3687
f 3217 3480 3513
f 3281 3217 3513
f 3186 3461 3480
f 3217 3186 3480
f 3183 3459 3461
f 3186 3183 3461
f 3210 3469 3459
f 3183 3210 3459
f 3263 3503 3469
f 3210 3263 3469
f 3352 3537 3503
f 3263 3352 3503
f 2978 3217 3281
f 3096 2978 3281
f 2946 3186 3217
f 2978 2946 3217
f 2944 3183 3186
f 2946 2944 3186
f 2973 3210 3183
f 2944 2973 3183
f 3063 3263 3210
f 2973 3063 3210
f 3178 3352 3263
f 3063 3178 3263
f 2842 2978 3096
f 2928 2842 3096
f 2798 2946 2978
f 2842 2798 2978
f 2793 2944 2946
f 2798 2793 2946
f 2834 2973 2944
f 2793 2834 2944
f 2899 3063 2973
f 2834 2899 2973
f 3049 3178 3063
f 2899 3049 3063
f 2722 2842 2928
f 2858 2722 2928
f 2680 2798 2842
f 2722 2680 2842
f 2678 2793 2798
f 2680 2678 2798
f 2713 2834 2793
f 2678 2713 2793
f 2824 2899 2834
f 2713 2824 2834
f 2955 3049 2899
f 2824 2955 2899
f 2696 2722 2858
f 2829 2696 2858
f 2659 2680 2722
f 2696 2659 2722
f 2658 2678 2680
f 2659 2658 2680
f 2684 2713 2678
f 2658 2684 2678
f 2799 2824 2713
f 2684 2799 2713
f 2933 2955 2824
f 2799 2933 2824
f 2721 2696 2829
f 2857 2721 2829
f 2679 2659 2696
f 2721 2679 2696
f 2677 2658 2659
f 2679 2677 2659
f 2712 2684 2658
f 2677 2712 2658
f 2823 2799 2684
f 2712 2823 2684
f 2954 2933 2799
f 2823 2954 2799
f 2841 2721 2857
f 2927 2841 2857
f 2797 2679 2721
f 2841 2797 2721
f 2792 2677 2679
f 2797 2792 2679
f 2833 2712 2677
f 2792 2833 2677
f 2898 2823 2712
f 2833 2898 2712
f 3048 2954 2823
f 2898 3048 2823
f 2977 2841 2927
f 3095 2977 2927
f 2945 2797 2841
f 2977 2945 2841
f 2943 2792 2797
f 2945 2943 2797
f 2972 2833 2792
f 2943 2972 2792
f 3062 2898 2833
f 2972 3062 2833
f 3177 3048 2898
f 3062 3177 2898
f 3216 2977 3095
f 3280 3216 3095
f 3185 2945 2977
f 3216 3185 2977
f 3182 2943 2945
f 3185 3182 2945
f 3209 2972 2943
f 3182 3209 2943
f 3262 3062 2972
f 3209 3262 2972
f 3351 3177 3062
f 3262 3351 3062
f 3479 3216 3280
f 3512 3479 3280
f 3460 3185 3216
f 3479 3460 3216
f 3458 3182 3185
f 3460 3458 3185
f 3468 3209 3182
f 3458 3468 3182
f 3502 3262 3209
f 3468 3502 3209
f 3536 3351 3262
f 3502 3536 3262
f 3694 3479 3512
f 3696 3694 3512
f 3692 3460 3479
f 3694 3692 3479
f 3690 3458 3460
f 3692 3690 3460
f 3688 3468 3458
f 3690 3688 3458
f 3686 3502 3468
f 3688 3686 3468
f 3683 3536 3502
f 3686 3683 3502
f 4470 3960 3890
f 4344 4470 3890
f 4470 4545 3960
f 4545 4012 3960
f 4545 4567 4012
f 4567 4040 4012
f 4567 4525 4040
f 4525 4031 4040
f 4525 4418 4031
f 4418 3992 4031
f 4418 4281 3992
f 4281 3908 3992
f 3890 3960 3619
f 3960 3629 3619
f 3960 4012 3629
f 4012 3638 3629
f 4012 4040 3638
f 4040 3663 3638
f 4040 4031 3663
f 4031 3677 3663
f 4031 3992 3677
f 3992 3682 3677
f 3992 3908 3682
f 3908 3699 3682
f 4874 4525 4567
f 4943 4874 4567
f 5150 4874 4943
f 5218 5150 4943
f 5313 5150 5218
f 5413 5313 5218
f 5388 5313 5413
f 5451 5388 5413
f 5317 5388 5451
f 5414 5317 5451
f 5152 5317 5414
f 5226 5152 5414
f 4878 5152 5226
f 4944 4878 5226
f 4526 4878 4944
f 4580 4526 4944
f 4032 4526 4580
f 4046 4032 4580
f 3678 4032 4046
f 3662 3678 4046
f 3392 3678 3662
f 3344 3392 3662
f 3071 3392 3344
f 2975 3071 3344
f 2807 3071 2975
f 2698 2807 2975
f 2640 2807 2698
f 2564 2640 2698
f 2561 2640 2564
f 2514 2561 2564
f 2555 2561 2514
f 2491 2555 2514
f 2562 2555 2491
f 2542 2562 2491
f 2642 2562 2542
f 2591 2642 2542
f 2806 2642 2591
f 2709 2806 2591
f 3069 2806 2709
f 2980 3069 2709
f 3395 3069 2980
f 3356 3395 2980
f 3677 3395 3356
f 3663 3677 3356
f 3663 3356 3326
f 3638 3663 3326
f 3638 3326 3334
f 3629 3638 3334
f 3629 3334 3363
f 3619 3629 3363
f 3677 3682 3395
f 3682 3434 3395
f 3395 3434 3069
f 3682 3699 3434
f 3699 3497 3434
f 3363 3334 3079
f 3334 2990 3079
f 3334 3326 2990
f 3326 2958 2990
f 3326 3356 2958
f 3356 2980 2958
f 3434 3497 3149
f 3434 3149 3069
f 3497 3254 3149
f 3079 2990 2822
f 2990 2735 2822
f 2990 2958 2735
f 2958 2692 2735
f 2958 2980 2692
f 2980 2709 2692
f 3069 3149 2806
f 3149 2896 2806
f 3149 3254 2896
f 3254 3044 2896
f 2822 2735 2662
f 2735 2611 2662
f 2735 2692 2611
f 2692 2566 2611
f 2692 2709 2566
f 2709 2591 2566
f 2806 2896 2642
f 2896 2718 2642
f 2896 3044 2718
f 3044 2882 2718
f 2662 2611 2603
f 2611 2551 2603
f 2611 2566 2551
f 2566 2496 2551
f 2566 2591 2496
f 2591 2542 2496
f 2642 2718 2562
f 2718 2650 2562
f 2718 2882 2650
f 2882 2813 2650
f 2603 2551 2568
f 2551 2501 2568
f 2551 2496 2501
f 2496 2475 2501
f 2496 2542 2475
f 2542 2491 2475
f 2562 2650 2555
f 2650 2636 2555
f 2650 2813 2636
f 2813 2785 2636
f 2568 2501 2596
f 2501 2543 2596
f 2501 2475 2543
f 2475 2488 2543
f 2475 2491 2488
f 2491 2514 2488
f 2555 2636 2561
f 2636 2651 2561
f 2636 2785 2651
f 2785 2814 2651
f 2596 2543 2648
f 2543 2565 2648
f 2543 2488 2565
f 2488 2556 2565
f 2488 2514 2556
f 2514 2564 2556
f 2561 2651 2640
f 2651 2716 2640
f 2651 2814 2716
f 2814 2883 2716
f 2648 2565 2810
f 2565 2687 2810
f 2565 2556 2687
f 2556 2667 2687
f 2556 2564 2667
f 2564 2698 2667
f 2640 2716 2807
f 2716 2900 2807
f 2716 2883 2900
f 2883 3045 2900
f 2810 2687 3059
f 2687 2969 3059
f 2687 2667 2969
f 2667 2935 2969
f 2667 2698 2935
f 2698 2975 2935
f 2807 2900 3071
f 2900 3151 3071
f 2900 3045 3151
f 3045 3255 3151
f 3059 2969 3348
f 2969 3304 3348
f 2969 2935 3304
f 2935 3298 3304
f 2935 2975 3298
f 2975 3344 3298
f 3071 3151 3392
f 3151 3433 3392
f 3151 3255 3433
f 3255 3498 3433
f 3348 3304 3620
f 3304 3623 3620
f 3304 3298 3623
f 3298 3634 3623
f 3298 3344 3634
f 3344 3662 3634
f 3392 3433 3678
f 3433 3681 3678
f 3433 3498 3681
f 3498 3701 3681
f 3620 3623 3891
f 3623 3961 3891
f 3623 3634 3961
f 3634 4013 3961
f 3634 3662 4013
f 3662 4046 4013
f 3678 3681 4032
f 3681 3994 4032
f 3681 3701 3994
f 3701 3909 3994
f 3891 3961 4345
f 3961 4472 4345
f 3961 4013 4472
f 4013 4546 4472
f 4013 4046 4546
f 4046 4580 4546
f 4032 3994 4526
f 3994 4419 4526
f 3994 3909 4419
f 3909 4282 4419
f 4345 4472 4701
f 4472 4829 4701
f 4472 4546 4829
f 4546 4932 4829
f 4546 4580 4932
f 4580 4944 4932
f 4526 4419 4878
f 4419 4738 4878
f 4419 4282 4738
f 4282 4578 4738
f 4701 4829 4957
f 4829 5117 4957
f 4829 4932 5117
f 4932 5212 5117
f 4932 4944 5212
f 4944 5226 5212
f 4878 4738 5152
f 4738 5006 5152
f 4738 4578 5006
f 4578 4765 5006
f 4957 5117 5122
f 5117 5281 5122
f 5117 5212 5281
f 5212 5397 5281
f 5212 5226 5397
f 5226 5414 5397
f 5152 5006 5317
f 5006 5144 5317
f 5006 4765 5144
f 4765 4901 5144
f 5122 5281 5170
f 5281 5338 5170
f 5281 5397 5338
f 5397 5434 5338
f 5397 5414 5434
f 5414 5451 5434
f 5317 5144 5388
f 5144 5194 5388
f 5144 4901 5194
f 4901 4942 5194
f 5170 5338 5121
f 5338 5279 5121
f 5338 5434 5279
f 5434 5396 5279
f 5434 5451 5396
f 5451 5413 5396
f 5388 5194 5313
f 5194 5143 5313
f 5194 4942 5143
f 4942 4900 5143
f 5121 5279 4956
f 5279 5116 4956
f 5279 5396 5116
f 5396 5206 5116
f 5396 5413 5206
f 5413 5218 5206
f 5313 5143 5150
f 5143 5004 5150
f 5143 4900 5004
f 4900 4764 5004
f 4956 5116 4700
f 5116 4833 4700
f 5116 5206 4833
f 5206 4933 4833
f 5206 5218 4933
f 5218 4943 4933
f 5150 5004 4874
f 5004 4735 4874
f 5004 4764 4735
f 4764 4577 4735
f 4700 4833 4344
f 4833 4470 4344
f 4833 4933 4470
f 4933 4545 4470
f 4933 4943 4545
f 4943 4567 4545
f 4874 4735 4525
f 4735 4418 4525
f 4735 4577 4418
f 4577 4281 4418
f 3627 3890 3619
f 3627 3619 3363
f 3627 3363 3079
f 3627 3079 2822
f 3627 2822 2662
f 3627 2662 2603
f 3627 2603 2568
f 3627 2568 2596
f 3627 2596 2648
f 3627 2648 2810
f 3627 2810 3059
f 3627 3059 3348
f 3627 3348 3620
f 3627 3620 3891
f 3627 3891 4345
f 3627 4345 4701
f 3627 4701 4957
f 3627 4957 5122
f 3627 5122 5170
f 3627 5170 5121
f 3627 5121 4956
f 3627 4956 4700
f 3627 4700 4344
f 3627 4344 3890
f 3684 4708 4688
f 3684 4688 4573
f 3684 4573 4383
f 3684 4383 4147
f 3684 4147 3866
f 3684 3866 3685
f 3684 3685 3537
f 3684 3537 3352
f 3684 3352 3178
f 3684 3178 3049
f 3684 3049 2955
f 3684 2955 2933
f 3684 2933 2954
f 3684 2954 3048
f 3684 3048 3177
f 3684 3177 3351
f 3684 3351 3536
f 3684 3536 3683
f 3684 3683 3865
f 3684 3865 4146
f 3684 4146 4382
f 3684 4382 4572
f 3684 4572 4687
f 3684 4687 4708
f 3697 4881 4820
f 3697 4820 4715
f 3697 4715 4521
f 3697 4521 4244
f 3697 4244 3895
f 3697 3895 3696
f 3697 3696 3512
f 3697 3512 3280
f 3697 3280 3095
f 3697 3095 2927
f 3697 2927 2857
f 3697 2857 2829
f 3697 2829 2858
f 3697 2858 2928
f 3697 2928 3096
f 3697 3096 3281
f 3697 3281 3513
f 3697 3513 3698
f 3697 3698 3896
f 3697 3896 4245
f 3697 4245 4522
f 3697 4522 4716
f 3697 4716 4821
f 3697 4821 4881
f 4942 3700 4900
f 4900 3700 4764
f 4764 3700 4577
f 4577 3700 4281
f 4281 3700 3908
f 3908 3700 3699
f 3699 3700 3497
f 3497 3700 3254
f 3254 3700 3044
f 3044 3700 2882
f 2882 3700 2813
f 2813 3700 2785
f 2785 3700 2814
f 2814 3700 2883
f 2883 3700 3045
f 3045 3700 3255
f 3255 3700 3498
f 3498 3700 3701
f 3701 3700 3909
f 3909 3700 4282
f 4282 3700 4578
f 4578 3700 4765
f 4765 3700 4901
f 4901 3700 4942
f 7970 8250 7647
f 7424 7970 7647
f 7647 6718 7424
f 6718 6561 7424
f 5590 6561 6718
f 5586 5590 6718
f 7647 8250 7813
f 8250 8432 7813
f 7647 7813 6876
f 6718 7647 6876
f 6718 6876 5583
f 5586 6718 5583
f 6876 7813 7904
f 6960 6876 7904
f 5583 6876 6960
f 5578 5583 6960
f 8420 7813 8432
f 7813 8420 7904
f 8668 8420 8432
f 8668 8432 8630
f 8432 8535 8630
f 8582 8630 8535
f 8466 8582 8535
f 8466 8535 8373
f 8376 8466 8373
f 8250 8373 8535
f 8432 8250 8535
f 8376 8373 8240
f 8283 8376 8240
f 7970 8240 8373
f 8250 7970 8373
f 8283 8240 8154
f 8205 8283 8154
f 7906 8154 8240
f 7970 7906 8240
f 8205 8154 8243
f 8265 8205 8243
f 8029 8243 8154
f 7906 8029 8154
f 8265 8243 8323
f 8350 8265 8323
f 8158 8323 8243
f 8029 8158 8243
f 8350 8323 8293
f 8314 8350 8293
f 8128 8293 8323
f 8158 8128 8323
f 8314 8293 8162
f 8204 8314 8162
f 8030 8162 8293
f 8128 8030 8293
f 8204 8162 8178
f 8242 8204 8178
f 7988 8178 8162
f 8030 7988 8162
f 8242 8178 8306
f 8329 8242 8306
f 8195 8306 8178
f 7988 8195 8178
f 8329 8306 8452
f 8414 8329 8452
f 8391 8452 8306
f 8195 8391 8306
f 8391 8195 8241
f 8195 8017 8241
f 8195 7988 8017
f 8241 8017 8023
f 8017 7803 8023
f 8023 7803 7770
f 7770 7803 7604
f 7803 7592 7604
f 7604 7592 7412
f 7592 7401 7412
f 7412 7401 7170
f 7401 7137 7170
f 8013 8023 7770
f 8183 8023 8013
f 8185 8183 8013
f 8304 8183 8185
f 8318 8304 8185
f 8389 8304 8318
f 8396 8389 8318
f 8427 8389 8396
f 8426 8427 8396
f 8383 8427 8426
f 8392 8383 8426
f 8236 8383 8392
f 8279 8236 8392
f 8089 8236 8279
f 8144 8089 8279
f 7942 8089 8144
f 8006 7942 8144
f 8375 8183 8304
f 8520 8375 8304
f 8520 8304 8389
f 8572 8375 8520
f 8681 8572 8520
f 8681 8634 8572
f 8681 8765 8634
f 8765 8740 8634
f 8540 8634 8740
f 8629 8540 8740
f 8629 8740 8761
f 8676 8629 8761
f 8772 8761 8740
f 8765 8772 8740
f 8765 8681 8774
f 8681 8746 8774
f 8771 8774 8746
f 8742 8771 8746
f 8742 8677 8771
f 8677 8755 8771
f 8755 8762 8771
f 8762 8778 8771
f 8771 8778 8774
f 8755 8666 8762
f 8666 8755 8677
f 8666 8672 8762
f 8762 8672 8660
f 8672 8547 8660
f 8415 8660 8547
f 8068 8415 8547
f 8578 8666 8677
f 7936 8415 8068
f 8415 7936 8553
f 8660 8415 8553
f 7936 7950 8553
f 7936 6956 7950
f 6956 6962 7950
f 5574 6962 6956
f 5571 5574 6956
f 5571 6956 5565
f 6956 7026 5565
f 7936 8068 7026
f 6956 7936 7026
f 7950 6962 7953
f 6962 7000 7953
f 6962 5574 7000
f 7904 7953 7000
f 6960 7904 7000
f 6960 7000 5576
f 5574 5576 7000
f 5578 6960 5576
f 7904 8420 7953
f 8420 8528 7953
f 7950 7953 8528
f 8553 7950 8528
f 8420 8668 8528
f 8668 8683 8528
f 8553 8528 8683
f 8688 8553 8683
f 5561 5565 7026
f 7059 5561 7026
f 7059 7026 8068
f 7947 7059 8068
f 7947 8068 8547
f 8325 7947 8547
f 8325 8547 8672
f 8468 8325 8672
f 8468 8672 8666
f 8448 8468 8666
f 8448 8666 8578
f 8317 8448 8578
f 8317 8578 8288
f 8578 8677 8288
f 8677 8529 8288
f 8677 8742 8529
f 8742 8598 8529
f 8598 8742 8746
f 8607 8598 8746
f 8383 8598 8607
f 8427 8383 8607
f 8427 8607 8389
f 8607 8580 8389
f 8607 8746 8580
f 8580 8520 8389
f 8681 8580 8746
f 8580 8681 8520
f 8598 8383 8236
f 8529 8598 8236
f 8529 8236 8089
f 8288 8529 8089
f 8288 8089 7942
f 8009 8288 7942
f 7691 8009 7942
f 7675 7691 7942
f 7675 7942 8006
f 7734 7675 8006
f 7388 7675 7734
f 7408 7388 7734
f 6656 7388 7408
f 6676 6656 7408
f 5567 6656 6676
f 5566 5567 6676
f 7375 7691 7675
f 7388 7375 7675
f 6646 7375 7388
f 6656 6646 7388
f 5564 6646 6656
f 5567 5564 6656
f 6584 6646 5564
f 5560 6584 5564
f 7346 7375 6646
f 6584 7346 6646
f 7620 7691 7375
f 7346 7620 7375
f 5570 5566 6676
f 6666 5570 6676
f 6666 6676 7408
f 5570 6666 6686
f 5572 5570 6686
f 5572 6686 6649
f 5577 5572 6649
f 5577 6649 5579
f 6649 6632 5579
f 5579 6632 5582
f 6632 6586 5582
f 5582 6586 5584
f 6586 6558 5584
f 5584 6558 6523
f 5588 5584 6523
f 5588 6523 6447
f 5591 5588 6447
f 5591 6447 5603
f 6447 6385 5603
f 5603 6385 5610
f 6385 6336 5610
f 5610 6336 5607
f 6336 6327 5607
f 5607 6327 5617
f 6327 6315 5617
f 5617 6315 6177
f 6177 6315 6640
f 6315 7140 6640
f 7140 6315 6327
f 5630 5617 6177
f 7137 7140 6327
f 7140 7137 7566
f 7137 7401 7566
f 7566 7401 7772
f 7401 7592 7772
f 7772 7592 7803
f 8017 7772 7803
f 7988 7772 8017
f 7566 7772 7988
f 7724 7566 7988
f 7140 7566 7724
f 7430 7140 7724
f 7430 6640 7140
f 7724 7988 8030
f 7835 7724 8030
f 7724 7835 7430
f 7835 7594 7430
f 6942 7430 7594
f 7207 6942 7594
f 7639 7207 7594
f 7639 7594 7835
f 7251 7207 7639
f 7672 7251 7639
f 7042 7251 7672
f 7613 7042 7672
f 6755 7042 7613
f 7406 6755 7613
f 7613 8029 7406
f 8029 7613 7672
f 8029 7906 7406
f 7406 7906 7970
f 7424 7406 7970
f 6483 7406 7424
f 6561 6483 7424
f 5611 6483 6561
f 5590 5611 6561
f 6289 6483 5611
f 7406 6483 6289
f 6755 7406 6289
f 5628 6289 5611
f 8158 8029 7672
f 8158 7672 7910
f 8128 8158 7910
f 7672 7639 7910
f 7910 7639 7835
f 8128 7910 7835
f 8030 8128 7835
f 6289 5628 6232
f 5628 5622 6232
f 6260 6232 5622
f 5618 6260 5622
f 6289 6232 6641
f 6755 6289 6641
f 6667 6641 6232
f 6260 6667 6232
f 6755 6641 6914
f 7042 6755 6914
f 6935 6914 6641
f 6667 6935 6641
f 7042 6914 7062
f 7251 7042 7062
f 7097 7062 6914
f 6935 7097 6914
f 7251 7062 7034
f 7207 7251 7034
f 7080 7034 7062
f 7097 7080 7062
f 7207 7034 6854
f 6942 7207 6854
f 6893 6854 7034
f 7080 6893 7034
f 6942 6854 6546
f 6640 6942 6546
f 6640 7430 6942
f 6568 6546 6854
f 6893 6568 6854
f 6640 6546 6126
f 6177 6640 6126
f 6129 6126 6546
f 6568 6129 6546
f 6177 6126 5623
f 5630 6177 5623
f 5619 5623 6126
f 6129 5619 6126
f 5058 5630 5623
f 5617 5630 5058
f 4920 5617 5058
f 4920 5058 4595
f 4095 4920 4595
f 4920 4908 5617
f 4920 4095 4908
f 4908 5607 5617
f 4095 4098 4908
f 4908 4899 5607
f 4899 5610 5607
f 4098 4095 3669
f 3834 4098 3669
f 4098 3834 4065
f 4908 4098 4065
f 4899 4908 4065
f 3834 3823 4065
f 3834 3643 3823
f 3643 3631 3823
f 3643 3432 3631
f 3432 3465 3631
f 3432 3212 3465
f 3212 3222 3465
f 3212 3052 3222
f 3052 3050 3222
f 3052 2931 3050
f 2931 2917 3050
f 2931 2846 2917
f 2846 2839 2917
f 2846 2808 2839
f 2808 2809 2839
f 2808 2852 2809
f 2852 2843 2809
f 2852 2999 2843
f 2999 2956 2843
f 2999 3146 2956
f 3146 3091 2956
f 3146 3293 3091
f 3293 3229 3091
f 3052 2860 2931
f 2860 2715 2931
f 3052 3212 2860
f 3212 2994 2860
f 3218 2994 3212
f 3432 3218 3212
f 3218 3040 2994
f 3040 2844 2994
f 2844 3040 2929
f 2929 3040 3057
f 3057 2993 2929
f 3031 2993 3057
f 3073 3031 3057
f 2921 3031 3073
f 2942 2921 3073
f 2885 2921 2942
f 2912 2885 2942
f 2970 2885 2912
f 2992 2970 2912
f 3030 2970 2992
f 3081 3030 2992
f 2952 3030 3081
f 2995 2952 3081
f 2859 2952 2995
f 2862 2859 2995
f 2769 2859 2862
f 2700 2769 2862
f 2653 2769 2700
f 2605 2653 2700
f 2700 2803 2605
f 2803 2567 2605
f 2815 2567 2803
f 3422 2815 2803
f 2803 2985 3422
f 2985 2803 2700
f 2862 2985 2700
f 2985 3588 3422
f 2985 3265 3588
f 3265 2985 2862
f 2995 3265 2862
f 3265 3811 3588
f 4517 3588 3811
f 4674 4517 3811
f 4674 5590 4517
f 5590 5586 4517
f 3588 4517 4359
f 3422 3588 4359
f 4517 5586 5583
f 4359 4517 5583
f 3422 4359 3331
f 2815 3422 3331
f 4359 4275 3331
f 4359 5583 4275
f 5583 5578 4275
f 3331 4275 4235
f 3282 3331 4235
f 4235 4273 3282
f 4273 3285 3282
f 4273 4279 3285
f 4273 5574 4279
f 5574 4273 4235
f 5574 5571 4279
f 4279 3299 3285
f 3285 3299 2682
f 3299 2820 2682
f 2820 3299 3167
f 2820 3167 2688
f 2575 2820 2688
f 2820 2575 2682
f 2688 2563 2575
f 2563 2473 2575
f 2563 2569 2473
f 2569 2480 2473
f 2473 2480 2464
f 2480 2558 2464
f 2480 2569 2558
f 2558 2493 2464
f 2457 2473 2464
f 2569 2657 2558
f 3167 3299 4209
f 3299 4279 4209
f 4209 4279 5565
f 4279 5571 5565
f 2464 2493 2489
f 2461 2464 2489
f 2457 2464 2461
f 2489 2554 2461
f 2554 2470 2461
f 2470 2554 2601
f 2495 2470 2601
f 2601 2695 2495
f 2695 2606 2495
f 2495 2606 2474
f 2606 2559 2474
f 2463 2470 2495
f 2474 2463 2495
f 2470 2463 2455
f 2461 2470 2455
f 2455 2457 2461
f 2821 2695 2601
f 2783 2821 2601
f 2906 2821 2783
f 2929 2906 2783
f 2993 2906 2929
f 2783 2844 2929
f 2783 2601 2663
f 2844 2783 2663
f 2601 2554 2663
f 2663 2554 2715
f 2860 2663 2715
f 2663 2860 2994
f 2844 2663 2994
f 2554 2655 2715
f 2715 2655 2846
f 2931 2715 2846
f 2655 2628 2846
f 2628 2808 2846
f 2852 2808 2628
f 2637 2852 2628
f 2637 2628 2489
f 2489 2628 2655
f 2655 2554 2489
f 2493 2637 2489
f 2852 2637 2999
f 2637 2706 2999
f 2637 2493 2706
f 2493 2558 2706
f 2999 2706 3146
f 2706 2947 3146
f 2706 2558 2947
f 3146 2947 3293
f 2947 3226 3293
f 2558 2657 2947
f 3226 3544 3293
f 3544 3560 3293
f 3293 3560 3229
f 3560 3501 3229
f 3560 3847 3501
f 3847 3827 3501
f 3847 4579 3827
f 4579 4559 3827
f 4579 5567 4559
f 5567 5566 4559
f 3860 3847 3560
f 3544 3860 3560
f 4589 4579 3847
f 3860 4589 3847
f 5564 5567 4579
f 4589 5564 4579
f 4589 4651 5564
f 4651 5560 5564
f 3889 4651 4589
f 3860 3889 4589
f 3615 3889 3860
f 3544 3615 3860
f 3328 3615 3544
f 3226 3328 3544
f 3226 2947 3328
f 2918 3328 2947
f 2657 2918 2947
f 2787 2918 2657
f 2569 2787 2657
f 2767 2787 2569
f 2563 2767 2569
f 2910 2767 2563
f 2688 2910 2563
f 3288 2910 2688
f 3167 3288 2688
f 4176 3288 3167
f 4209 4176 3167
f 5561 4176 4209
f 5565 5561 4209
f 2787 2938 2918
f 2938 3122 2918
f 2918 3122 3328
f 3122 3485 3328
f 3328 3485 3615
f 3485 3780 3615
f 3615 3780 3889
f 3780 3962 3889
f 3889 3962 4651
f 3962 4647 4651
f 4651 4647 5560
f 4647 5562 5560
f 5562 6588 5560
f 6588 6584 5560
f 6588 7273 6584
f 7273 7346 6584
f 7273 7455 7346
f 7455 7620 7346
f 7455 7750 7620
f 7750 7907 7620
f 7620 7907 7691
f 7907 8009 7691
f 8288 8009 7907
f 7907 8317 8288
f 8113 8317 7907
f 7750 8113 7907
f 8113 8297 8317
f 8297 8448 8317
f 8297 8312 8448
f 8312 8468 8448
f 8312 8135 8468
f 8135 8325 8468
f 8135 7849 8325
f 7849 7947 8325
f 7849 7067 7947
f 7067 7059 7947
f 7067 5563 7059
f 5563 5561 7059
f 8765 8774 8780
f 8772 8765 8780
f 8778 8780 8774
f 8772 8780 8758
f 8758 8719 8772
f 8630 8719 8758
f 8643 8719 8630
f 8643 8676 8719
f 8676 8761 8719
f 8719 8761 8772
f 8582 8643 8630
f 8668 8630 8758
f 8780 8766 8758
f 8758 8766 8668
f 8766 8683 8668
f 8688 8683 8766
f 8767 8688 8766
f 8767 8766 8780
f 8778 8767 8780
f 8643 8590 8676
f 8590 8621 8676
f 8676 8621 8629
f 8621 8575 8629
f 8629 8575 8540
f 8575 8430 8540
f 8540 8430 8414
f 8540 8414 8634
f 8414 8452 8634
f 8634 8452 8572
f 8452 8391 8572
f 8572 8391 8241
f 8375 8572 8241
f 8241 8023 8375
f 8023 8183 8375
f 8430 8334 8414
f 8414 8334 8329
f 8334 8237 8329
f 8329 8237 8242
f 8237 8116 8242
f 8242 8116 8204
f 8116 8107 8204
f 8204 8107 8314
f 8107 8249 8314
f 8314 8249 8350
f 8249 8278 8350
f 8350 8278 8265
f 8278 8168 8265
f 8265 8168 8205
f 8168 8106 8205
f 8205 8106 8283
f 8106 8198 8283
f 8283 8198 8376
f 8198 8315 8376
f 8376 8315 8466
f 8315 8388 8466
f 8466 8388 8582
f 8388 8525 8582
f 8582 8525 8643
f 8525 8590 8643
f 7555 7770 7604
f 7306 7555 7604
f 7412 7306 7604
f 7306 7412 7170
f 7555 7719 7770
f 7719 8013 7770
f 7719 7873 8013
f 7873 8185 8013
f 7873 7978 8185
f 7978 8318 8185
f 7978 8046 8318
f 8046 8396 8318
f 8046 8075 8396
f 8075 8426 8396
f 8075 8071 8426
f 8071 8392 8426
f 8071 8031 8392
f 8031 8279 8392
f 8031 8144 8279
f 8031 8006 8144
f 7873 7719 7380
f 7719 7278 7380
f 7719 7555 7278
f 7555 7046 7278
f 7278 7046 6523
f 7046 6447 6523
f 7278 6523 6558
f 7380 7278 6558
f 7380 6558 6586
f 7429 7380 6586
f 7429 6586 7441
f 6586 6632 7441
f 7429 7441 8046
f 7978 7429 8046
f 7873 7380 7429
f 7978 7873 7429
f 7441 6632 6649
f 7445 7441 6649
f 8046 7441 7445
f 8075 8046 7445
f 8071 8075 7445
f 7506 8071 7445
f 7506 7445 6649
f 6686 7506 6649
f 8031 8071 7506
f 7559 8031 7506
f 7559 7506 6686
f 6666 7559 6686
f 8031 7559 8006
f 7559 7734 8006
f 7559 7408 7734
f 7559 6666 7408
f 6327 6336 7170
f 7137 6327 7170
f 7170 6336 6826
f 6336 6385 6826
f 6826 7306 7170
f 7306 6826 7046
f 7555 7306 7046
f 6826 6385 6447
f 7046 6826 6447
f 8688 8660 8553
f 8660 8688 8767
f 8660 8767 8762
f 8767 8778 8762
f 7886 7749 8168
f 8278 7886 8168
f 6935 7749 7886
f 7097 6935 7886
f 7860 7886 8278
f 7097 7886 7860
f 8249 7860 8278
f 7080 7097 7860
f 7751 7860 8249
f 7080 7860 7751
f 8107 7751 8249
f 6893 7080 7751
f 8168 7749 8106
f 7749 7702 8106
f 7749 6935 6667
f 7702 7749 6667
f 8106 7702 8198
f 7702 7804 8198
f 8198 7804 8315
f 7804 8003 8315
f 8315 8003 8388
f 8003 8142 8388
f 7751 8107 7704
f 8107 8116 7704
f 7878 7704 8116
f 8237 7878 8116
f 8087 7878 8237
f 8334 8087 8237
f 8384 8087 8334
f 8430 8384 8334
f 8640 8384 8430
f 8575 8640 8430
f 8687 8640 8575
f 8621 8687 8575
f 8687 8621 8590
f 8642 8687 8590
f 8642 8590 8525
f 8419 8642 8525
f 8142 8419 8525
f 8388 8142 8525
f 8645 8640 8687
f 8694 8645 8687
f 8694 8687 8642
f 8546 8645 8694
f 8626 8546 8694
f 8546 8626 8113
f 8626 8297 8113
f 8626 8633 8297
f 8694 8633 8626
f 8633 8312 8297
f 8633 8538 8312
f 8538 8135 8312
f 8546 8113 7750
f 8223 8546 7750
f 8645 8546 8223
f 8538 8112 8135
f 8112 7849 8135
f 8112 7103 7849
f 7103 7067 7849
f 7103 5569 7067
f 5569 5563 7067
f 8223 7750 7455
f 7894 8223 7455
f 7894 7455 7273
f 7432 7894 7273
f 7432 7273 6588
f 6743 7432 6588
f 6743 6588 5562
f 5568 6743 5562
f 6888 7103 8112
f 8105 6888 8112
f 8105 8112 8538
f 8635 8105 8538
f 8635 8538 8633
f 8694 8635 8633
f 8635 8694 8642
f 8419 8105 8635
f 8642 8419 8635
f 8105 8419 7622
f 8419 8142 7622
f 7622 8142 8003
f 7437 7622 8003
f 7437 8003 7804
f 7303 7437 7804
f 7437 7303 6478
f 7303 6667 6478
f 6667 6260 6478
f 6478 6260 5618
f 5589 6478 5618
f 6567 7437 6478
f 7622 7437 6567
f 5585 6567 6478
f 5589 5585 6478
f 7303 7702 6667
f 7702 7303 7804
f 6625 7622 6567
f 6625 6567 5585
f 5580 6625 5585
f 7622 6625 8105
f 6625 6888 8105
f 5575 6888 6625
f 5580 5575 6625
f 6888 5575 7103
f 5575 5569 7103
f 5598 5605 6218
f 6328 5598 6218
f 6129 6218 5605
f 5619 6129 5605
f 6328 6218 7061
f 7174 6328 7061
f 6568 7061 6218
f 6129 6568 6218
f 6893 7061 6568
f 7174 7061 7704
f 7571 7174 7704
f 7878 7571 7704
f 7571 7878 8087
f 7827 7571 8087
f 7751 7061 6893
f 7061 7751 7704
f 7827 8087 8384
f 8129 7827 8384
f 8129 8384 8435
f 8384 8640 8435
f 8640 8645 8435
f 8435 8645 8223
f 8182 8435 8223
f 8182 8129 8435
f 7894 8182 8223
f 8129 7627 7827
f 7627 7409 7827
f 7409 7571 7827
f 7627 6691 7409
f 6691 6554 7409
f 7409 6554 7174
f 6554 6328 7174
f 6554 5587 6328
f 5587 5598 6328
f 5581 5587 6554
f 6691 5581 6554
f 7674 7627 8129
f 8182 7674 8129
f 6776 6691 7627
f 7674 6776 7627
f 5573 5581 6691
f 6776 5573 6691
f 7432 7674 8182
f 7894 7432 8182
f 6743 6776 7674
f 7432 6743 7674
f 5568 5573 6776
f 6743 5568 6776
f 7571 7409 7174
f 5598 5587 4907
f 5598 4907 5017
f 5605 5598 5017
f 5017 5106 5605
f 5106 5619 5605
f 5017 4907 4174
f 4907 4061 4174
f 4667 5106 5017
f 4174 4667 5017
f 4174 4342 4667
f 4174 4061 3531
f 4061 3664 3531
f 3664 3357 3531
f 3531 3357 3119
f 3357 2998 3119
f 3119 3128 3531
f 3128 3484 3531
f 4174 3484 4342
f 3484 4174 3531
f 3484 3128 2986
f 3375 3484 2986
f 3375 2986 2957
f 3349 3375 2957
f 3349 2957 3067
f 3486 3349 3067
f 3486 4300 3349
f 4300 4138 3349
f 3349 4138 3375
f 4138 4155 3375
f 3375 4155 3484
f 4155 4342 3484
f 3486 3067 3129
f 3533 3486 3129
f 3486 3533 4568
f 4300 3486 4568
f 3533 3129 3037
f 3431 3533 3037
f 3431 3037 2920
f 3232 3431 2920
f 3232 2920 2847
f 3093 3232 2847
f 3093 2847 2710
f 2816 3093 2710
f 2593 2816 2710
f 2645 2593 2710
f 2548 2593 2645
f 2614 2548 2645
f 2548 2614 2660
f 2595 2548 2660
f 2595 2660 2805
f 2851 2595 2805
f 2851 2805 2901
f 3148 2851 2901
f 3148 2901 2998
f 3357 3148 2998
f 2595 2590 2548
f 2590 2541 2548
f 2548 2541 2593
f 2590 2689 2541
f 2689 2609 2541
f 2609 2689 3122
f 2938 2609 3122
f 2602 2609 2938
f 2602 2541 2609
f 2923 2602 2938
f 2697 2602 2923
f 3100 2697 2923
f 3122 2689 3485
f 2689 3012 3485
f 2689 2590 3012
f 3123 2697 3100
f 3386 3123 3100
f 4132 3123 3386
f 4168 4132 3386
f 5569 4132 4168
f 5563 5569 4168
f 3485 3012 3780
f 3012 3341 3780
f 3780 3341 3962
f 3341 3803 3962
f 3962 3803 4647
f 3803 4492 4647
f 4647 4492 5562
f 4492 5568 5562
f 4132 4347 3123
f 4347 3130 3123
f 3123 3130 2697
f 3130 2600 2697
f 2697 2600 2602
f 2600 2541 2602
f 2541 2600 2593
f 2816 2593 2600
f 3130 2816 2600
f 2816 3130 3613
f 3093 2816 3613
f 3093 3613 3232
f 3613 3798 3232
f 3232 3798 3431
f 3798 3932 3431
f 3932 3798 4757
f 4568 3932 4757
f 4975 4568 4757
f 4975 4757 5618
f 4757 5589 5618
f 3798 4668 4757
f 3798 3613 4668
f 5585 5589 4757
f 4668 5585 4757
f 3533 3932 4568
f 3932 3533 3431
f 3613 4610 4668
f 4668 4610 5585
f 4610 5580 5585
f 4610 3613 3130
f 4347 4610 3130
f 5575 5580 4610
f 4347 5575 4610
f 5575 4347 4132
f 5569 5575 4132
f 3329 3265 2995
f 3081 3329 2995
f 3206 3329 3081
f 2992 3206 3081
f 3077 3206 2992
f 2912 3077 2992
f 3107 3077 2912
f 2942 3107 2912
f 3205 3107 2942
f 3073 3205 2942
f 3247 3205 3073
f 3057 3247 3073
f 3040 3247 3057
f 3329 3829 3265
f 3329 3206 3829
f 3829 3811 3265
f 3206 3622 3829
f 4480 3829 3622
f 4193 4480 3622
f 4193 3622 3563
f 3984 4193 3563
f 3829 4752 3811
f 4752 4674 3811
f 4752 5611 4674
f 5611 5590 4674
f 4752 4946 5611
f 3829 4480 4946
f 4752 3829 4946
f 4946 5628 5611
f 3247 3040 3218
f 3463 3247 3218
f 3463 3218 3432
f 3643 3463 3432
f 3643 3834 3463
f 3834 3669 3463
f 3463 3669 3247
f 3669 3511 3247
f 3669 4095 3511
f 4095 3805 3511
f 3247 3511 3205
f 3511 3400 3205
f 3400 3511 3805
f 3641 3400 3805
f 3805 4293 3641
f 4293 4028 3641
f 4028 3596 3641
f 3641 3596 3400
f 4028 3984 3596
f 3984 3563 3596
f 3596 3563 3325
f 3596 3325 3400
f 3563 3077 3325
f 3077 3107 3325
f 3107 3205 3400
f 3325 3107 3400
f 3206 3077 3563
f 3622 3206 3563
f 4595 3805 4095
f 3805 4595 4293
f 3984 4028 4201
f 4173 3984 4201
f 4193 3984 4173
f 4321 4193 4173
f 4480 4193 4321
f 4594 4480 4321
f 4946 4480 4594
f 5003 4946 4594
f 5628 4946 5003
f 5622 5628 5003
f 5003 4975 5622
f 4975 5618 5622
f 4568 4975 5003
f 4594 4568 5003
f 4300 4568 4594
f 4321 4300 4594
f 4138 4300 4321
f 4173 4138 4321
f 4155 4138 4173
f 4201 4155 4173
f 4342 4155 4201
f 4381 4342 4201
f 4201 4028 4381
f 4028 4293 4381
f 4381 4293 4689
f 4293 4595 4689
f 4667 4342 4381
f 4689 4667 4381
f 4689 4595 5109
f 4595 5058 5109
f 5106 4667 4689
f 5109 5106 4689
f 5109 5058 5623
f 5619 5106 5109
f 5623 5619 5109
f 4275 5578 5576
f 4235 4275 5576
f 5576 5574 4235
f 2815 3331 3282
f 2707 2815 3282
f 3282 3285 2707
f 3285 2682 2707
f 2567 2815 2707
f 2552 2567 2707
f 2707 2682 2552
f 2682 2547 2552
f 2552 2469 2567
f 2552 2547 2469
f 2469 2477 2567
f 2605 2567 2477
f 2516 2605 2477
f 2516 2592 2605
f 2559 2592 2516
f 2474 2559 2516
f 2592 2653 2605
f 2516 2477 2463
f 2474 2516 2463
f 2455 2463 2477
f 2469 2455 2477
f 2547 2468 2469
f 2469 2468 2455
f 2468 2457 2455
f 2645 2592 2559
f 2614 2645 2559
f 2614 2559 2606
f 2660 2614 2606
f 2660 2606 2695
f 2805 2660 2695
f 2805 2695 2821
f 2901 2805 2821
f 2901 2821 2906
f 2998 2901 2906
f 2998 2906 2993
f 3119 2998 2993
f 3119 2993 3031
f 3128 3119 3031
f 3128 3031 2921
f 2986 3128 2921
f 2986 2921 2885
f 2957 2986 2885
f 2957 2885 2970
f 3067 2957 2970
f 3067 2970 3030
f 3129 3067 3030
f 3129 3030 2952
f 3037 3129 2952
f 3037 2952 2859
f 2920 3037 2859
f 2920 2859 2769
f 2847 2920 2769
f 2847 2769 2653
f 2710 2847 2653
f 2710 2653 2592
f 2645 2710 2592
f 4850 5603 5610
f 4899 4850 5610
f 4850 4788 5603
f 4788 5591 5603
f 5588 5591 4788
f 4712 5588 4788
f 5584 5588 4712
f 4677 5584 4712
f 4677 4649 5584
f 4649 5582 5584
f 4649 4603 5582
f 4603 5579 5582
f 4603 4586 5579
f 4586 5577 5579
f 5572 5577 4586
f 4549 5572 4586
f 5570 5572 4549
f 4569 5570 4549
f 5570 4569 4559
f 5566 5570 4559
f 4712 3957 4677
f 4189 3957 4712
f 4189 3680 3957
f 3680 3516 3957
f 3516 3680 3465
f 3465 3680 3631
f 3680 3929 3631
f 3929 3680 4189
f 3929 3823 3631
f 3823 3929 4065
f 3222 3516 3465
f 3362 3516 3222
f 3050 3362 3222
f 3257 3362 3050
f 2917 3257 3050
f 3189 3257 2917
f 2839 3189 2917
f 3160 3189 2839
f 2809 3160 2839
f 3164 3160 2809
f 2843 3164 2809
f 3204 3164 2843
f 2956 3204 2843
f 3091 3204 2956
f 3229 3204 3091
f 3806 3257 3189
f 3362 3257 3806
f 3794 3806 3189
f 4649 3806 3794
f 4603 4649 3794
f 3855 3806 4649
f 4677 3855 4649
f 3957 3855 4677
f 3957 3516 3855
f 3516 3362 3855
f 3855 3362 3806
f 4603 3794 4586
f 3794 3790 4586
f 3794 3189 3790
f 3189 3160 3790
f 3160 3164 3790
f 3164 3729 3790
f 3790 3729 4586
f 3729 4549 4586
f 3164 3204 3729
f 3204 3676 3729
f 3729 3676 4549
f 3676 4569 4549
f 3676 3204 3229
f 3501 3676 3229
f 3827 3676 3501
f 4569 3676 3827
f 4559 4569 3827
f 4899 4065 4409
f 4850 4899 4409
f 3929 4409 4065
f 4409 3929 4189
f 4409 4189 4788
f 4850 4409 4788
f 4788 4189 4712
f 2923 2938 2787
f 2767 2923 2787
f 3100 2923 2767
f 2910 3100 2767
f 3386 3100 2910
f 3288 3386 2910
f 4168 3386 3288
f 4176 4168 3288
f 5563 4168 4176
f 5561 5563 4176
f 2575 2547 2682
f 2547 2575 2468
f 2468 2575 2473
f 2457 2468 2473
f 3664 3408 3148
f 3357 3664 3148
f 3148 3408 2851
f 3408 3106 2851
f 2851 3106 2800
f 2595 2851 2800
f 2590 2595 2800
f 2590 2800 3012
f 2800 3053 3012
f 3106 3053 2800
f 3053 3341 3012
f 3608 3106 3408
f 3826 3608 3408
f 3664 3826 3408
f 4544 3608 3826
f 4681 4544 3826
f 4681 3826 4061
f 3826 3664 4061
f 4907 4681 4061
f 5587 4681 4907
f 5581 4544 4681
f 5587 5581 4681
f 3561 3053 3106
f 3608 3561 3106
f 4459 3561 3608
f 4544 4459 3608
f 5573 4459 4544
f 5581 5573 4544
f 3803 3341 3053
f 3561 3803 3053
f 4492 3803 3561
f 4459 4492 3561
f 5568 4492 4459
f 5573 5568 4459
f 6239 6079 6160
f 6349 6239 6160
f 6239 6001 6079
f 6001 5893 6079
f 6001 5525 5893
f 5525 5527 5893
f 6349 6160 6077
f 6237 6349 6077
f 6237 6077 5891
f 5999 6237 5891
f 5999 5891 5523
f 5519 5999 5523
f 5519 5523 5347
f 5235 5519 5347
f 5235 5347 5157
f 4997 5235 5157
f 4997 5157 5076
f 4887 4997 5076
f 4887 5076 5159
f 4999 4887 5159
f 4999 5159 5349
f 5237 4999 5349
f 5237 5349 5527
f 5525 5237 5527
f 5998 5999 5519
f 5998 6236 5999
f 5518 5998 5519
f 5518 5519 5235
f 5234 5518 5235
f 5234 5235 4997
f 4996 5234 4997
f 4996 4997 4887
f 4886 4996 4887
f 4886 4887 4999
f 4998 4886 4999
f 4998 4999 5237
f 5236 4998 5237
f 5236 5237 5525
f 5524 5236 5525
f 5348 5236 5524
f 5526 5348 5524
f 5158 4998 5236
f 5348 5158 5236
f 5075 4886 4998
f 5158 5075 4998
f 5156 4996 4886
f 5075 5156 4886
f 5346 5234 4996
f 5156 5346 4996
f 5522 5518 5234
f 5346 5522 5234
f 5890 5998 5518
f 5522 5890 5518
f 6236 6348 6237
f 6348 6349 6237
f 6236 6237 5999
f 6348 6238 6349
f 6238 6239 6349
f 6238 6000 6239
f 6000 6001 6239
f 6000 5524 6001
f 5524 5525 6001
f 6078 6238 6348
f 6159 6078 6348
f 6159 6348 6236
f 5892 6000 6238
f 6078 5892 6238
f 5526 5524 6000
f 5892 5526 6000
f 6076 6159 6236
f 6076 6236 5998
f 5890 6076 5998
f 9521 9571 9581
f 9521 9517 9571
f 9521 9581 9573
f 9521 9573 9529
f 9521 9529 9466
f 9521 9466 9455
f 9521 9455 9462
f 9521 9462 9517
f 9581 9571 9647
f 9571 9591 9647
f 9571 9517 9591
f 9517 9513 9591
f 9517 9462 9513
f 9462 9431 9513
f 9462 9455 9431
f 9455 9384 9431
f 9455 9466 9384
f 9466 9434 9384
f 9466 9529 9434
f 9529 9535 9434
f 9529 9573 9535
f 9573 9595 9535
f 9581 9647 9595
f 9573 9581 9595
f 9647 9591 9668
f 9591 9635 9668
f 9591 9513 9635
f 9513 9514 9635
f 9513 9431 9514
f 9431 9394 9514
f 9431 9384 9394
f 9384 9355 9394
f 9384 9434 9355
f 9434 9400 9355
f 9434 9535 9400
f 9535 9541 9400
f 9535 9595 9541
f 9595 9639 9541
f 9647 9668 9639
f 9595 9647 9639
f 9668 9635 9675
f 9635 9645 9675
f 9635 9514 9645
f 9514 9518 9645
f 9514 9394 9518
f 9394 9383 9518
f 9394 9355 9383
f 9355 9340 9383
f 9355 9400 9340
f 9400 9388 9340
f 9400 9541 9388
f 9541 9547 9388
f 9541 9639 9547
f 9639 9650 9547
f 9668 9675 9650
f 9639 9668 9650
f 9675 9645 9669
f 9645 9637 9669
f 9645 9518 9637
f 9518 9522 9637
f 9518 9383 9522
f 9383 9395 9522
f 9383 9340 9395
f 9340 9356 9395
f 9340 9388 9356
f 9388 9406 9356
f 9388 9547 9406
f 9547 9555 9406
f 9547 9650 9555
f 9650 9640 9555
f 9675 9669 9640
f 9650 9675 9640
f 9669 9637 9649
f 9637 9594 9649
f 9637 9522 9594
f 9522 9530 9594
f 9522 9395 9530
f 9395 9433 9530
f 9395 9356 9433
f 9356 9386 9433
f 9356 9406 9386
f 9406 9437 9386
f 9406 9555 9437
f 9555 9556 9437
f 9555 9640 9556
f 9640 9597 9556
f 9669 9649 9597
f 9640 9669 9597
f 9649 9594 9583
f 9594 9575 9583
f 9594 9530 9575
f 9530 9536 9575
f 9530 9433 9536
f 9433 9468 9536
f 9433 9386 9468
f 9386 9457 9468
f 9386 9437 9457
f 9437 9470 9457
f 9437 9556 9470
f 9556 9548 9470
f 9556 9597 9548
f 9597 9577 9548
f 9649 9583 9577
f 9597 9649 9577
f 9575 9542 9583
f 9536 9542 9575
f 9468 9542 9536
f 9457 9542 9468
f 9470 9542 9457
f 9548 9542 9470
f 9577 9542 9548
f 9583 9542 9577
f 9519 9570 9580
f 9519 9515 9570
f 9519 9580 9572
f 9519 9572 9525
f 9519 9525 9467
f 9519 9467 9456
f 9519 9456 9465
f 9519 9465 9515
f 9580 9570 9644
f 9570 9590 9644
f 9570 9515 9590
f 9515 9511 9590
f 9515 9465 9511
f 9465 9432 9511
f 9465 9456 9432
f 9456 9387 9432
f 9456 9467 9387
f 9467 9436 9387
f 9467 9525 9436
f 9525 9533 9436
f 9525 9572 9533
f 9572 9593 9533
f 9580 9644 9593
f 9572 9580 9593
f 9644 9590 9666
f 9590 9631 9666
f 9590 9511 9631
f 9511 9512 9631
f 9511 9432 9512
f 9432 9397 9512
f 9432 9387 9397
f 9387 9357 9397
f 9387 9436 9357
f 9436 9407 9357
f 9436 9533 9407
f 9533 9539 9407
f 9533 9593 9539
f 9593 9636 9539
f 9644 9666 9636
f 9593 9644 9636
f 9666 9631 9674
f 9631 9643 9674
f 9631 9512 9643
f 9512 9516 9643
f 9512 9397 9516
f 9397 9385 9516
f 9397 9357 9385
f 9357 9341 9385
f 9357 9407 9341
f 9407 9390 9341
f 9407 9539 9390
f 9539 9545 9390
f 9539 9636 9545
f 9636 9648 9545
f 9666 9674 9648
f 9636 9666 9648
f 9674 9643 9667
f 9643 9632 9667
f 9643 9516 9632
f 9516 9520 9632
f 9516 9385 9520
f 9385 9401 9520
f 9385 9341 9401
f 9341 9358 9401
f 9341 9390 9358
f 9390 9408 9358
f 9390 9545 9408
f 9545 9551 9408
f 9545 9648 9551
f 9648 9638 9551
f 9674 9667 9638
f 9648 9674 9638
f 9667 9632 9646
f 9632 9592 9646
f 9632 9520 9592
f 9520 9527 9592
f 9520 9401 9527
f 9401 9435 9527
f 9401 9358 9435
f 9358 9389 9435
f 9358 9408 9389
f 9408 9450 9389
f 9408 9551 9450
f 9551 9552 9450
f 9551 9638 9552
f 9638 9596 9552
f 9667 9646 9596
f 9638 9667 9596
f 9646 9592 9582
f 9592 9574 9582
f 9592 9527 9574
f 9527 9534 9574
f 9527 9435 9534
f 9435 9469 9534
f 9435 9389 9469
f 9389 9458 9469
f 9389 9450 9458
f 9450 9471 9458
f 9450 9552 9471
f 9552 9546 9471
f 9552 9596 9546
f 9596 9576 9546
f 9646 9582 9576
f 9596 9646 9576
f 9574 9540 9582
f 9534 9540 9574
f 9469 9540 9534
f 9458 9540 9469
f 9471 9540 9458
f 9546 9540 9471
f 9576 9540 9546
f 9582 9540 9576
f 9531 9566 9578
f 9531 9526 9566
f 9531 9578 9567
f 9531 9567 9537
f 9531 9537 9473
f 9531 9473 9460
f 9531 9460 9472
f 9531 9472 9526
f 9578 9566 9626
f 9566 9586 9626
f 9566 9526 9586
f 9526 9523 9586
f 9526 9472 9523
f 9472 9451 9523
f 9472 9460 9451
f 9460 9414 9451
f 9460 9473 9414
f 9473 9453 9414
f 9473 9537 9453
f 9537 9543 9453
f 9537 9567 9543
f 9567 9588 9543
f 9578 9626 9588
f 9567 9578 9588
f 9626 9586 9657
f 9586 9611 9657
f 9586 9523 9611
f 9523 9524 9611
f 9523 9451 9524
f 9451 9427 9524
f 9451 9414 9427
f 9414 9375 9427
f 9414 9453 9375
f 9453 9429 9375
f 9453 9543 9429
f 9543 9553 9429
f 9543 9588 9553
f 9588 9613 9553
f 9626 9657 9613
f 9588 9626 9613
f 9657 9611 9661
f 9611 9623 9661
f 9611 9524 9623
f 9524 9528 9623
f 9524 9427 9528
f 9427 9413 9528
f 9427 9375 9413
f 9375 9373 9413
f 9375 9429 9373
f 9429 9416 9373
f 9429 9553 9416
f 9553 9557 9416
f 9553 9613 9557
f 9613 9628 9557
f 9657 9661 9628
f 9613 9657 9628
f 9661 9623 9660
f 9623 9612 9660
f 9623 9528 9612
f 9528 9532 9612
f 9528 9413 9532
f 9413 9428 9532
f 9413 9373 9428
f 9373 9376 9428
f 9373 9416 9376
f 9416 9430 9376
f 9416 9557 9430
f 9557 9559 9430
f 9557 9628 9559
f 9628 9614 9559
f 9661 9660 9614
f 9628 9661 9614
f 9660 9612 9627
f 9612 9587 9627
f 9612 9532 9587
f 9532 9538 9587
f 9532 9428 9538
f 9428 9452 9538
f 9428 9376 9452
f 9376 9415 9452
f 9376 9430 9415
f 9430 9454 9415
f 9430 9559 9454
f 9559 9560 9454
f 9559 9614 9560
f 9614 9589 9560
f 9660 9627 9589
f 9614 9660 9589
f 9627 9587 9579
f 9587 9568 9579
f 9587 9538 9568
f 9538 9544 9568
f 9538 9452 9544
f 9452 9474 9544
f 9452 9415 9474
f 9415 9461 9474
f 9415 9454 9461
f 9454 9475 9461
f 9454 9560 9475
f 9560 9558 9475
f 9560 9589 9558
f 9589 9569 9558
f 9627 9579 9569
f 9589 9627 9569
f 9568 9554 9579
f 9544 9554 9568
f 9474 9554 9544
f 9461 9554 9474
f 9475 9554 9461
f 9558 9554 9475
f 9569 9554 9558
f 9579 9554 9569
f 10060 10042 10044
f 10060 10040 10042
f 10060 10044 10046
f 10060 10046 10045
f 10060 10045 10043
f 10060 10043 10041
f 10060 10041 10039
f 10060 10039 10040
f 10044 10042 9996
f 10042 9994 9996
f 10042 10040 9994
f 10040 9992 9994
f 10040 10039 9992
f 10039 9991 9992
f 10039 10041 9991
f 10041 9993 9991
f 10041 10043 9993
f 10043 9995 9993
f 10043 10045 9995
f 10045 9997 9995
f 10045 10046 9997
f 10046 9998 9997
f 10044 9996 9998
f 10046 10044 9998
f 9996 9994 9921
f 9994 9919 9921
f 9994 9992 9919
f 9992 9915 9919
f 9992 9991 9915
f 9991 9914 9915
f 9991 9993 9914
f 9993 9918 9914
f 9993 9995 9918
f 9995 9920 9918
f 9995 9997 9920
f 9997 9922 9920
f 9997 9998 9922
f 9998 9923 9922
f 9996 9921 9923
f 9998 9996 9923
f 9921 9919 9850
f 9919 9847 9850
f 9919 9915 9847
f 9915 9843 9847
f 9915 9914 9843
f 9914 9842 9843
f 9914 9918 9842
f 9918 9846 9842
f 9918 9920 9846
f 9920 9848 9846
f 9920 9922 9848
f 9922 9851 9848
f 9922 9923 9851
f 9923 9852 9851
f 9921 9850 9852
f 9923 9921 9852
f 9850 9847 9800
f 9847 9796 9800
f 9847 9843 9796
f 9843 9794 9796
f 9843 9842 9794
f 9842 9793 9794
f 9842 9846 9793
f 9846 9795 9793
f 9846 9848 9795
f 9848 9799 9795
f 9848 9851 9799
f 9851 9802 9799
f 9851 9852 9802
f 9852 9803 9802
f 9850 9800 9803
f 9852 9850 9803
f 9800 9796 9762
f 9796 9760 9762
f 9796 9794 9760
f 9794 9758 9760
f 9794 9793 9758
f 9793 9757 9758
f 9793 9795 9757
f 9795 9759 9757
f 9795 9799 9759
f 9799 9761 9759
f 9799 9802 9761
f 9802 9763 9761
f 9802 9803 9763
f 9803 9764 9763
f 9800 9762 9764
f 9803 9800 9764
f 9762 9760 9731
f 9760 9729 9731
f 9760 9758 9729
f 9758 9727 9729
f 9758 9757 9727
f 9757 9726 9727
f 9757 9759 9726
f 9759 9728 9726
f 9759 9761 9728
f 9761 9730 9728
f 9761 9763 9730
f 9763 9734 9730
f 9763 9764 9734
f 9764 9735 9734
f 9762 9731 9735
f 9764 9762 9735
f 9729 9712 9731
f 9727 9712 9729
f 9726 9712 9727
f 9728 9712 9726
f 9730 9712 9728
f 9734 9712 9730
f 9735 9712 9734
f 9731 9712 9735
f 10400 10397 10398
f 10400 10395 10397
f 10400 10398 10396
f 10400 10396 10394
f 10400 10394 10392
f 10400 10392 10391
f 10400 10391 10393
f 10400 10393 10395
f 10398 10397 10361
f 10397 10360 10361
f 10397 10395 10360
f 10395 10358 10360
f 10395 10393 10358
f 10393 10356 10358
f 10393 10391 10356
f 10391 10354 10356
f 10391 10392 10354
f 10392 10355 10354
f 10392 10394 10355
f 10394 10357 10355
f 10394 10396 10357
f 10396 10359 10357
f 10398 10361 10359
f 10396 10398 10359
f 10361 10360 10319
f 10360 10318 10319
f 10360 10358 10318
f 10358 10316 10318
f 10358 10356 10316
f 10356 10314 10316
f 10356 10354 10314
f 10354 10312 10314
f 10354 10355 10312
f 10355 10313 10312
f 10355 10357 10313
f 10357 10315 10313
f 10357 10359 10315
f 10359 10317 10315
f 10361 10319 10317
f 10359 10361 10317
f 10319 10318 10269
f 10318 10268 10269
f 10318 10316 10268
f 10316 10266 10268
f 10316 10314 10266
f 10314 10264 10266
f 10314 10312 10264
f 10312 10262 10264
f 10312 10313 10262
f 10313 10263 10262
f 10313 10315 10263
f 10315 10265 10263
f 10315 10317 10265
f 10317 10267 10265
f 10319 10269 10267
f 10317 10319 10267
f 10269 10268 10220
f 10268 10219 10220
f 10268 10266 10219
f 10266 10217 10219
f 10266 10264 10217
f 10264 10215 10217
f 10264 10262 10215
f 10262 10213 10215
f 10262 10263 10213
f 10263 10214 10213
f 10263 10265 10214
f 10265 10216 10214
f 10265 10267 10216
f 10267 10218 10216
f 10269 10220 10218
f 10267 10269 10218
f 10220 10219 10164
f 10219 10163 10164
f 10219 10217 10163
f 10217 10161 10163
f 10217 10215 10161
f 10215 10159 10161
f 10215 10213 10159
f 10213 10157 10159
f 10213 10214 10157
f 10214 10158 10157
f 10214 10216 10158
f 10216 10160 10158
f 10216 10218 10160
f 10218 10162 10160
f 10220 10164 10162
f 10218 10220 10162
f 10164 10163 10135
f 10163 10134 10135
f 10163 10161 10134
f 10161 10132 10134
f 10161 10159 10132
f 10159 10130 10132
f 10159 10157 10130
f 10157 10128 10130
f 10157 10158 10128
f 10158 10129 10128
f 10158 10160 10129
f 10160 10131 10129
f 10160 10162 10131
f 10162 10133 10131
f 10164 10135 10133
f 10162 10164 10133
f 10134 10119 10135
f 10132 10119 10134
f 10130 10119 10132
f 10128 10119 10130
f 10129 10119 10128
f 10131 10119 10129
f 10133 10119 10131
f 10135 10119 10133
f 10713 10708 10710
f 10713 10706 10708
f 10713 10710 10711
f 10713 10711 10709
f 10713 10709 10707
f 10713 10707 10705
f 10713 10705 10704
f 10713 10704 10706
f 10710 10708 10694
f 10708 10692 10694
f 10708 10706 10692
f 10706 10690 10692
f 10706 10704 10690
f 10704 10688 10690
f 10704 10705 10688
f 10705 10689 10688
f 10705 10707 10689
f 10707 10691 10689
f 10707 10709 10691
f 10709 10693 10691
f 10709 10711 10693
f 10711 10695 10693
f 10710 10694 10695
f 10711 10710 10695
f 10694 10692 10657
f 10692 10655 10657
f 10692 10690 10655
f 10690 10653 10655
f 10690 10688 10653
f 10688 10651 10653
f 10688 10689 10651
f 10689 10652 10651
f 10689 10691 10652
f 10691 10654 10652
f 10691 10693 10654
f 10693 10656 10654
f 10693 10695 10656
f 10695 10658 10656
f 10694 10657 10658
f 10695 10694 10658
f 10657 10655 10633
f 10655 10631 10633
f 10655 10653 10631
f 10653 10629 10631
f 10653 10651 10629
f 10651 10627 10629
f 10651 10652 10627
f 10652 10628 10627
f 10652 10654 10628
f 10654 10630 10628
f 10654 10656 10630
f 10656 10632 10630
f 10656 10658 10632
f 10658 10634 10632
f 10657 10633 10634
f 10658 10657 10634
f 10633 10631 10571
f 10631 10569 10571
f 10631 10629 10569
f 10629 10567 10569
f 10629 10627 10567
f 10627 10565 10567
f 10627 10628 10565
f 10628 10566 10565
f 10628 10630 10566
f 10630 10568 10566
f 10630 10632 10568
f 10632 10570 10568
f 10632 10634 10570
f 10634 10572 10570
f 10633 10571 10572
f 10634 10633 10572
f 10571 10569 10522
f 10569 10520 10522
f 10569 10567 10520
f 10567 10518 10520
f 10567 10565 10518
f 10565 10516 10518
f 10565 10566 10516
f 10566 10517 10516
f 10566 10568 10517
f 10568 10519 10517
f 10568 10570 10519
f 10570 10521 10519
f 10570 10572 10521
f 10572 10535 10521
f 10571 10522 10535
f 10572 10571 10535
f 10522 10520 10494
f 10520 10492 10494
f 10520 10518 10492
f 10518 10490 10492
f 10518 10516 10490
f 10516 10488 10490
f 10516 10517 10488
f 10517 10489 10488
f 10517 10519 10489
f 10519 10491 10489
f 10519 10521 10491
f 10521 10493 10491
f 10521 10535 10493
f 10535 10495 10493
f 10522 10494 10495
f 10535 10522 10495
f 10492 10479 10494
f 10490 10479 10492
f 10488 10479 10490
f 10489 10479 10488
f 10491 10479 10489
f 10493 10479 10491
f 10495 10479 10493
f 10494 10479 10495
f 10047 10034 10036
f 10047 10032 10034
f 10047 10036 10038
f 10047 10038 10037
f 10047 10037 10035
f 10047 10035 10033
f 10047 10033 10031
f 10047 10031 10032
f 10036 10034 9984
f 10034 9982 9984
f 10034 10032 9982
f 10032 9967 9982
f 10032 10031 9967
f 10031 9966 9967
f 10031 10033 9966
f 10033 9981 9966
f 10033 10035 9981
f 10035 9983 9981
f 10035 10037 9983
f 10037 9989 9983
f 10037 10038 9989
f 10038 9990 9989
f 10036 9984 9990
f 10038 10036 9990
f 9984 9982 9911
f 9982 9909 9911
f 9982 9967 9909
f 9967 9907 9909
f 9967 9966 9907
f 9966 9906 9907
f 9966 9981 9906
f 9981 9908 9906
f 9981 9983 9908
f 9983 9910 9908
f 9983 9989 9910
f 9989 9912 9910
f 9989 9990 9912
f 9990 9913 9912
f 9984 9911 9913
f 9990 9984 9913
f 9911 9909 9837
f 9909 9835 9837
f 9909 9907 9835
f 9907 9832 9835
f 9907 9906 9832
f 9906 9831 9832
f 9906 9908 9831
f 9908 9834 9831
f 9908 9910 9834
f 9910 9836 9834
f 9910 9912 9836
f 9912 9838 9836
f 9912 9913 9838
f 9913 9839 9838
f 9911 9837 9839
f 9913 9911 9839
f 9837 9835 9790
f 9835 9788 9790
f 9835 9832 9788
f 9832 9786 9788
f 9832 9831 9786
f 9831 9785 9786
f 9831 9834 9785
f 9834 9787 9785
f 9834 9836 9787
f 9836 9789 9787
f 9836 9838 9789
f 9838 9791 9789
f 9838 9839 9791
f 9839 9792 9791
f 9837 9790 9792
f 9839 9837 9792
f 9790 9788 9752
f 9788 9748 9752
f 9788 9786 9748
f 9786 9746 9748
f 9786 9785 9746
f 9785 9745 9746
f 9785 9787 9745
f 9787 9747 9745
f 9787 9789 9747
f 9789 9751 9747
f 9789 9791 9751
f 9791 9753 9751
f 9791 9792 9753
f 9792 9754 9753
f 9790 9752 9754
f 9792 9790 9754
f 9752 9748 9722
f 9748 9720 9722
f 9748 9746 9720
f 9746 9718 9720
f 9746 9745 9718
f 9745 9717 9718
f 9745 9747 9717
f 9747 9719 9717
f 9747 9751 9719
f 9751 9721 9719
f 9751 9753 9721
f 9753 9723 9721
f 9753 9754 9723
f 9754 9724 9723
f 9752 9722 9724
f 9754 9752 9724
f 9720 9711 9722
f 9718 9711 9720
f 9717 9711 9718
f 9719 9711 9717
f 9721 9711 9719
f 9723 9711 9721
f 9724 9711 9723
f 9722 9711 9724
f 10399 10376 10377
f 10399 10374 10376
f 10399 10377 10375
f 10399 10375 10373
f 10399 10373 10371
f 10399 10371 10370
f 10399 10370 10372
f 10399 10372 10374
f 10377 10376 10353
f 10376 10352 10353
f 10376 10374 10352
f 10374 10350 10352
f 10374 10372 10350
f 10372 10348 10350
f 10372 10370 10348
f 10370 10346 10348
f 10370 10371 10346
f 10371 10347 10346
f 10371 10373 10347
f 10373 10349 10347
f 10373 10375 10349
f 10375 10351 10349
f 10377 10353 10351
f 10375 10377 10351
f 10353 10352 10311
f 10352 10310 10311
f 10352 10350 10310
f 10350 10295 10310
f 10350 10348 10295
f 10348 10293 10295
f 10348 10346 10293
f 10346 10289 10293
f 10346 10347 10289
f 10347 10290 10289
f 10347 10349 10290
f 10349 10294 10290
f 10349 10351 10294
f 10351 10296 10294
f 10353 10311 10296
f 10351 10353 10296
f 10311 10310 10248
f 10310 10247 10248
f 10310 10295 10247
f 10295 10245 10247
f 10295 10293 10245
f 10293 10243 10245
f 10293 10289 10243
f 10289 10241 10243
f 10289 10290 10241
f 10290 10242 10241
f 10290 10294 10242
f 10294 10244 10242
f 10294 10296 10244
f 10296 10246 10244
f 10311 10248 10246
f 10296 10311 10246
f 10248 10247 10212
f 10247 10211 10212
f 10247 10245 10211
f 10245 10209 10211
f 10245 10243 10209
f 10243 10207 10209
f 10243 10241 10207
f 10241 10203 10207
f 10241 10242 10203
f 10242 10204 10203
f 10242 10244 10204
f 10244 10208 10204
f 10244 10246 10208
f 10246 10210 10208
f 10248 10212 10210
f 10246 10248 10210
f 10212 10211 10156
f 10211 10155 10156
f 10211 10209 10155
f 10209 10153 10155
f 10209 10207 10153
f 10207 10150 10153
f 10207 10203 10150
f 10203 10148 10150
f 10203 10204 10148
f 10204 10149 10148
f 10204 10208 10149
f 10208 10151 10149
f 10208 10210 10151
f 10210 10154 10151
f 10212 10156 10154
f 10210 10212 10154
f 10156 10155 10127
f 10155 10126 10127
f 10155 10153 10126
f 10153 10124 10126
f 10153 10150 10124
f 10150 10122 10124
f 10150 10148 10122
f 10148 10120 10122
f 10148 10149 10120
f 10149 10121 10120
f 10149 10151 10121
f 10151 10123 10121
f 10151 10154 10123
f 10154 10125 10123
f 10156 10127 10125
f 10154 10156 10125
f 10126 10118 10127
f 10124 10118 10126
f 10122 10118 10124
f 10120 10118 10122
f 10121 10118 10120
f 10123 10118 10121
f 10125 10118 10123
f 10127 10118 10125
f 10712 10700 10702
f 10712 10698 10700
f 10712 10702 10703
f 10712 10703 10701
f 10712 10701 10699
f 10712 10699 10697
f 10712 10697 10696
f 10712 10696 10698
f 10702 10700 10686
f 10700 10684 10686
f 10700 10698 10684
f 10698 10682 10684
f 10698 10696 10682
f 10696 10680 10682
f 10696 10697 10680
f 10697 10681 10680
f 10697 10699 10681
f 10699 10683 10681
f 10699 10701 10683
f 10701 10685 10683
f 10701 10703 10685
f 10703 10687 10685
f 10702 10686 10687
f 10703 10702 10687
f 10686 10684 10649
f 10684 10647 10649
f 10684 10682 10647
f 10682 10645 10647
f 10682 10680 10645
f 10680 10643 10645
f 10680 10681 10643
f 10681 10644 10643
f 10681 10683 10644
f 10683 10646 10644
f 10683 10685 10646
f 10685 10648 10646
f 10685 10687 10648
f 10687 10650 10648
f 10686 10649 10650
f 10687 10686 10650
f 10649 10647 10612
f 10647 10610 10612
f 10647 10645 10610
f 10645 10608 10610
f 10645 10643 10608
f 10643 10606 10608
f 10643 10644 10606
f 10644 10607 10606
f 10644 10646 10607
f 10646 10609 10607
f 10646 10648 10609
f 10648 10611 10609
f 10648 10650 10611
f 10650 10613 10611
f 10649 10612 10613
f 10650 10649 10613
f 10612 10610 10555
f 10610 10553 10555
f 10610 10608 10553
f 10608 10551 10553
f 10608 10606 10551
f 10606 10549 10551
f 10606 10607 10549
f 10607 10550 10549
f 10607 10609 10550
f 10609 10552 10550
f 10609 10611 10552
f 10611 10554 10552
f 10611 10613 10554
f 10613 10556 10554
f 10612 10555 10556
f 10613 10612 10556
f 10555 10553 10502
f 10553 10500 10502
f 10553 10551 10500
f 10551 10498 10500
f 10551 10549 10498
f 10549 10496 10498
f 10549 10550 10496
f 10550 10497 10496
f 10550 10552 10497
f 10552 10499 10497
f 10552 10554 10499
f 10554 10501 10499
f 10554 10556 10501
f 10556 10503 10501
f 10555 10502 10503
f 10556 10555 10503
f 10502 10500 10486
f 10500 10484 10486
f 10500 10498 10484
f 10498 10482 10484
f 10498 10496 10482
f 10496 10480 10482
f 10496 10497 10480
f 10497 10481 10480
f 10497 10499 10481
f 10499 10483 10481
f 10499 10501 10483
f 10501 10485 10483
f 10501 10503 10485
f 10503 10487 10485
f 10502 10486 10487
f 10503 10502 10487
f 10484 10478 10486
f 10482 10478 10484
f 10480 10478 10482
f 10481 10478 10480
f 10483 10478 10481
f 10485 10478 10483
f 10487 10478 10485
f 10486 10478 10487
f 1605 1661 1595
f 1665 1661 1605
f 1595 1661 1603
f 1603 1661 1653
f 1653 1661 1726
f 1726 1661 1751
f 1751 1661 1730
f 1730 1661 1665
f 1605 1595 1507
f 1585 1605 1507
f 1665 1605 1585
f 1669 1665 1585
f 1730 1665 1669
f 1775 1730 1669
f 1751 1730 1775
f 1829 1751 1775
f 1726 1751 1829
f 1772 1726 1829
f 1653 1726 1772
f 1645 1653 1772
f 1603 1653 1645
f 1581 1603 1645
f 1595 1603 1581
f 1507 1595 1581
f 1585 1507 1482
f 1519 1585 1482
f 1669 1585 1519
f 1668 1669 1519
f 1775 1669 1668
f 1819 1775 1668
f 1829 1775 1819
f 1859 1829 1819
f 1772 1829 1859
f 1813 1772 1859
f 1645 1772 1813
f 1639 1645 1813
f 1581 1645 1639
f 1515 1581 1639
f 1507 1581 1515
f 1482 1507 1515
f 1519 1482 1475
f 1509 1519 1475
f 1668 1519 1509
f 1664 1668 1509
f 1819 1668 1664
f 1830 1819 1664
f 1859 1819 1830
f 1874 1859 1830
f 1813 1859 1874
f 1825 1813 1874
f 1639 1813 1825
f 1633 1639 1825
f 1515 1639 1633
f 1504 1515 1633
f 1482 1515 1504
f 1475 1482 1504
f 1509 1475 1481
f 1517 1509 1481
f 1664 1509 1517
f 1660 1664 1517
f 1830 1664 1660
f 1818 1830 1660
f 1874 1830 1818
f 1858 1874 1818
f 1825 1874 1858
f 1803 1825 1858
f 1633 1825 1803
f 1625 1633 1803
f 1504 1633 1625
f 1514 1504 1625
f 1475 1504 1514
f 1481 1475 1514
f 1517 1481 1505
f 1582 1517 1505
f 1660 1517 1582
f 1652 1660 1582
f 1818 1660 1652
f 1773 1818 1652
f 1858 1818 1773
f 1827 1858 1773
f 1803 1858 1827
f 1769 1803 1827
f 1625 1803 1769
f 1624 1625 1769
f 1514 1625 1624
f 1579 1514 1624
f 1481 1514 1579
f 1505 1481 1579
f 1582 1505 1593
f 1601 1582 1593
f 1652 1582 1601
f 1644 1652 1601
f 1773 1652 1644
f 1724 1773 1644
f 1827 1773 1724
f 1747 1827 1724
f 1769 1827 1747
f 1722 1769 1747
f 1624 1769 1722
f 1632 1624 1722
f 1579 1624 1632
f 1599 1579 1632
f 1505 1579 1599
f 1593 1505 1599
f 1638 1601 1593
f 1638 1644 1601
f 1638 1724 1644
f 1638 1747 1724
f 1638 1722 1747
f 1638 1632 1722
f 1638 1599 1632
f 1638 1593 1599
f 1606 1663 1596
f 1667 1663 1606
f 1596 1663 1604
f 1604 1663 1657
f 1657 1663 1725
f 1725 1663 1748
f 1748 1663 1727
f 1727 1663 1667
f 1606 1596 1510
f 1586 1606 1510
f 1667 1606 1586
f 1671 1667 1586
f 1727 1667 1671
f 1774 1727 1671
f 1748 1727 1774
f 1826 1748 1774
f 1725 1748 1826
f 1770 1725 1826
f 1657 1725 1770
f 1649 1657 1770
f 1604 1657 1649
f 1583 1604 1649
f 1596 1604 1583
f 1510 1596 1583
f 1586 1510 1484
f 1523 1586 1484
f 1671 1586 1523
f 1670 1671 1523
f 1774 1671 1670
f 1816 1774 1670
f 1826 1774 1816
f 1857 1826 1816
f 1770 1826 1857
f 1802 1770 1857
f 1649 1770 1802
f 1641 1649 1802
f 1583 1649 1641
f 1518 1583 1641
f 1510 1583 1518
f 1484 1510 1518
f 1523 1484 1476
f 1511 1523 1476
f 1670 1523 1511
f 1666 1670 1511
f 1816 1670 1666
f 1828 1816 1666
f 1857 1816 1828
f 1873 1857 1828
f 1802 1857 1873
f 1823 1802 1873
f 1641 1802 1823
f 1635 1641 1823
f 1518 1641 1635
f 1506 1518 1635
f 1484 1518 1506
f 1476 1484 1506
f 1511 1476 1483
f 1522 1511 1483
f 1666 1511 1522
f 1662 1666 1522
f 1828 1666 1662
f 1808 1828 1662
f 1873 1828 1808
f 1856 1873 1808
f 1823 1873 1856
f 1801 1823 1856
f 1635 1823 1801
f 1629 1635 1801
f 1506 1635 1629
f 1516 1506 1629
f 1476 1506 1516
f 1483 1476 1516
f 1522 1483 1508
f 1584 1522 1508
f 1662 1522 1584
f 1655 1662 1584
f 1808 1662 1655
f 1771 1808 1655
f 1856 1808 1771
f 1824 1856 1771
f 1801 1856 1824
f 1756 1801 1824
f 1629 1801 1756
f 1628 1629 1756
f 1516 1629 1628
f 1580 1516 1628
f 1483 1516 1580
f 1508 1483 1580
f 1584 1508 1594
f 1602 1584 1594
f 1655 1584 1602
f 1646 1655 1602
f 1771 1655 1646
f 1723 1771 1646
f 1824 1771 1723
f 1746 1824 1723
f 1756 1824 1746
f 1721 1756 1746
f 1628 1756 1721
f 1634 1628 1721
f 1580 1628 1634
f 1600 1580 1634
f 1508 1580 1600
f 1594 1508 1600
f 1640 1602 1594
f 1640 1646 1602
f 1640 1723 1646
f 1640 1746 1723
f 1640 1721 1746
f 1640 1634 1721
f 1640 1600 1634
f 1640 1594 1600
f 1610 1651 1598
f 1656 1651 1610
f 1598 1651 1609
f 1609 1651 1643
f 1643 1651 1719
f 1719 1651 1740
f 1740 1651 1720
f 1720 1651 1656
f 1610 1598 1528
f 1590 1610 1528
f 1656 1610 1590
f 1659 1656 1590
f 1720 1656 1659
f 1755 1720 1659
f 1740 1720 1755
f 1795 1740 1755
f 1719 1740 1795
f 1753 1719 1795
f 1643 1719 1753
f 1637 1643 1753
f 1609 1643 1637
f 1588 1609 1637
f 1598 1609 1588
f 1528 1598 1588
f 1590 1528 1497
f 1543 1590 1497
f 1659 1590 1543
f 1658 1659 1543
f 1755 1659 1658
f 1780 1755 1658
f 1795 1755 1780
f 1839 1795 1780
f 1753 1795 1839
f 1778 1753 1839
f 1637 1753 1778
f 1627 1637 1778
f 1588 1637 1627
f 1541 1588 1627
f 1528 1588 1541
f 1497 1528 1541
f 1543 1497 1493
f 1531 1543 1493
f 1658 1543 1531
f 1654 1658 1531
f 1780 1658 1654
f 1796 1780 1654
f 1839 1780 1796
f 1841 1839 1796
f 1778 1839 1841
f 1791 1778 1841
f 1627 1778 1791
f 1623 1627 1791
f 1541 1627 1623
f 1526 1541 1623
f 1497 1541 1526
f 1493 1497 1526
f 1531 1493 1494
f 1542 1531 1494
f 1654 1531 1542
f 1650 1654 1542
f 1796 1654 1650
f 1779 1796 1650
f 1841 1796 1779
f 1838 1841 1779
f 1791 1841 1838
f 1777 1791 1838
f 1623 1791 1777
f 1621 1623 1777
f 1526 1623 1621
f 1540 1526 1621
f 1493 1526 1540
f 1494 1493 1540
f 1542 1494 1527
f 1589 1542 1527
f 1650 1542 1589
f 1642 1650 1589
f 1779 1650 1642
f 1754 1779 1642
f 1838 1779 1754
f 1792 1838 1754
f 1777 1838 1792
f 1752 1777 1792
f 1621 1777 1752
f 1620 1621 1752
f 1540 1621 1620
f 1587 1540 1620
f 1494 1540 1587
f 1527 1494 1587
f 1589 1527 1597
f 1608 1589 1597
f 1642 1589 1608
f 1636 1642 1608
f 1754 1642 1636
f 1718 1754 1636
f 1792 1754 1718
f 1739 1792 1718
f 1752 1792 1739
f 1717 1752 1739
f 1620 1752 1717
f 1622 1620 1717
f 1587 1620 1622
f 1607 1587 1622
f 1527 1587 1607
f 1597 1527 1607
f 1626 1608 1597
f 1626 1636 1608
f 1626 1718 1636
f 1626 1739 1718
f 1626 1717 1739
f 1626 1622 1717
f 1626 1607 1622
f 1626 1597 1607
f 1053 1035 1051
f 1055 1035 1053
f 1051 1035 1049
f 1049 1035 1050
f 1050 1035 1052
f 1052 1035 1054
f 1054 1035 1056
f 1056 1035 1055
f 1053 1051 1099
f 1101 1053 1099
f 1055 1053 1101
f 1103 1055 1101
f 1056 1055 1103
f 1104 1056 1103
f 1054 1056 1104
f 1102 1054 1104
f 1052 1054 1102
f 1100 1052 1102
f 1050 1052 1100
f 1098 1050 1100
f 1049 1050 1098
f 1097 1049 1098
f 1051 1049 1097
f 1099 1051 1097
f 1101 1099 1175
f 1177 1101 1175
f 1103 1101 1177
f 1181 1103 1177
f 1104 1103 1181
f 1182 1104 1181
f 1102 1104 1182
f 1178 1102 1182
f 1100 1102 1178
f 1176 1100 1178
f 1098 1100 1176
f 1174 1098 1176
f 1097 1098 1174
f 1173 1097 1174
f 1099 1097 1173
f 1175 1099 1173
f 1177 1175 1254
f 1257 1177 1254
f 1181 1177 1257
f 1261 1181 1257
f 1182 1181 1261
f 1262 1182 1261
f 1178 1182 1262
f 1258 1178 1262
f 1176 1178 1258
f 1256 1176 1258
f 1174 1176 1256
f 1253 1174 1256
f 1173 1174 1253
f 1252 1173 1253
f 1175 1173 1252
f 1254 1175 1252
f 1257 1254 1316
f 1320 1257 1316
f 1261 1257 1320
f 1322 1261 1320
f 1262 1261 1322
f 1323 1262 1322
f 1258 1262 1323
f 1321 1258 1323
f 1256 1258 1321
f 1317 1256 1321
f 1253 1256 1317
f 1314 1253 1317
f 1252 1253 1314
f 1313 1252 1314
f 1254 1252 1313
f 1316 1254 1313
f 1320 1316 1361
f 1363 1320 1361
f 1322 1320 1363
f 1365 1322 1363
f 1323 1322 1365
f 1366 1323 1365
f 1321 1323 1366
f 1364 1321 1366
f 1317 1321 1364
f 1362 1317 1364
f 1314 1317 1362
f 1358 1314 1362
f 1313 1314 1358
f 1357 1313 1358
f 1316 1313 1357
f 1361 1316 1357
f 1363 1361 1399
f 1401 1363 1399
f 1365 1363 1401
f 1403 1365 1401
f 1366 1365 1403
f 1404 1366 1403
f 1364 1366 1404
f 1402 1364 1404
f 1362 1364 1402
f 1400 1362 1402
f 1358 1362 1400
f 1392 1358 1400
f 1357 1358 1392
f 1391 1357 1392
f 1361 1357 1391
f 1399 1361 1391
f 1426 1401 1399
f 1426 1403 1401
f 1426 1404 1403
f 1426 1402 1404
f 1426 1400 1402
f 1426 1392 1400
f 1426 1391 1392
f 1426 1399 1391
f 698 695 697
f 700 695 698
f 697 695 699
f 699 695 701
f 701 695 703
f 703 695 704
f 704 695 702
f 702 695 700
f 698 697 734
f 735 698 734
f 700 698 735
f 737 700 735
f 702 700 737
f 739 702 737
f 704 702 739
f 741 704 739
f 703 704 741
f 740 703 741
f 701 703 740
f 738 701 740
f 699 701 738
f 736 699 738
f 697 699 736
f 734 697 736
f 735 734 776
f 777 735 776
f 737 735 777
f 779 737 777
f 739 737 779
f 781 739 779
f 741 739 781
f 783 741 781
f 740 741 783
f 782 740 783
f 738 740 782
f 780 738 782
f 736 738 780
f 778 736 780
f 734 736 778
f 776 734 778
f 777 776 826
f 827 777 826
f 779 777 827
f 829 779 827
f 781 779 829
f 831 781 829
f 783 781 831
f 833 783 831
f 782 783 833
f 832 782 833
f 780 782 832
f 830 780 832
f 778 780 830
f 828 778 830
f 776 778 828
f 826 776 828
f 827 826 875
f 876 827 875
f 829 827 876
f 878 829 876
f 831 829 878
f 880 831 878
f 833 831 880
f 882 833 880
f 832 833 882
f 881 832 882
f 830 832 881
f 879 830 881
f 828 830 879
f 877 828 879
f 826 828 877
f 875 826 877
f 876 875 931
f 932 876 931
f 878 876 932
f 934 878 932
f 880 878 934
f 936 880 934
f 882 880 936
f 938 882 936
f 881 882 938
f 937 881 938
f 879 881 937
f 935 879 937
f 877 879 935
f 933 877 935
f 875 877 933
f 931 875 933
f 932 931 960
f 961 932 960
f 934 932 961
f 963 934 961
f 936 934 963
f 965 936 963
f 938 936 965
f 967 938 965
f 937 938 967
f 966 937 967
f 935 937 966
f 964 935 966
f 933 935 964
f 962 933 964
f 931 933 962
f 960 931 962
f 976 961 960
f 976 963 961
f 976 965 963
f 976 967 965
f 976 966 967
f 976 964 966
f 976 962 964
f 976 960 962
f 387 382 385
f 389 382 387
f 385 382 384
f 384 382 386
f 386 382 388
f 388 382 390
f 390 382 391
f 391 382 389
f 387 385 401
f 403 387 401
f 389 387 403
f 405 389 403
f 391 389 405
f 407 391 405
f 390 391 407
f 406 390 407
f 388 390 406
f 404 388 406
f 386 388 404
f 402 386 404
f 384 386 402
f 400 384 402
f 385 384 400
f 401 385 400
f 403 401 438
f 440 403 438
f 405 403 440
f 442 405 440
f 407 405 442
f 444 407 442
f 406 407 444
f 443 406 444
f 404 406 443
f 441 404 443
f 402 404 441
f 439 402 441
f 400 402 439
f 437 400 439
f 401 400 437
f 438 401 437
f 440 438 462
f 464 440 462
f 442 440 464
f 466 442 464
f 444 442 466
f 468 444 466
f 443 444 468
f 467 443 468
f 441 443 467
f 465 441 467
f 439 441 465
f 463 439 465
f 437 439 463
f 461 437 463
f 438 437 461
f 462 438 461
f 464 462 524
f 526 464 524
f 466 464 526
f 528 466 526
f 468 466 528
f 530 468 528
f 467 468 530
f 529 467 530
f 465 467 529
f 527 465 529
f 463 465 527
f 525 463 527
f 461 463 525
f 523 461 525
f 462 461 523
f 524 462 523
f 526 524 573
f 575 526 573
f 528 526 575
f 577 528 575
f 530 528 577
f 579 530 577
f 529 530 579
f 578 529 579
f 527 529 578
f 576 527 578
f 525 527 576
f 574 525 576
f 523 525 574
f 560 523 574
f 524 523 560
f 573 524 560
f 575 573 601
f 603 575 601
f 577 575 603
f 605 577 603
f 579 577 605
f 607 579 605
f 578 579 607
f 606 578 607
f 576 578 606
f 604 576 606
f 574 576 604
f 602 574 604
f 560 574 602
f 600 560 602
f 573 560 600
f 601 573 600
f 616 603 601
f 616 605 603
f 616 607 605
f 616 606 607
f 616 604 606
f 616 602 604
f 616 600 602
f 616 601 600
f 1061 1048 1059
f 1063 1048 1061
f 1059 1048 1057
f 1057 1048 1058
f 1058 1048 1060
f 1060 1048 1062
f 1062 1048 1064
f 1064 1048 1063
f 1061 1059 1111
f 1113 1061 1111
f 1063 1061 1113
f 1128 1063 1113
f 1064 1063 1128
f 1129 1064 1128
f 1062 1064 1129
f 1114 1062 1129
f 1060 1062 1114
f 1112 1060 1114
f 1058 1060 1112
f 1106 1058 1112
f 1057 1058 1106
f 1105 1057 1106
f 1059 1057 1105
f 1111 1059 1105
f 1113 1111 1189
f 1191 1113 1189
f 1128 1113 1191
f 1193 1128 1191
f 1129 1128 1193
f 1194 1129 1193
f 1114 1129 1194
f 1192 1114 1194
f 1112 1114 1192
f 1190 1112 1192
f 1106 1112 1190
f 1184 1106 1190
f 1105 1106 1184
f 1183 1105 1184
f 1111 1105 1183
f 1189 1111 1183
f 1191 1189 1267
f 1269 1191 1267
f 1193 1191 1269
f 1272 1193 1269
f 1194 1193 1272
f 1273 1194 1272
f 1192 1194 1273
f 1270 1192 1273
f 1190 1192 1270
f 1268 1190 1270
f 1184 1190 1268
f 1266 1184 1268
f 1183 1184 1266
f 1265 1183 1266
f 1189 1183 1265
f 1267 1189 1265
f 1269 1267 1326
f 1328 1269 1326
f 1272 1269 1328
f 1330 1272 1328
f 1273 1272 1330
f 1331 1273 1330
f 1270 1273 1331
f 1329 1270 1331
f 1268 1270 1329
f 1327 1268 1329
f 1266 1268 1327
f 1325 1266 1327
f 1265 1266 1325
f 1324 1265 1325
f 1267 1265 1324
f 1326 1267 1324
f 1328 1326 1371
f 1375 1328 1371
f 1330 1328 1375
f 1377 1330 1375
f 1331 1330 1377
f 1378 1331 1377
f 1329 1331 1378
f 1376 1329 1378
f 1327 1329 1376
f 1372 1327 1376
f 1325 1327 1372
f 1370 1325 1372
f 1324 1325 1370
f 1369 1324 1370
f 1326 1324 1369
f 1371 1326 1369
f 1375 1371 1408
f 1410 1375 1408
f 1377 1375 1410
f 1412 1377 1410
f 1378 1377 1412
f 1413 1378 1412
f 1376 1378 1413
f 1411 1376 1413
f 1372 1376 1411
f 1409 1372 1411
f 1370 1372 1409
f 1407 1370 1409
f 1369 1370 1407
f 1406 1369 1407
f 1371 1369 1406
f 1408 1371 1406
f 1427 1410 1408
f 1427 1412 1410
f 1427 1413 1412
f 1427 1411 1413
f 1427 1409 1411
f 1427 1407 1409
f 1427 1406 1407
f 1427 1408 1406
f 719 696 718
f 721 696 719
f 718 696 720
f 720 696 722
f 722 696 724
f 724 696 725
f 725 696 723
f 723 696 721
f 719 718 742
f 743 719 742
f 721 719 743
f 745 721 743
f 723 721 745
f 747 723 745
f 725 723 747
f 749 725 747
f 724 725 749
f 748 724 749
f 722 724 748
f 746 722 748
f 720 722 746
f 744 720 746
f 718 720 744
f 742 718 744
f 743 742 784
f 785 743 784
f 745 743 785
f 800 745 785
f 747 745 800
f 802 747 800
f 749 747 802
f 806 749 802
f 748 749 806
f 805 748 806
f 746 748 805
f 801 746 805
f 744 746 801
f 799 744 801
f 742 744 799
f 784 742 799
f 785 784 847
f 848 785 847
f 800 785 848
f 850 800 848
f 802 800 850
f 852 802 850
f 806 802 852
f 854 806 852
f 805 806 854
f 853 805 854
f 801 805 853
f 851 801 853
f 799 801 851
f 849 799 851
f 784 799 849
f 847 784 849
f 848 847 883
f 884 848 883
f 850 848 884
f 886 850 884
f 852 850 886
f 888 852 886
f 854 852 888
f 892 854 888
f 853 854 892
f 891 853 892
f 851 853 891
f 887 851 891
f 849 851 887
f 885 849 887
f 847 849 885
f 883 847 885
f 884 883 939
f 940 884 939
f 886 884 940
f 942 886 940
f 888 886 942
f 945 888 942
f 892 888 945
f 947 892 945
f 891 892 947
f 946 891 947
f 887 891 946
f 944 887 946
f 885 887 944
f 941 885 944
f 883 885 941
f 939 883 941
f 940 939 968
f 969 940 968
f 942 940 969
f 971 942 969
f 945 942 971
f 973 945 971
f 947 945 973
f 975 947 973
f 946 947 975
f 974 946 975
f 944 946 974
f 972 944 974
f 941 944 972
f 970 941 972
f 939 941 970
f 968 939 970
f 977 969 968
f 977 971 969
f 977 973 971
f 977 975 973
f 977 974 975
f 977 972 974
f 977 970 972
f 977 968 970
f 395 383 393
f 397 383 395
f 393 383 392
f 392 383 394
f 394 383 396
f 396 383 398
f 398 383 399
f 399 383 397
f 395 393 409
f 411 395 409
f 397 395 411
f 413 397 411
f 399 397 413
f 415 399 413
f 398 399 415
f 414 398 415
f 396 398 414
f 412 396 414
f 394 396 412
f 410 394 412
f 392 394 410
f 408 392 410
f 393 392 408
f 409 393 408
f 411 409 446
f 448 411 446
f 413 411 448
f 450 413 448
f 415 413 450
f 452 415 450
f 414 415 452
f 451 414 452
f 412 414 451
f 449 412 451
f 410 412 449
f 447 410 449
f 408 410 447
f 445 408 447
f 409 408 445
f 446 409 445
f 448 446 483
f 485 448 483
f 450 448 485
f 487 450 485
f 452 450 487
f 489 452 487
f 451 452 489
f 488 451 489
f 449 451 488
f 486 449 488
f 447 449 486
f 484 447 486
f 445 447 484
f 482 445 484
f 446 445 482
f 483 446 482
f 485 483 540
f 542 485 540
f 487 485 542
f 544 487 542
f 489 487 544
f 546 489 544
f 488 489 546
f 545 488 546
f 486 488 545
f 543 486 545
f 484 486 543
f 541 484 543
f 482 484 541
f 539 482 541
f 483 482 539
f 540 483 539
f 542 540 593
f 595 542 593
f 544 542 595
f 597 544 595
f 546 544 597
f 599 546 597
f 545 546 599
f 598 545 599
f 543 545 598
f 596 543 598
f 541 543 596
f 594 541 596
f 539 541 594
f 592 539 594
f 540 539 592
f 593 540 592
f 595 593 609
f 611 595 609
f 597 595 611
f 613 597 611
f 599 597 613
f 615 599 613
f 598 599 615
f 614 598 615
f 596 598 614
f 612 596 614
f 594 596 612
f 610 594 612
f 592 594 610
f 608 592 610
f 593 592 608
f 609 593 608
f 617 611 609
f 617 613 611
f 617 615 613
f 617 614 615
f 617 612 614
f 617 610 612
f 617 608 610
f 617 609 608
f 5507 5505 5805
f 5806 5507 5805
f 5805 5898 5806
f 5898 5899 5806
f 5899 5898 5983
f 5898 5981 5983
f 6021 5983 5981
f 6020 6021 5981
f 6021 6020 5984
f 6020 5982 5984
f 5982 5900 5984
f 5900 5901 5984
f 5808 5901 5900
f 5807 5808 5900
f 5808 5807 5512
f 5513 5808 5512
f 5806 5789 5507
f 5862 5789 5806
f 5862 5827 5789
f 5827 5769 5789
f 5789 5769 5508
f 5769 5510 5508
f 5789 5508 5507
f 5855 5827 5862
f 5944 5855 5862
f 5944 5862 5899
f 5899 5862 5806
f 5983 5944 5899
f 5886 5855 5944
f 5975 5886 5944
f 5975 5944 5983
f 6021 5975 5983
f 5886 5975 5945
f 5945 5975 6021
f 5856 5886 5945
f 5984 5945 6021
f 5856 5945 5864
f 5828 5856 5864
f 5945 5984 5901
f 5864 5945 5901
f 5828 5864 5791
f 5770 5828 5791
f 5864 5901 5808
f 5791 5864 5808
f 5770 5791 5515
f 5514 5770 5515
f 5791 5808 5513
f 5515 5791 5513
f 5431 5432 5513
f 5512 5431 5513
f 5432 5431 5336
f 5431 5335 5336
f 5336 5335 5246
f 5248 5336 5246
f 5211 5248 5246
f 5210 5211 5246
f 5210 5245 5211
f 5245 5247 5211
f 5247 5245 5334
f 5245 5333 5334
f 5334 5333 5429
f 5430 5334 5429
f 5429 5505 5430
f 5505 5507 5430
f 5375 5336 5248
f 5336 5375 5432
f 5375 5450 5432
f 5432 5450 5513
f 5450 5515 5513
f 5450 5460 5515
f 5460 5514 5515
f 5412 5460 5450
f 5375 5412 5450
f 5383 5412 5375
f 5289 5383 5375
f 5289 5375 5248
f 5342 5383 5289
f 5256 5342 5289
f 5289 5248 5211
f 5256 5289 5211
f 5342 5256 5288
f 5382 5342 5288
f 5256 5211 5247
f 5288 5256 5247
f 5382 5288 5373
f 5411 5382 5373
f 5288 5247 5334
f 5373 5288 5334
f 5411 5373 5448
f 5458 5411 5448
f 5373 5334 5430
f 5448 5373 5430
f 5458 5448 5508
f 5510 5458 5508
f 5448 5430 5507
f 5508 5448 5507
f 5457 5504 5503
f 5447 5457 5503
f 5447 5503 5505
f 5429 5447 5505
f 5409 5457 5447
f 5372 5409 5447
f 5372 5447 5429
f 5333 5372 5429
f 5380 5409 5372
f 5286 5380 5372
f 5286 5372 5333
f 5245 5286 5333
f 5341 5380 5286
f 5255 5341 5286
f 5255 5286 5245
f 5210 5255 5245
f 5341 5255 5287
f 5381 5341 5287
f 5255 5210 5246
f 5287 5255 5246
f 5381 5287 5374
f 5410 5381 5374
f 5287 5246 5335
f 5374 5287 5335
f 5410 5374 5449
f 5459 5410 5449
f 5374 5335 5431
f 5449 5374 5431
f 5459 5449 5511
f 5511 5449 5431
f 5509 5459 5511
f 5512 5511 5431
f 5768 5509 5511
f 5790 5768 5511
f 5790 5511 5807
f 5511 5512 5807
f 5826 5768 5790
f 5863 5826 5790
f 5863 5790 5807
f 5900 5863 5807
f 5854 5826 5863
f 5943 5854 5863
f 5943 5863 5900
f 5982 5943 5900
f 5943 5982 6020
f 5974 5943 6020
f 5885 5854 5943
f 5974 5885 5943
f 5942 5974 6020
f 5885 5974 5942
f 5981 5942 6020
f 5853 5885 5942
f 5853 5942 5861
f 5825 5853 5861
f 5942 5981 5898
f 5861 5942 5898
f 5825 5861 5788
f 5767 5825 5788
f 5861 5898 5805
f 5788 5861 5805
f 5767 5788 5503
f 5504 5767 5503
f 5788 5805 5505
f 5503 5788 5505
f 5504 5506 5767
f 5767 5506 5825
f 5825 5506 5853
f 5853 5506 5885
f 5885 5506 5854
f 5854 5506 5826
f 5826 5506 5768
f 5768 5506 5509
f 5509 5506 5459
f 5459 5506 5410
f 5410 5506 5381
f 5381 5506 5341
f 5341 5506 5380
f 5380 5506 5409
f 5409 5506 5457
f 5457 5506 5504
f 5494 5492 5801
f 5802 5494 5801
f 5801 5894 5802
f 5894 5895 5802
f 5895 5894 5979
f 5894 5977 5979
f 6019 5979 5977
f 6018 6019 5977
f 6019 6018 5980
f 6018 5978 5980
f 5978 5896 5980
f 5896 5897 5980
f 5804 5897 5896
f 5803 5804 5896
f 5804 5803 5499
f 5500 5804 5499
f 5802 5785 5494
f 5858 5785 5802
f 5858 5823 5785
f 5823 5765 5785
f 5785 5765 5495
f 5765 5497 5495
f 5785 5495 5494
f 5851 5823 5858
f 5940 5851 5858
f 5940 5858 5895
f 5895 5858 5802
f 5979 5940 5895
f 5884 5851 5940
f 5973 5884 5940
f 5973 5940 5979
f 6019 5973 5979
f 5884 5973 5941
f 5941 5973 6019
f 5852 5884 5941
f 5980 5941 6019
f 5852 5941 5860
f 5824 5852 5860
f 5941 5980 5897
f 5860 5941 5897
f 5824 5860 5787
f 5766 5824 5787
f 5860 5897 5804
f 5787 5860 5804
f 5766 5787 5502
f 5501 5766 5502
f 5787 5804 5500
f 5502 5787 5500
f 5427 5428 5500
f 5499 5427 5500
f 5428 5427 5332
f 5427 5331 5332
f 5332 5331 5242
f 5244 5332 5242
f 5209 5244 5242
f 5208 5209 5242
f 5208 5241 5209
f 5241 5243 5209
f 5243 5241 5330
f 5241 5329 5330
f 5330 5329 5425
f 5426 5330 5425
f 5425 5492 5426
f 5492 5494 5426
f 5371 5332 5244
f 5332 5371 5428
f 5371 5446 5428
f 5428 5446 5500
f 5446 5502 5500
f 5446 5456 5502
f 5456 5501 5502
f 5408 5456 5446
f 5371 5408 5446
f 5379 5408 5371
f 5285 5379 5371
f 5285 5371 5244
f 5340 5379 5285
f 5254 5340 5285
f 5285 5244 5209
f 5254 5285 5209
f 5340 5254 5284
f 5378 5340 5284
f 5254 5209 5243
f 5284 5254 5243
f 5378 5284 5369
f 5407 5378 5369
f 5284 5243 5330
f 5369 5284 5330
f 5407 5369 5444
f 5454 5407 5444
f 5369 5330 5426
f 5444 5369 5426
f 5454 5444 5495
f 5497 5454 5495
f 5444 5426 5494
f 5495 5444 5494
f 5453 5491 5490
f 5443 5453 5490
f 5443 5490 5492
f 5425 5443 5492
f 5405 5453 5443
f 5368 5405 5443
f 5368 5443 5425
f 5329 5368 5425
f 5376 5405 5368
f 5282 5376 5368
f 5282 5368 5329
f 5241 5282 5329
f 5339 5376 5282
f 5253 5339 5282
f 5253 5282 5241
f 5208 5253 5241
f 5339 5253 5283
f 5377 5339 5283
f 5253 5208 5242
f 5283 5253 5242
f 5377 5283 5370
f 5406 5377 5370
f 5283 5242 5331
f 5370 5283 5331
f 5406 5370 5445
f 5455 5406 5445
f 5370 5331 5427
f 5445 5370 5427
f 5455 5445 5498
f 5498 5445 5427
f 5496 5455 5498
f 5499 5498 5427
f 5764 5496 5498
f 5786 5764 5498
f 5786 5498 5803
f 5498 5499 5803
f 5822 5764 5786
f 5859 5822 5786
f 5859 5786 5803
f 5896 5859 5803
f 5850 5822 5859
f 5939 5850 5859
f 5939 5859 5896
f 5978 5939 5896
f 5939 5978 6018
f 5972 5939 6018
f 5883 5850 5939
f 5972 5883 5939
f 5938 5972 6018
f 5883 5972 5938
f 5977 5938 6018
f 5849 5883 5938
f 5849 5938 5857
f 5821 5849 5857
f 5938 5977 5894
f 5857 5938 5894
f 5821 5857 5784
f 5763 5821 5784
f 5857 5894 5801
f 5784 5857 5801
f 5763 5784 5490
f 5491 5763 5490
f 5784 5801 5492
f 5490 5784 5492
f 5491 5493 5763
f 5763 5493 5821
f 5821 5493 5849
f 5849 5493 5883
f 5883 5493 5850
f 5850 5493 5822
f 5822 5493 5764
f 5764 5493 5496
f 5496 5493 5455
f 5455 5493 5406
f 5406 5493 5377
f 5377 5493 5339
f 5339 5493 5376
f 5376 5493 5405
f 5405 5493 5453
f 5453 5493 5491
f 5608 5417 5401
f 5608 5437 5417
f 5608 5473 5437
f 5608 5601 5473
f 5608 5401 5419
f 5608 5419 5439
f 5608 5439 5475
f 5608 5475 5615
f 5608 5615 5761
f 5608 5761 5797
f 5608 5797 5817
f 5608 5817 5833
f 5608 5833 5815
f 5608 5815 5795
f 5608 5795 5759
f 5608 5759 5601
f 5437 5473 5355
f 5437 5355 5269
f 5417 5437 5269
f 5417 5269 5231
f 5401 5417 5231
f 5601 5759 5595
f 5759 5793 5595
f 5759 5795 5793
f 5795 5877 5793
f 5795 5815 5877
f 5815 5963 5877
f 5815 5833 5963
f 5833 6003 5963
f 5833 5817 6003
f 5817 5965 6003
f 5817 5797 5965
f 5797 5879 5965
f 5797 5761 5879
f 5761 5799 5879
f 5761 5615 5799
f 5615 5620 5799
f 5615 5475 5620
f 5475 5441 5620
f 5475 5439 5441
f 5439 5357 5441
f 5439 5419 5357
f 5419 5271 5357
f 5419 5401 5271
f 5401 5231 5271
f 5965 5879 6068
f 5965 6068 6099
f 6003 5965 6099
f 6003 6099 6066
f 5963 6003 6066
f 5963 6066 5961
f 5877 5963 5961
f 5877 5961 5813
f 5793 5877 5813
f 5793 5813 5593
f 5595 5793 5593
f 5271 5231 5168
f 5271 5168 5273
f 5357 5271 5273
f 5357 5273 5421
f 5441 5357 5421
f 5441 5421 5624
f 5620 5441 5624
f 5620 5624 5819
f 5799 5620 5819
f 5799 5819 5967
f 5879 5799 5967
f 5879 5967 6068
f 6068 5967 6101
f 6068 6101 6150
f 6099 6068 6150
f 6099 6150 6098
f 6066 6099 6098
f 6066 6098 6002
f 5961 6066 6002
f 5961 6002 5832
f 5813 5961 5832
f 5813 5832 5592
f 5593 5813 5592
f 5967 6005 6101
f 5967 5819 6005
f 5819 5835 6005
f 5819 5624 5835
f 5624 5629 5835
f 5624 5421 5629
f 5421 5403 5629
f 5421 5273 5403
f 5273 5233 5403
f 5273 5168 5233
f 5168 5137 5233
f 5168 5135 5137
f 5231 5135 5168
f 5231 5269 5135
f 5269 5166 5135
f 5269 5355 5166
f 5355 5267 5166
f 5355 5435 5267
f 5473 5435 5355
f 5473 5601 5435
f 5601 5595 5435
f 5435 5415 5267
f 5435 5595 5415
f 5595 5593 5415
f 5135 5166 5085
f 5135 5085 5137
f 5166 5134 5085
f 5166 5267 5134
f 5267 5230 5134
f 5267 5415 5230
f 5415 5400 5230
f 5415 5593 5400
f 5593 5592 5400
f 5085 5134 5136
f 5134 5167 5136
f 5134 5230 5167
f 5230 5268 5167
f 5230 5400 5268
f 5400 5416 5268
f 5400 5592 5416
f 5592 5594 5416
f 5085 5136 5169
f 5137 5085 5169
f 5137 5169 5274
f 5233 5137 5274
f 5233 5274 5422
f 5403 5233 5422
f 5403 5422 5625
f 5629 5403 5625
f 5629 5625 5820
f 5835 5629 5820
f 5835 5820 5968
f 6005 5835 5968
f 6005 5968 6069
f 6101 6005 6069
f 6101 6069 6100
f 6150 6101 6100
f 6150 6100 6067
f 6098 6150 6067
f 6098 6067 5962
f 6002 6098 5962
f 6002 5962 5814
f 5832 6002 5814
f 5832 5814 5594
f 5592 5832 5594
f 5594 5814 5596
f 5814 5794 5596
f 5814 5962 5794
f 5962 5878 5794
f 5962 6067 5878
f 6067 5964 5878
f 6067 6100 5964
f 6100 6004 5964
f 6100 6069 6004
f 6069 5966 6004
f 6069 5968 5966
f 5968 5880 5966
f 5968 5820 5880
f 5820 5800 5880
f 5820 5625 5800
f 5625 5621 5800
f 5625 5422 5621
f 5422 5442 5621
f 5422 5274 5442
f 5274 5358 5442
f 5274 5169 5358
f 5169 5272 5358
f 5169 5136 5272
f 5136 5232 5272
f 5136 5167 5232
f 5167 5270 5232
f 5167 5268 5270
f 5268 5356 5270
f 5268 5416 5356
f 5416 5436 5356
f 5416 5594 5436
f 5594 5596 5436
f 5232 5270 5402
f 5270 5418 5402
f 5270 5356 5418
f 5356 5438 5418
f 5356 5436 5438
f 5436 5474 5438
f 5436 5596 5474
f 5596 5602 5474
f 5232 5402 5420
f 5272 5232 5420
f 5272 5420 5440
f 5358 5272 5440
f 5358 5440 5476
f 5442 5358 5476
f 5442 5476 5616
f 5621 5442 5616
f 5621 5616 5762
f 5800 5621 5762
f 5800 5762 5798
f 5880 5800 5798
f 5880 5798 5818
f 5966 5880 5818
f 5966 5818 5834
f 6004 5966 5834
f 6004 5834 5816
f 5964 6004 5816
f 5964 5816 5796
f 5878 5964 5796
f 5878 5796 5760
f 5794 5878 5760
f 5794 5760 5602
f 5596 5794 5602
f 5760 5609 5602
f 5796 5609 5760
f 5816 5609 5796
f 5834 5609 5816
f 5818 5609 5834
f 5798 5609 5818
f 5762 5609 5798
f 5616 5609 5762
f 5476 5609 5616
f 5440 5609 5476
f 5420 5609 5440
f 5402 5609 5420
f 5418 5609 5402
f 5438 5609 5418
f 5474 5609 5438
f 5602 5609 5474
f 6474 6493 6795
f 6874 6474 6795
f 6795 7134 6874
f 7134 7290 6874
f 6473 6474 6874
f 6952 6473 6874
f 6874 7290 6952
f 7290 7387 6952
f 6473 5932 6474
f 5932 6116 6474
f 6474 6116 6493
f 6116 5932 5712
f 5845 6116 5712
f 5845 5712 5710
f 5811 5845 5710
f 6209 6116 5845
f 6116 6209 6493
f 6042 6209 5845
f 5811 5710 5810
f 5811 5810 5929
f 5810 5927 5929
f 5810 5707 5927
f 5710 5707 5810
f 5707 5693 5927
f 5927 6031 5929
f 5930 5811 5929
f 5930 6042 5845
f 5811 5930 5845
f 5932 5715 5712
f 5932 6034 5715
f 6034 5932 6473
f 6531 6034 6473
f 6473 6952 6531
f 6952 7065 6531
f 6608 6531 7065
f 7202 6608 7065
f 7202 7065 7440
f 7623 7202 7440
f 7387 7440 7065
f 6952 7387 7065
f 7440 7387 7773
f 7387 7636 7773
f 6103 6034 6531
f 6608 6103 6531
f 5719 6034 6103
f 6034 5719 5715
f 5724 5719 6103
f 7387 7290 7636
f 7290 7439 7636
f 7290 7134 7439
f 7134 7353 7439
f 7934 7773 7636
f 7934 8041 7773
f 8041 7859 7773
f 7440 7773 7859
f 7623 7440 7859
f 8097 8041 7934
f 7985 8097 7934
f 7985 7934 7794
f 7794 7934 7636
f 7794 7636 7439
f 7837 7985 7794
f 7671 7837 7794
f 7629 7671 7794
f 7629 7794 7439
f 7629 7439 7353
f 7629 7426 7671
f 7426 7629 7353
f 7426 7438 7671
f 7671 7438 7643
f 7438 7434 7643
f 7603 7643 7434
f 7402 7603 7434
f 7603 7402 7244
f 7433 7603 7244
f 7658 7603 7433
f 7570 7658 7433
f 7320 7433 7244
f 7570 7433 7320
f 6878 7320 7244
f 6878 7019 7320
f 6878 6536 7019
f 6536 6679 7019
f 6536 6258 6679
f 6258 6247 6679
f 6258 5927 6247
f 5927 6258 6031
f 5927 5935 6247
f 5927 5693 5935
f 5693 5695 5935
f 6224 6247 5935
f 6679 6247 6224
f 5908 6224 5935
f 5908 5935 5695
f 5694 5908 5695
f 6418 6679 6224
f 6418 6431 6679
f 6431 6721 6679
f 6679 6721 7019
f 6431 6394 6721
f 6394 6680 6721
f 6562 6680 6394
f 6331 6562 6394
f 6562 6331 6356
f 6331 6233 6356
f 6107 6356 6233
f 6110 6107 6233
f 6107 6110 5841
f 6110 5842 5841
f 5841 5842 5689
f 5687 5841 5689
f 5841 5687 5837
f 6107 5841 5837
f 5687 5684 5837
f 5836 5837 5684
f 5682 5836 5684
f 5836 5682 5844
f 5682 5681 5844
f 5836 5844 6115
f 5844 6146 6115
f 6105 5837 5836
f 6115 6105 5836
f 6105 6107 5837
f 6115 6146 6472
f 6115 6472 6105
f 6146 6505 6472
f 6472 6438 6105
f 6107 6105 6438
f 6356 6107 6438
f 6820 6472 6505
f 6438 6472 6820
f 6877 6820 6505
f 6820 6877 7179
f 6877 7268 7179
f 6723 6438 6820
f 6820 7179 6723
f 6438 6723 6356
f 7179 7041 6723
f 7307 7041 7179
f 7415 7307 7179
f 7307 7415 7376
f 7415 7450 7376
f 7376 7450 7446
f 7373 7376 7446
f 7074 7376 7373
f 7307 7376 7074
f 7019 7074 7373
f 7019 7373 7320
f 6721 7074 7019
f 7373 7446 7431
f 7320 7373 7431
f 7431 7570 7320
f 7453 7570 7431
f 7431 7446 7453
f 7446 7588 7453
f 7453 7588 7454
f 7588 7565 7454
f 7454 7565 7389
f 7565 7410 7389
f 7074 6721 7001
f 7001 7307 7074
f 6721 6680 7001
f 7565 7588 7591
f 7591 7588 7446
f 7450 7591 7446
f 7436 7591 7450
f 7415 7436 7450
f 7415 7179 7436
f 7179 7268 7436
f 7456 7565 7591
f 7591 7436 7456
f 7436 7428 7456
f 7307 7001 6857
f 7041 7307 6857
f 7001 6680 6562
f 6857 7001 6562
f 6723 7041 6857
f 6659 6723 6857
f 6562 6659 6857
f 6723 6659 6356
f 6659 6562 6356
f 7277 7428 7436
f 7268 7277 7436
f 7268 6877 7277
f 6877 6885 7277
f 6495 6885 6877
f 6505 6495 6877
f 6163 6495 6505
f 6146 6163 6505
f 6163 6146 5844
f 5866 6163 5844
f 5866 5844 5681
f 5680 5866 5681
f 7277 6885 6864
f 6885 6495 6864
f 7281 7277 6864
f 6495 6479 6864
f 6495 6163 6479
f 6163 6158 6479
f 6163 5866 5848
f 6158 6163 5848
f 5866 5680 5677
f 5848 5866 5677
f 5846 5848 5677
f 5675 5846 5677
f 5675 5676 5846
f 5676 5840 5846
f 6130 5846 5840
f 5848 5846 6130
f 6158 5848 6130
f 6479 6158 6130
f 6087 6130 5840
f 6130 6087 6456
f 6456 6479 6130
f 6087 6423 6456
f 6796 6456 6423
f 6796 6864 6479
f 6456 6796 6479
f 7281 6864 6796
f 6742 6796 6423
f 7200 7281 6796
f 7200 6796 6742
f 7407 7281 7200
f 7410 7407 7200
f 7407 7410 7565
f 7456 7407 7565
f 7456 7428 7407
f 7428 7281 7407
f 7277 7281 7428
f 7200 7136 7410
f 7136 7200 6742
f 7136 7389 7410
f 7354 7389 7136
f 7354 7421 7389
f 7421 7451 7389
f 7454 7389 7451
f 7567 7454 7451
f 7567 7451 7611
f 7451 7449 7611
f 7611 7449 7638
f 7449 7435 7638
f 7638 7435 7404
f 7589 7638 7404
f 7638 7589 7829
f 7829 7836 7638
f 7836 7696 7638
f 7696 7611 7638
f 7971 7836 7829
f 7983 7971 7829
f 8085 7971 7983
f 8122 8085 7983
f 7589 7771 7829
f 7983 7829 7771
f 7974 7983 7771
f 7983 7974 8143
f 8122 7983 8143
f 7379 7589 7404
f 7589 7379 7771
f 7276 7379 7404
f 6979 7379 7276
f 6916 6979 7276
f 6529 6979 6916
f 6513 6529 6916
f 6529 6513 6050
f 6055 6529 6050
f 6055 6050 5633
f 6050 5645 5633
f 6529 6055 6071
f 6055 5633 6071
f 6544 6529 6071
f 7075 6979 6529
f 6544 7075 6529
f 6979 7075 7379
f 7075 7569 7379
f 7379 7569 7771
f 5633 5631 6071
f 7771 7569 7727
f 7974 7771 7727
f 7974 7727 7951
f 8143 7974 7951
f 8143 7951 8322
f 7951 8202 8322
f 8143 8322 8286
f 8387 8286 8322
f 8387 8295 8286
f 8295 8201 8286
f 8387 8473 8295
f 8473 8358 8295
f 8386 8358 8473
f 8544 8386 8473
f 8544 8545 8386
f 8545 8379 8386
f 8379 8545 8444
f 8349 8379 8444
f 8349 8444 8351
f 8261 8349 8351
f 8261 8351 8102
f 8351 8200 8102
f 8102 8200 8022
f 8022 7858 8102
f 8022 7822 7858
f 7822 8022 7985
f 7985 8022 8199
f 8022 8200 8199
f 8097 7985 8199
f 7837 7822 7985
f 7837 7671 7822
f 7671 7643 7822
f 7643 7603 7822
f 7603 7658 7822
f 7822 7658 7858
f 8200 8351 8348
f 8199 8200 8348
f 8097 8199 8348
f 8531 8348 8351
f 8196 8097 8348
f 8041 8097 8196
f 8136 8041 8196
f 8136 8069 8041
f 8136 8124 8069
f 8124 8136 8208
f 8181 8124 8208
f 8181 8208 8153
f 8208 8165 8153
f 8153 8165 8082
f 8165 8088 8082
f 8082 8088 7967
f 8088 7948 7967
f 7967 7948 7811
f 7948 7720 7811
f 7811 7720 7695
f 7720 7590 7695
f 7677 7695 7590
f 7448 7677 7590
f 7693 7677 7448
f 7562 7693 7448
f 7795 7693 7562
f 7660 7795 7562
f 7932 7795 7660
f 7908 7932 7660
f 7932 7908 8069
f 8051 7932 8069
f 8124 8051 8069
f 8069 7908 7859
f 7859 7908 7660
f 8041 8069 7859
f 7623 7859 7660
f 7623 7660 7233
f 7233 7660 7562
f 7202 7623 7233
f 6608 7202 7233
f 6660 6608 7233
f 6608 6660 6103
f 6660 6131 6103
f 6103 6131 5724
f 6131 5727 5724
f 5727 6131 6179
f 6179 6131 6660
f 5729 5727 6179
f 6702 6179 6660
f 7232 6702 6660
f 7233 7232 6660
f 7232 7233 7562
f 7448 7232 7562
f 7232 7448 7590
f 7302 7232 7590
f 6702 7232 7302
f 5729 6179 6190
f 5728 5729 6190
f 6179 6702 6731
f 6190 6179 6731
f 6731 6702 7302
f 7302 7590 7365
f 7590 7628 7365
f 7590 7720 7628
f 7628 7720 7948
f 7900 7628 7948
f 7900 7948 8088
f 8028 7900 8088
f 8028 8088 8165
f 8028 7869 7900
f 7845 7869 8028
f 8040 7845 8028
f 8028 8169 8040
f 8169 8028 8165
f 8169 8165 8251
f 8165 8208 8251
f 8208 8136 8251
f 8136 8196 8251
f 7869 7798 7900
f 7900 7798 7619
f 7628 7900 7619
f 7619 7386 7628
f 7386 7365 7628
f 7386 6850 7365
f 6850 6792 7365
f 6850 6240 6792
f 6240 6210 6792
f 6210 6240 5726
f 6240 5721 5726
f 6210 5726 6190
f 5726 5728 6190
f 6731 6792 6210
f 6190 6731 6210
f 6792 6731 7302
f 7365 6792 7302
f 5717 5721 6240
f 6221 5717 6240
f 6240 6850 6221
f 5717 6221 6248
f 5713 5717 6248
f 6248 6322 5713
f 6322 5709 5713
f 6850 6873 6221
f 6221 6873 6248
f 7423 6873 6850
f 7386 7423 6850
f 6322 6248 7025
f 6248 6951 7025
f 6873 6951 6248
f 7586 7025 6951
f 7556 7586 6951
f 6873 7423 7556
f 6951 6873 7556
f 7423 7386 7619
f 7423 7619 7556
f 7619 7798 7556
f 7869 7556 7798
f 7586 7556 7869
f 7845 7586 7869
f 5698 5709 6322
f 6355 5698 6322
f 7117 6355 6322
f 7025 7586 7117
f 7025 7117 6322
f 7586 7610 7117
f 7610 7586 7845
f 7902 7610 7845
f 7902 7845 8040
f 8133 7902 8040
f 8133 8040 8169
f 8311 8133 8169
f 8364 8311 8169
f 8251 8364 8169
f 8251 8196 8364
f 8196 8348 8364
f 8364 8348 8549
f 8348 8531 8549
f 8549 8531 8589
f 8545 8589 8531
f 8444 8545 8531
f 8444 8531 8351
f 8545 8544 8589
f 8544 8594 8589
f 8544 8473 8594
f 8473 8561 8594
f 8561 8473 8449
f 8473 8387 8449
f 8449 8387 8322
f 8594 8608 8589
f 8594 8561 8608
f 8608 8600 8589
f 8600 8549 8589
f 8549 8600 8472
f 8600 8581 8472
f 8338 8472 8581
f 8433 8338 8581
f 8440 8433 8581
f 8583 8440 8581
f 8583 8581 8600
f 8608 8583 8600
f 8472 8338 8133
f 8311 8472 8133
f 8472 8311 8364
f 8549 8472 8364
f 8440 8583 8360
f 8583 8527 8360
f 8527 8583 8608
f 8569 8527 8608
f 8561 8569 8608
f 8527 8321 8360
f 8321 8134 8360
f 8527 8569 8418
f 8321 8527 8418
f 8418 8569 8561
f 8449 8418 8561
f 8338 8433 8094
f 8024 8338 8094
f 7902 8133 8338
f 8024 7902 8338
f 8360 8134 8027
f 8134 7847 8027
f 8027 8098 8360
f 8098 8440 8360
f 8433 8440 8098
f 8094 8433 8098
f 8418 8449 8202
f 8321 8418 8202
f 8449 8322 8202
f 8008 8321 8202
f 8321 8008 7817
f 8134 8321 7817
f 7560 7817 8008
f 7609 7560 8008
f 7149 7560 7609
f 7148 7149 7609
f 7609 7563 7148
f 7563 7096 7148
f 7096 7563 7075
f 7096 7075 6543
f 7075 6544 6543
f 6544 6071 6543
f 6071 6049 6543
f 5627 6049 6071
f 5631 5627 6071
f 7563 7569 7075
f 7569 7563 7727
f 5627 5626 6049
f 5626 6036 6049
f 6543 6049 6036
f 6539 6543 6036
f 6539 7148 7096
f 6543 6539 7096
f 5626 5632 6036
f 5632 6080 6036
f 6539 6036 6080
f 6573 6539 6080
f 7148 6539 6573
f 7149 7148 6573
f 7149 6573 7141
f 7560 7149 7141
f 7587 7560 7141
f 7817 7560 7587
f 7817 7587 8134
f 7587 7847 8134
f 6573 6611 7141
f 6090 6611 6573
f 6080 6090 6573
f 6090 6080 5632
f 5638 6090 5632
f 5638 5660 6090
f 6090 6475 6611
f 5660 6475 6090
f 6503 6475 5660
f 5674 6503 5660
f 6503 5674 6499
f 5674 5678 6499
f 5678 5683 6499
f 5683 6489 6499
f 6428 6489 5683
f 5688 6428 5683
f 6428 5688 5698
f 6355 6428 5698
f 6428 6355 7117
f 7242 6428 7117
f 6428 7242 7301
f 6489 6428 7301
f 6489 7301 6499
f 7676 7301 7242
f 7646 7676 7242
f 7242 7117 7646
f 7117 7610 7646
f 8024 7646 7610
f 7902 8024 7610
f 8094 7676 7646
f 8024 8094 7646
f 7301 7676 7694
f 7694 7676 8094
f 7305 7301 7694
f 7301 7305 6499
f 6499 7305 6503
f 7305 7266 6503
f 7305 7694 7266
f 6503 7266 6475
f 7266 7201 6475
f 6611 6475 7201
f 7141 6611 7201
f 7694 7645 7266
f 7266 7645 7201
f 7645 7694 8098
f 8098 7694 8094
f 8027 7645 8098
f 7645 7598 7201
f 7598 7645 8027
f 7201 7598 7141
f 7847 7598 8027
f 7847 7587 7598
f 7598 7587 7141
f 5694 5699 5925
f 5908 5694 5925
f 5908 5925 6214
f 6224 5908 6214
f 6183 6214 5925
f 6183 6286 6214
f 6286 6358 6214
f 6224 6214 6358
f 6286 6299 6358
f 6299 6393 6358
f 6286 6183 6173
f 6286 6173 6299
f 6173 6183 5928
f 5928 6183 5925
f 5928 5925 5699
f 5921 6173 5928
f 5921 5928 5701
f 5701 5928 5699
f 5704 5921 5701
f 6418 6224 6358
f 6418 6358 6393
f 6431 6418 6393
f 6299 6298 6393
f 6298 6397 6393
f 6431 6393 6397
f 6397 6298 6283
f 6373 6397 6283
f 6394 6431 6397
f 6397 6373 6394
f 6373 6367 6394
f 6331 6394 6367
f 6283 6298 6172
f 6173 5921 6172
f 6166 6283 6172
f 6299 6173 6172
f 6298 6299 6172
f 5910 6166 6172
f 5911 5910 6172
f 5910 5911 5703
f 5703 5911 5704
f 5702 5910 5703
f 5921 5911 6172
f 5911 5921 5704
f 5702 5700 5910
f 5700 5912 5910
f 5910 5912 6166
f 5700 5697 5912
f 5697 5914 5912
f 5912 6148 6166
f 6161 6148 5912
f 5914 6161 5912
f 6217 6148 6161
f 6217 6166 6148
f 6217 6283 6166
f 6288 6217 6161
f 6217 6288 6373
f 6283 6217 6373
f 6161 6167 6288
f 6161 5914 6167
f 6167 6285 6288
f 6373 6288 6285
f 6367 6373 6285
f 5914 5697 5692
f 5916 5914 5692
f 5914 5916 6167
f 6167 5916 6147
f 5916 5869 6147
f 5869 5916 5692
f 6147 5869 5842
f 6110 6147 5842
f 5690 5869 5692
f 5869 5690 5689
f 5842 5869 5689
f 6147 6110 6245
f 6167 6147 6245
f 6285 6167 6245
f 6110 6233 6245
f 6285 6245 6331
f 6367 6285 6331
f 6233 6331 6245
f 5366 5690 5692
f 5690 5366 5689
f 5319 5366 5692
f 5321 5319 5692
f 5697 5321 5692
f 5321 5697 5323
f 5697 5700 5323
f 5323 5700 5325
f 5700 5702 5325
f 5325 5702 5703
f 5324 5325 5703
f 5325 5324 5063
f 5069 5325 5063
f 5323 5325 5069
f 4952 5069 5063
f 4937 4952 5063
f 4937 4838 4952
f 4838 4862 4952
f 4838 4937 4842
f 4937 4936 4842
f 4936 4937 5063
f 4842 4936 4877
f 4936 4949 4877
f 4877 4949 5021
f 4949 5052 5021
f 5052 4949 5062
f 5062 4949 4936
f 5062 4936 5063
f 5052 5062 5307
f 5062 5314 5307
f 5314 5062 5063
f 5324 5314 5063
f 5307 5314 5701
f 5314 5704 5701
f 5052 5307 5310
f 5021 5052 5310
f 5310 5327 5021
f 5694 5327 5310
f 5327 5694 5695
f 5300 5327 5695
f 5695 5693 5300
f 5693 5308 5300
f 5693 5707 5308
f 5707 5433 5308
f 5308 5433 5306
f 5204 5308 5306
f 5433 5424 5306
f 5424 5305 5306
f 5710 5424 5433
f 5707 5710 5433
f 5390 5424 5710
f 5305 5424 5390
f 5712 5390 5710
f 5119 5390 5712
f 5303 5119 5712
f 5119 5026 5390
f 5026 5193 5390
f 5193 5305 5390
f 5119 5303 4761
f 5303 4762 4761
f 4761 4762 4361
f 4761 4361 4440
f 4742 4761 4440
f 5119 4761 4742
f 5026 5119 4742
f 4101 4440 4361
f 3945 4101 4361
f 4762 4283 4361
f 3945 4361 4283
f 3848 3945 4283
f 5715 5303 5712
f 3848 4283 4170
f 3795 3848 4170
f 4170 4033 3795
f 4627 4033 4170
f 4704 4627 4170
f 4283 4762 4704
f 4170 4283 4704
f 4033 3612 3795
f 3848 3795 3462
f 3599 3848 3462
f 3945 3848 3599
f 5132 4627 4704
f 5201 5132 4704
f 5201 5719 5132
f 5719 5201 5715
f 5719 5724 5132
f 5201 4704 4762
f 5303 5201 4762
f 5201 5303 5715
f 3462 3301 3599
f 3194 3301 3462
f 3376 3194 3462
f 3795 3612 3376
f 3462 3795 3376
f 3194 3138 3301
f 3138 3250 3301
f 3301 3250 3441
f 3301 3441 3599
f 3250 3398 3441
f 3398 3564 3441
f 3564 3606 3441
f 3809 3606 3564
f 3797 3809 3564
f 3797 3564 3592
f 3801 3797 3592
f 3592 3632 3801
f 3632 3833 3801
f 3833 3632 3991
f 3632 3802 3991
f 3632 3577 3802
f 3577 3665 3802
f 3802 3915 3991
f 3802 3665 3915
f 3915 4357 3991
f 4216 4357 3915
f 4699 4357 4216
f 4556 4699 4216
f 4977 4699 4556
f 4988 4977 4556
f 5308 4977 4988
f 4977 5308 5204
f 5300 5308 4988
f 4988 5011 5300
f 4988 4556 5011
f 5011 5327 5300
f 4556 4817 5011
f 4804 4817 4556
f 4514 4804 4556
f 4514 4556 4216
f 4841 4804 4514
f 4555 4841 4514
f 4555 4673 4841
f 4673 4904 4841
f 4904 4673 4879
f 5002 4904 4879
f 4879 5128 5002
f 5128 5125 5002
f 5125 5128 5394
f 5393 5125 5394
f 5393 5394 5689
f 5394 5687 5689
f 5687 5394 5398
f 5394 5128 5398
f 5684 5687 5398
f 5398 5399 5684
f 5399 5682 5684
f 5682 5399 5391
f 5681 5682 5391
f 5391 5399 5120
f 5089 5391 5120
f 5130 5120 5399
f 5398 5130 5399
f 5128 5130 5398
f 5089 5120 4763
f 4763 5120 5130
f 4730 5089 4763
f 4797 4763 5130
f 5130 5128 4797
f 5128 4879 4797
f 4763 4415 4730
f 4763 4797 4415
f 4415 4358 4730
f 4358 4415 4056
f 3967 4358 4056
f 4797 4512 4415
f 4056 4415 4512
f 4512 4797 4879
f 4194 4056 4512
f 4194 3928 4056
f 3928 3820 4056
f 3820 3928 3859
f 3785 3820 3859
f 3785 3859 3789
f 3859 3862 3789
f 3859 4161 3862
f 3859 3928 4161
f 4161 4216 3862
f 3862 4216 3915
f 4161 4514 4216
f 3862 3915 3804
f 3789 3862 3804
f 3665 3804 3915
f 3665 3782 3804
f 3789 3804 3782
f 3647 3789 3782
f 3647 3782 3781
f 3670 3647 3781
f 3670 3781 3846
f 3825 3670 3846
f 4514 4161 4234
f 3928 4234 4161
f 4555 4514 4234
f 3647 3670 3644
f 3647 3644 3789
f 3644 3785 3789
f 3644 3799 3785
f 3799 3820 3785
f 4056 3820 3799
f 3967 4056 3799
f 3670 3779 3644
f 3799 3644 3779
f 3807 3799 3779
f 4234 3928 4378
f 3928 4194 4378
f 4234 4378 4673
f 4555 4234 4673
f 4194 4512 4378
f 4512 4576 4378
f 4576 4673 4378
f 4576 4512 4879
f 4673 4576 4879
f 3958 3967 3799
f 3807 3958 3799
f 4358 3967 3958
f 4350 4358 3958
f 4350 4740 4358
f 4740 4730 4358
f 4740 5072 4730
f 5072 5089 4730
f 5089 5072 5391
f 5072 5385 5391
f 5391 5385 5681
f 5385 5680 5681
f 4350 3958 4371
f 4740 4350 4371
f 3958 3954 4371
f 4756 4740 4371
f 5072 4740 4756
f 5077 5072 4756
f 5072 5077 5387
f 5385 5072 5387
f 5385 5387 5677
f 5680 5385 5677
f 5387 5389 5677
f 5389 5675 5677
f 5676 5675 5389
f 5395 5676 5389
f 5389 5105 5395
f 5387 5077 5105
f 5389 5387 5105
f 5077 4756 5105
f 5105 5148 5395
f 5148 5105 4779
f 4756 4779 5105
f 4812 5148 4779
f 4779 4439 4812
f 4439 4779 4756
f 4371 4439 4756
f 4371 3954 4439
f 4439 4493 4812
f 3954 4035 4439
f 4439 4035 4493
f 3954 3828 4035
f 3954 3807 3828
f 3954 3958 3807
f 3807 3779 3828
f 3828 3779 3670
f 3825 3828 3670
f 3828 3825 4035
f 4099 4035 3825
f 4035 4099 4493
f 3846 4099 3825
f 3846 3881 4099
f 3814 3881 3846
f 3784 3814 3846
f 3846 3781 3784
f 3781 3668 3784
f 3784 3668 3624
f 3786 3784 3624
f 3786 3624 3597
f 3800 3786 3597
f 3800 3597 3831
f 3597 3646 3831
f 3646 3597 3406
f 3399 3406 3597
f 3539 3399 3597
f 3624 3539 3597
f 3399 3264 3406
f 3264 3252 3406
f 3264 3150 3252
f 3150 3113 3252
f 3464 3646 3406
f 3406 3252 3464
f 3252 3261 3464
f 3252 3113 3092
f 3261 3252 3092
f 3646 3856 3831
f 3856 3646 3464
f 3856 3959 3831
f 3856 4256 3959
f 4256 4319 3959
f 4256 4706 4319
f 4706 4722 4319
f 4722 4706 5185
f 4706 5180 5185
f 5185 5180 5633
f 5645 5185 5633
f 5180 4706 5164
f 5633 5180 5164
f 4706 4691 5164
f 4160 4691 4706
f 4256 4160 4706
f 4160 4256 3856
f 3666 4160 3856
f 3666 3856 3464
f 5631 5633 5164
f 3666 3464 3508
f 3464 3261 3508
f 3508 3261 3284
f 3261 3092 3284
f 3284 3092 2913
f 3033 3284 2913
f 2913 3092 2949
f 2949 2848 2913
f 2940 2848 2949
f 3034 2940 2949
f 2762 2848 2940
f 2877 2762 2940
f 2877 2849 2762
f 2849 2691 2762
f 2690 2691 2849
f 2856 2690 2849
f 2690 2856 2791
f 2856 2886 2791
f 2791 2886 2884
f 2886 2974 2884
f 2884 2974 3133
f 3035 2884 3133
f 3035 3133 3213
f 3377 3213 3133
f 3413 3213 3377
f 3213 3413 3250
f 3213 3250 3036
f 3035 3213 3036
f 3250 3138 3036
f 3413 3398 3250
f 3564 3398 3413
f 3592 3564 3413
f 3632 3592 3413
f 3577 3632 3413
f 3577 3413 3377
f 3035 3036 2887
f 2884 3035 2887
f 3036 3138 2887
f 2887 2704 2884
f 3138 3039 2887
f 3138 3194 3039
f 3194 3099 3039
f 3166 3099 3194
f 3111 3099 3166
f 3099 3111 3027
f 3111 3054 3027
f 3027 3054 3082
f 3070 3027 3082
f 3070 3082 3153
f 3147 3070 3153
f 3147 3153 3268
f 3287 3147 3268
f 3287 3268 3424
f 3515 3287 3424
f 3515 3424 3540
f 3645 3515 3540
f 3540 3558 3645
f 3558 3787 3645
f 3558 3542 3787
f 3542 3673 3787
f 3542 3440 3673
f 3440 3575 3673
f 3440 3303 3575
f 3303 3327 3575
f 3327 3303 3166
f 3303 3184 3166
f 3184 3111 3166
f 3327 3166 3376
f 3327 3376 3575
f 3166 3194 3376
f 3376 3612 3575
f 3575 3612 4002
f 3575 4002 3673
f 3612 4033 4002
f 4033 4627 4002
f 4627 4575 4002
f 4575 4627 5132
f 5104 4575 5132
f 5104 5132 5724
f 5727 5104 5724
f 5104 5727 5056
f 5104 5056 4575
f 5727 5729 5056
f 5056 4533 4575
f 4003 4002 4575
f 4533 4003 4575
f 4002 4003 3673
f 4003 3787 3673
f 3787 4003 3645
f 4003 3933 3645
f 4003 4533 3933
f 5056 5729 5045
f 5729 5728 5045
f 5056 5045 4504
f 4533 5056 4504
f 4533 4504 3933
f 3645 3933 3870
f 3607 3645 3870
f 3515 3645 3607
f 3515 3607 3287
f 3607 3335 3287
f 3287 3335 3147
f 3335 3207 3147
f 3147 3207 3070
f 3366 3207 3335
f 3366 3390 3207
f 3390 3195 3207
f 3066 3207 3195
f 3207 3066 3070
f 3070 3066 2984
f 3027 3070 2984
f 3099 3027 2984
f 3039 3099 2984
f 3437 3366 3335
f 3335 3607 3616
f 3437 3335 3616
f 3849 3616 3607
f 3870 3849 3607
f 4385 3849 3870
f 4443 4385 3870
f 4995 4385 4443
f 5025 4995 4443
f 4995 5025 5726
f 5721 4995 5726
f 5726 5025 5045
f 5728 5726 5045
f 4504 5045 5025
f 4443 4504 5025
f 4443 3870 3933
f 4504 4443 3933
f 5721 5717 4995
f 5717 5014 4995
f 4385 4995 5014
f 5014 5717 4987
f 5717 5713 4987
f 4913 4987 5713
f 5709 4913 5713
f 4362 4385 5014
f 4362 5014 4987
f 4987 4913 4210
f 4284 4987 4210
f 4284 4362 4987
f 4210 3649 4284
f 3649 3679 4284
f 4362 4284 3679
f 3812 4362 3679
f 4362 3812 4385
f 3812 3849 4385
f 3849 3812 3616
f 3616 3812 3679
f 3437 3616 3679
f 3679 3366 3437
f 3679 3649 3366
f 3649 3390 3366
f 5709 5698 4913
f 5698 4880 4913
f 4118 4210 4913
f 3649 4210 4118
f 4880 4118 4913
f 3625 3649 4118
f 3649 3625 3390
f 3625 3333 3390
f 3390 3333 3195
f 3333 3102 3195
f 3195 3102 3066
f 3102 2924 3066
f 2924 2871 3066
f 2871 2984 3066
f 3039 2984 2871
f 2887 3039 2871
f 2887 2871 2686
f 2704 2887 2686
f 2704 2686 2646
f 2646 2690 2704
f 2690 2791 2704
f 2704 2791 2884
f 2691 2690 2646
f 2641 2691 2646
f 2762 2691 2641
f 2674 2762 2641
f 2762 2674 2786
f 2848 2762 2786
f 2848 2786 2913
f 2627 2641 2646
f 2674 2641 2627
f 2635 2627 2646
f 2686 2635 2646
f 2635 2686 2763
f 2654 2635 2763
f 2763 2897 2654
f 2897 2802 2654
f 2802 2795 2654
f 2795 2652 2654
f 2652 2627 2635
f 2654 2652 2635
f 2897 2763 3102
f 2763 2924 3102
f 2924 2763 2871
f 2763 2686 2871
f 2652 2795 2875
f 2708 2652 2875
f 2652 2708 2627
f 2708 2666 2627
f 2666 2674 2627
f 2914 2708 2875
f 3101 2914 2875
f 2708 2914 2817
f 2666 2708 2817
f 2666 2817 2674
f 2817 2786 2674
f 2802 2897 3141
f 2897 3211 3141
f 3333 3211 2897
f 3102 3333 2897
f 3101 2875 3208
f 3388 3101 3208
f 3137 3208 2875
f 2802 3141 3137
f 2795 2802 3137
f 2795 3137 2875
f 2786 2817 3033
f 2817 2914 3033
f 2913 2786 3033
f 3388 3648 3101
f 3211 3333 3625
f 3589 3211 3625
f 3141 3211 3589
f 3625 4118 3589
f 4118 3993 3589
f 4807 3993 4118
f 4880 4807 4118
f 4807 4880 5698
f 5688 4807 5698
f 4807 5688 5683
f 4746 4807 5683
f 4807 4746 3934
f 3993 4807 3934
f 3559 3589 3993
f 3934 3559 3993
f 3559 3141 3589
f 4746 5683 4736
f 3934 4746 4736
f 5683 5678 4736
f 5678 5674 4736
f 5674 4732 4736
f 4732 5674 5660
f 4760 4732 5660
f 4760 5660 5145
f 5660 5638 5145
f 5145 5638 5632
f 5155 5145 5632
f 5155 5632 5199
f 5632 5626 5199
f 5199 5626 5186
f 5626 5627 5186
f 5186 5627 5164
f 5627 5631 5164
f 5186 5164 4692
f 5186 4692 5199
f 5164 4691 4692
f 4691 4160 4692
f 4160 4139 4692
f 3672 4139 4160
f 3666 3672 4160
f 3672 3666 3508
f 4692 4696 5199
f 4696 4692 4139
f 5199 4696 5155
f 4087 4696 4139
f 4139 3672 4087
f 3672 3626 4087
f 4696 4087 4662
f 4696 4662 5155
f 4087 4086 4662
f 4086 4087 3626
f 3675 4086 3626
f 3672 3508 3284
f 3626 3672 3284
f 3227 3626 3284
f 3675 3626 3227
f 3418 3675 3227
f 3227 2914 3418
f 2914 3227 3033
f 3227 3284 3033
f 2914 3101 3418
f 3648 3418 3101
f 3675 3418 3648
f 3675 3648 4094
f 4086 3675 4094
f 4662 4086 4094
f 4624 4662 4094
f 5145 5155 4662
f 4624 5145 4662
f 4760 5145 4624
f 4624 4094 4034
f 4760 4624 4034
f 4034 3969 4760
f 3969 4732 4760
f 3969 3930 4732
f 3930 4736 4732
f 3930 3934 4736
f 3541 3930 3969
f 3934 3930 3541
f 3590 3541 3969
f 3590 3969 4034
f 3541 3590 3137
f 3590 3208 3137
f 3559 3934 3541
f 3541 3137 3141
f 3559 3541 3141
f 3637 3590 4034
f 3590 3637 3208
f 3637 3388 3208
f 3648 3388 3637
f 3637 4034 4094
f 3648 3637 4094
f 8122 8143 8286
f 8122 8286 8201
f 8085 8122 8201
f 8085 8201 8103
f 8085 8103 8014
f 8014 8103 8059
f 8014 8059 7986
f 7986 8059 8048
f 7986 8048 8012
f 8012 8048 8101
f 7982 8012 8101
f 7956 7982 8101
f 7944 7956 8101
f 7935 7944 8101
f 7952 7935 8101
f 7990 7952 8101
f 8055 7990 8101
f 8117 8055 8101
f 8179 8117 8101
f 8222 8179 8101
f 8210 8179 8222
f 8268 8210 8222
f 8256 8210 8268
f 8316 8256 8268
f 8261 8256 8316
f 8349 8261 8316
f 8119 8117 8179
f 8210 8119 8179
f 8115 8119 8210
f 8256 8115 8210
f 8102 8115 8256
f 8261 8102 8256
f 8021 8055 8117
f 8119 8021 8117
f 7943 8021 8119
f 8115 7943 8119
f 7858 7943 8115
f 8102 7858 8115
f 8021 7913 8055
f 7754 7913 8021
f 7943 7754 8021
f 7658 7754 7943
f 7858 7658 7943
f 7754 7692 7913
f 7692 7848 7913
f 7913 7848 7990
f 7913 7990 8055
f 7848 7952 7990
f 7570 7692 7754
f 7658 7570 7754
f 7848 7818 7952
f 7818 7935 7952
f 7659 7818 7848
f 7692 7659 7848
f 7453 7659 7692
f 7570 7453 7692
f 7818 7816 7935
f 7816 7944 7935
f 7642 7816 7818
f 7659 7642 7818
f 7454 7642 7659
f 7453 7454 7659
f 7816 7828 7944
f 7828 7956 7944
f 7669 7828 7816
f 7642 7669 7816
f 7567 7669 7642
f 7454 7567 7642
f 7828 7871 7956
f 7871 7982 7956
f 7711 7871 7828
f 7669 7711 7828
f 7611 7711 7669
f 7567 7611 7669
f 7871 7912 7982
f 7912 8012 7982
f 7796 7912 7871
f 7711 7796 7871
f 7696 7796 7711
f 7611 7696 7711
f 7912 7986 8012
f 7905 7986 7912
f 7796 7905 7912
f 7836 7905 7796
f 7696 7836 7796
f 7905 8014 7986
f 7971 8014 7905
f 7836 7971 7905
f 7971 8085 8014
f 7563 7609 7951
f 7727 7563 7951
f 7609 8008 7951
f 7951 8008 8202
f 6878 6840 6511
f 6536 6878 6511
f 6536 6511 6261
f 6258 6536 6261
f 6258 6261 6064
f 6031 6258 6064
f 6031 6064 5955
f 5929 6031 5955
f 6878 7244 6840
f 7244 7205 6840
f 7244 7402 7205
f 7402 7372 7205
f 7402 7434 7372
f 7434 7413 7372
f 7434 7438 7413
f 7438 7422 7413
f 7438 7426 7422
f 7426 7399 7422
f 7426 7353 7399
f 7353 7299 7399
f 7353 7134 7299
f 7134 7079 7299
f 7134 6795 7079
f 6795 6762 7079
f 6795 6493 6762
f 6493 6467 6762
f 6493 6209 6467
f 6209 6203 6467
f 6209 6042 6203
f 6042 6043 6203
f 6042 5930 6043
f 5930 5949 6043
f 5930 5929 5949
f 5929 5955 5949
f 5902 5949 5955
f 5920 5902 5955
f 5920 5955 6064
f 6035 5920 6064
f 6035 6064 6261
f 6230 6035 6261
f 6230 6261 6511
f 6484 6230 6511
f 6484 6511 6840
f 6814 6484 6840
f 6814 6840 7205
f 7173 6814 7205
f 7173 7205 7372
f 7356 7173 7372
f 7356 7372 7413
f 7405 7356 7413
f 7405 7413 7422
f 7414 7405 7422
f 7414 7422 7399
f 7385 7414 7399
f 7385 7399 7299
f 7264 7385 7299
f 7264 7299 7079
f 7044 7264 7079
f 7044 7079 6762
f 6725 7044 6762
f 6725 6762 6467
f 6433 6725 6467
f 6433 6467 6203
f 6155 6433 6203
f 6155 6203 6043
f 5987 6155 6043
f 5987 6043 5949
f 5902 5987 5949
f 6050 6056 5648
f 5645 6050 5648
f 6050 6513 6056
f 6513 6507 6056
f 6513 6916 6507
f 6916 6902 6507
f 6902 6916 7180
f 6916 7276 7180
f 7180 7276 7359
f 7276 7404 7359
f 7359 7404 7416
f 7404 7435 7416
f 7416 7435 7449
f 7427 7416 7449
f 7427 7449 7451
f 7421 7427 7451
f 7768 7870 7736
f 7657 7768 7736
f 7811 7736 7870
f 7811 7695 7736
f 7695 7673 7736
f 7657 7736 7673
f 7695 7677 7673
f 7677 7648 7673
f 7677 7693 7648
f 7693 7655 7648
f 7693 7795 7655
f 7795 7721 7655
f 7795 7932 7721
f 7932 7846 7721
f 7932 8051 7846
f 8051 7968 7846
f 8051 8124 7968
f 8124 8033 7968
f 8124 8181 8033
f 8181 8074 8033
f 8181 8153 8074
f 8153 8056 8074
f 8153 8082 8056
f 8082 7987 8056
f 8082 7967 7987
f 7967 7870 7987
f 7967 7811 7870
f 7654 7721 7846
f 7753 7654 7846
f 7753 7846 7968
f 7856 7753 7968
f 7856 7968 8033
f 7946 7856 8033
f 7946 8033 8074
f 7979 7946 8074
f 7979 8074 8056
f 7966 7979 8056
f 7966 8056 7987
f 7881 7966 7987
f 7881 7987 7870
f 7768 7881 7870
f 7654 7602 7721
f 7602 7655 7721
f 7602 7600 7655
f 7600 7648 7655
f 7600 7614 7648
f 7614 7673 7648
f 7614 7657 7673
f 8048 8091 8101
f 8059 8091 8048
f 8091 8125 8101
f 8120 8125 8091
f 8059 8120 8091
f 8103 8120 8059
f 8125 8170 8101
f 8192 8170 8125
f 8120 8192 8125
f 8203 8192 8120
f 8103 8203 8120
f 8201 8203 8103
f 8203 8284 8192
f 8284 8264 8192
f 8192 8264 8170
f 8295 8284 8203
f 8201 8295 8203
f 8284 8327 8264
f 8358 8327 8284
f 8295 8358 8284
f 8264 8214 8170
f 8264 8298 8214
f 8298 8247 8214
f 8214 8247 8101
f 8170 8214 8101
f 8357 8298 8264
f 8327 8357 8264
f 8386 8357 8327
f 8358 8386 8327
f 8247 8246 8101
f 8294 8246 8247
f 8298 8294 8247
f 8356 8294 8298
f 8357 8356 8298
f 8379 8356 8357
f 8386 8379 8357
f 8246 8222 8101
f 8268 8222 8246
f 8294 8268 8246
f 8316 8268 8294
f 8356 8316 8294
f 8349 8316 8356
f 8379 8349 8356
f 7076 7354 7136
f 7076 7136 6742
f 6553 7076 6742
f 6553 6423 6087
f 5971 6553 6087
f 5971 5986 6553
f 5986 5971 5686
f 5971 5679 5686
f 5986 6496 6553
f 6553 6496 6938
f 7076 6553 6938
f 5679 5971 5676
f 5971 5840 5676
f 5971 6087 5840
f 6938 6496 6814
f 6496 6484 6814
f 6496 6230 6484
f 6230 6496 5986
f 6553 6742 6423
f 6938 6814 7173
f 7226 6938 7173
f 7076 6938 7226
f 7226 7173 7356
f 7712 7226 7356
f 7712 7356 7405
f 7697 7712 7405
f 7697 7405 7414
f 7718 7697 7414
f 7718 7414 7385
f 7703 7718 7385
f 7703 7385 7264
f 7637 7703 7264
f 7637 7264 7044
f 7400 7637 7044
f 7400 7044 6725
f 6934 7400 6725
f 6934 6725 6433
f 6304 6934 6433
f 6304 6433 6155
f 5718 6304 6155
f 5718 6155 5987
f 5714 5718 5987
f 5714 5987 5902
f 5708 5714 5902
f 5708 5902 5920
f 5706 5708 5920
f 5706 5920 6035
f 5696 5706 6035
f 5696 6035 6230
f 5691 5696 6230
f 6230 5986 5691
f 5686 5691 5986
f 6321 6304 5718
f 5722 6321 5718
f 5722 5725 6321
f 5725 6316 6321
f 6321 6316 7017
f 6316 7090 7017
f 7017 7090 7602
f 7017 7602 7654
f 7442 7017 7654
f 7654 7753 7442
f 7753 7705 7442
f 7400 7442 7705
f 7637 7400 7705
f 7753 7856 7705
f 7856 7815 7705
f 7637 7705 7815
f 7703 7637 7815
f 7090 7600 7602
f 7090 7178 7600
f 7178 7614 7600
f 7178 7378 7614
f 7378 7657 7614
f 7378 7617 7657
f 7617 7768 7657
f 7617 7649 7768
f 7649 7881 7768
f 7649 7857 7881
f 7857 7966 7881
f 7857 7969 7966
f 7969 7979 7966
f 7969 7885 7979
f 7703 7815 7885
f 7885 7946 7979
f 7885 7815 7946
f 7815 7856 7946
f 7378 7178 6343
f 7617 7378 6343
f 7178 6251 6343
f 6251 7178 7090
f 6316 6251 7090
f 5723 6251 6316
f 6343 6251 5723
f 5725 5723 6316
f 5720 6343 5723
f 6343 5720 6509
f 5720 5716 6509
f 5716 5711 6509
f 5711 6601 6509
f 6509 6601 7617
f 6509 7617 6343
f 6601 7649 7617
f 6601 6599 7649
f 6599 7640 7649
f 7649 7640 7857
f 7640 8007 7857
f 7857 8007 7969
f 8007 8108 7969
f 7969 8108 7885
f 8108 8032 7885
f 7885 8032 7718
f 7718 7703 7885
f 8032 7697 7718
f 5705 6599 6601
f 5711 5705 6601
f 8032 8342 7697
f 8342 7712 7697
f 8395 8342 8032
f 8108 8395 8032
f 8319 8395 8108
f 8007 8319 8108
f 7814 8319 8007
f 7640 7814 8007
f 7814 7640 6599
f 6563 6599 5705
f 6563 7814 6599
f 5685 6563 5705
f 6566 6563 5685
f 5671 6566 5685
f 7644 7814 6563
f 6566 7644 6563
f 7814 7644 8319
f 8273 8395 8319
f 8141 8273 8319
f 7644 8141 8319
f 8259 8342 8395
f 8273 8259 8395
f 7712 8342 8259
f 7769 7712 8259
f 7712 7769 7421
f 7712 7421 7354
f 7226 7712 7354
f 7354 7076 7226
f 7769 7427 7421
f 7882 7769 8259
f 7882 8259 8273
f 7416 7769 7882
f 7769 7416 7427
f 7416 7882 7359
f 7882 7625 7359
f 7625 7231 7359
f 7231 7180 7359
f 7231 6902 7180
f 7231 6344 6902
f 6344 6507 6902
f 6344 6056 6507
f 6344 5635 6056
f 5635 5648 6056
f 7625 7882 7888
f 7888 7882 8273
f 8141 7888 8273
f 7888 8141 7644
f 7595 7625 7888
f 7625 7595 7231
f 7595 7888 7644
f 6380 6344 7231
f 7159 6380 7231
f 7595 7159 7231
f 5634 5635 6344
f 6380 5634 6344
f 5634 6380 5671
f 6380 6566 5671
f 7595 7644 6566
f 7159 7595 6566
f 6380 7159 6566
f 7017 6934 6304
f 6321 7017 6304
f 7017 7442 6934
f 7442 7400 6934
f 3796 3945 3599
f 4101 3945 3796
f 3882 4101 3796
f 3599 3441 3796
f 3441 3606 3796
f 3796 3606 3882
f 3606 3809 3882
f 4101 3882 3936
f 4156 4101 3936
f 4440 4101 4156
f 4473 4440 4156
f 4742 4440 4473
f 4768 4742 4473
f 5026 4742 4768
f 5032 5026 4768
f 5193 5026 5032
f 5192 5193 5032
f 5305 5193 5192
f 5294 5305 5192
f 3882 3809 3836
f 3936 3882 3836
f 3836 3809 3813
f 3809 3797 3813
f 3813 3797 3822
f 3797 3801 3822
f 3822 3801 3863
f 3801 3833 3863
f 3863 3833 4030
f 3833 3991 4030
f 4030 3991 4395
f 3991 4357 4395
f 4395 4357 4724
f 4357 4699 4724
f 4724 4699 4974
f 4699 4977 4974
f 4974 4977 5171
f 4977 5204 5171
f 5171 5204 5280
f 5204 5306 5280
f 5280 5306 5294
f 5294 5345 5280
f 5345 5315 5280
f 5280 5315 5171
f 5306 5305 5294
f 5315 5200 5171
f 5171 5200 4974
f 5200 5005 4974
f 4974 5005 4724
f 5005 4751 4724
f 4724 4751 4395
f 4751 4421 4395
f 4395 4421 4030
f 4421 4062 4030
f 4030 4062 3863
f 4062 3879 3863
f 3863 3879 3822
f 3879 3830 3822
f 3822 3830 3813
f 3830 3821 3813
f 3813 3821 3836
f 3821 3850 3836
f 3836 3850 3936
f 3850 3971 3936
f 3936 3971 4156
f 3971 4191 4156
f 4156 4191 4473
f 4191 4510 4473
f 4473 4510 4768
f 4510 4802 4768
f 4768 4802 5032
f 4802 5080 5032
f 5032 5080 5192
f 5080 5260 5192
f 5192 5260 5294
f 5260 5345 5294
f 5699 5694 5310
f 5310 5307 5699
f 5307 5701 5699
f 5327 5011 5021
f 5021 5011 4877
f 5011 4817 4877
f 4877 4817 4842
f 4817 4804 4842
f 4842 4804 4838
f 4804 4841 4838
f 4862 4838 4841
f 4868 4862 4841
f 4841 4904 4868
f 4862 4868 4950
f 4950 4868 4904
f 4947 4862 4950
f 4947 5018 4862
f 5018 4947 5074
f 5087 5018 5074
f 5087 5074 5323
f 5087 5323 5069
f 5069 5018 5087
f 5074 5321 5323
f 4952 5018 5069
f 5018 4952 4862
f 5068 5074 4947
f 4950 5068 4947
f 5321 5074 5068
f 5319 5321 5068
f 5319 5068 5088
f 5366 5319 5088
f 5366 5088 5393
f 5088 5125 5393
f 5366 5393 5689
f 5125 5088 4990
f 5088 5068 4990
f 5002 5125 4990
f 5068 4950 4990
f 4990 4950 4904
f 4904 5002 4990
f 5324 5703 5704
f 5314 5324 5704
f 3092 3113 2949
f 2949 3113 3034
f 3113 3150 3034
f 3034 3150 3132
f 3132 3150 3221
f 3132 3221 3176
f 3176 3221 3249
f 3176 3249 3187
f 3187 3249 3223
f 3187 3223 3134
f 3223 3253 3134
f 3253 3279 3134
f 3279 3291 3134
f 3291 3300 3134
f 3300 3283 3134
f 3283 3245 3134
f 3245 3180 3134
f 3180 3118 3134
f 3118 3056 3134
f 3056 3013 3134
f 3056 3025 3013
f 3025 2967 3013
f 3025 2979 2967
f 2979 2919 2967
f 2979 2974 2919
f 2974 2886 2919
f 3116 3025 3056
f 3118 3116 3056
f 3120 2979 3025
f 3116 3120 3025
f 3133 2974 2979
f 3120 3133 2979
f 3214 3116 3118
f 3180 3214 3118
f 3292 3120 3116
f 3214 3292 3116
f 3377 3133 3120
f 3292 3377 3120
f 3322 3214 3180
f 3481 3292 3214
f 3322 3481 3214
f 3577 3377 3292
f 3481 3577 3292
f 3543 3481 3322
f 3387 3543 3322
f 3387 3322 3245
f 3245 3322 3180
f 3283 3387 3245
f 3665 3577 3481
f 3543 3665 3481
f 3417 3387 3283
f 3300 3417 3283
f 3576 3543 3387
f 3417 3576 3387
f 3782 3665 3543
f 3576 3782 3543
f 3419 3417 3300
f 3291 3419 3300
f 3593 3576 3417
f 3419 3593 3417
f 3781 3782 3576
f 3593 3781 3576
f 3407 3419 3291
f 3279 3407 3291
f 3566 3593 3419
f 3407 3566 3419
f 3668 3781 3593
f 3566 3668 3593
f 3364 3407 3279
f 3253 3364 3279
f 3524 3566 3407
f 3364 3524 3407
f 3624 3668 3566
f 3524 3624 3566
f 3323 3364 3253
f 3223 3323 3253
f 3439 3524 3364
f 3323 3439 3364
f 3539 3624 3524
f 3439 3539 3524
f 3249 3323 3223
f 3330 3439 3323
f 3249 3330 3323
f 3399 3539 3439
f 3330 3399 3439
f 3221 3330 3249
f 3264 3399 3330
f 3221 3264 3330
f 3150 3264 3221
f 5185 5645 5648
f 5179 5185 5648
f 4722 5185 5179
f 4728 4722 5179
f 4319 4722 4728
f 4333 4319 4728
f 4319 4333 4055
f 3959 4319 4055
f 3959 4055 3876
f 3831 3959 3876
f 3831 3876 3819
f 3800 3831 3819
f 3800 3819 3786
f 3819 3808 3786
f 3786 3808 3784
f 3808 3814 3784
f 3467 3578 3499
f 3365 3467 3499
f 3499 3424 3365
f 3540 3424 3499
f 3562 3540 3499
f 3499 3578 3562
f 3558 3540 3562
f 3587 3558 3562
f 3542 3558 3587
f 3580 3542 3587
f 3440 3542 3580
f 3514 3440 3580
f 3303 3440 3514
f 3389 3303 3514
f 3184 3303 3389
f 3267 3184 3389
f 3111 3184 3267
f 3202 3111 3267
f 3054 3111 3202
f 3161 3054 3202
f 3082 3054 3161
f 3179 3082 3161
f 3153 3082 3179
f 3248 3153 3179
f 3268 3153 3248
f 3365 3268 3248
f 3424 3268 3365
f 3514 3581 3389
f 3633 3581 3514
f 3580 3633 3514
f 3635 3633 3580
f 3587 3635 3580
f 3621 3635 3587
f 3562 3621 3587
f 3578 3621 3562
f 3179 3269 3248
f 3256 3269 3179
f 3269 3354 3248
f 3248 3354 3365
f 3354 3467 3365
f 3581 3482 3389
f 3389 3482 3267
f 3482 3379 3267
f 3267 3379 3202
f 3379 3289 3202
f 3289 3256 3161
f 3202 3289 3161
f 3161 3256 3179
f 3144 3187 3134
f 3144 3176 3187
f 3110 3144 3134
f 3115 3176 3144
f 3110 3115 3144
f 3115 3132 3176
f 3065 3110 3134
f 3043 3115 3110
f 3065 3043 3110
f 3032 3132 3115
f 3043 3032 3115
f 3032 3034 3132
f 2951 3032 3043
f 2971 2951 3043
f 2971 3043 3065
f 2940 3034 3032
f 2951 2940 3032
f 2908 2951 2971
f 2877 2940 2951
f 2908 2877 2951
f 3021 2971 3065
f 2937 2971 3021
f 2988 2937 3021
f 2988 3021 3134
f 3021 3065 3134
f 2878 2908 2971
f 2937 2878 2971
f 2849 2877 2908
f 2878 2849 2908
f 2989 2988 3134
f 2941 2937 2988
f 2989 2941 2988
f 2879 2878 2937
f 2941 2879 2937
f 2856 2849 2878
f 2879 2856 2878
f 3013 2989 3134
f 2967 2941 2989
f 3013 2967 2989
f 2919 2879 2941
f 2967 2919 2941
f 2886 2856 2879
f 2919 2886 2879
f 3881 4159 4099
f 4099 4159 4493
f 4159 4682 4493
f 4682 5264 5148
f 4812 4682 5148
f 5261 5264 4682
f 5264 5261 5686
f 5679 5264 5686
f 4739 5261 4682
f 4739 4682 4297
f 4682 4159 4297
f 5264 5679 5676
f 5395 5264 5676
f 5148 5264 5395
f 4739 4297 4421
f 4751 4739 4421
f 5005 4739 4751
f 4739 5005 5261
f 4493 4682 4812
f 4421 4297 4062
f 4297 4009 4062
f 4297 4159 4009
f 4062 4009 3879
f 4009 3523 3879
f 3879 3523 3830
f 3523 3538 3830
f 3830 3538 3821
f 3538 3517 3821
f 3821 3517 3850
f 3517 3532 3850
f 3850 3532 3971
f 3532 3598 3971
f 3971 3598 4191
f 3598 3835 4191
f 4191 3835 4510
f 3835 4301 4510
f 4510 4301 4802
f 4301 4931 4802
f 4802 4931 5080
f 4931 5718 5080
f 5080 5718 5260
f 5718 5714 5260
f 5260 5714 5345
f 5714 5708 5345
f 5345 5708 5315
f 5708 5706 5315
f 5315 5706 5200
f 5706 5696 5200
f 5200 5696 5005
f 5696 5691 5005
f 5261 5005 5691
f 5691 5686 5261
f 4931 4914 5718
f 4914 5722 5718
f 5725 5722 4914
f 4919 5725 4914
f 4919 4914 4218
f 4145 4919 4218
f 4145 4218 3633
f 3633 4218 3581
f 4218 3793 3581
f 3482 3581 3793
f 3530 3482 3793
f 3793 3835 3530
f 3835 3598 3530
f 3379 3482 3530
f 3420 3379 3530
f 3530 3598 3420
f 3598 3532 3420
f 3635 4145 3633
f 4057 4145 3635
f 3621 4057 3635
f 3857 4057 3621
f 3578 3857 3621
f 3618 3857 3578
f 3467 3618 3578
f 3586 3618 3467
f 3354 3586 3467
f 3378 3586 3354
f 3269 3378 3354
f 3266 3378 3269
f 3256 3266 3269
f 3350 3266 3256
f 3420 3532 3350
f 3289 3350 3256
f 3420 3350 3289
f 3379 3420 3289
f 4057 3857 4892
f 3857 3618 4892
f 4984 4057 4892
f 4057 4984 4145
f 4984 4919 4145
f 4984 5723 4919
f 4984 4892 5723
f 5723 5725 4919
f 4892 5720 5723
f 5720 4892 4726
f 5716 5720 4726
f 5711 5716 4726
f 4634 5711 4726
f 4634 4726 3618
f 3618 4726 4892
f 3586 4634 3618
f 4636 4634 3586
f 3595 4636 3586
f 3595 3586 3378
f 3228 3595 3378
f 3228 3378 3266
f 3127 3228 3266
f 3127 3266 3350
f 3203 3127 3350
f 3203 3350 3517
f 3532 3517 3350
f 3538 3203 3517
f 5705 5711 4634
f 4636 5705 4634
f 2893 3203 3538
f 3523 2893 3538
f 2840 3127 3203
f 2893 2840 3203
f 2916 3228 3127
f 2840 2916 3127
f 3421 3595 3228
f 2916 3421 3228
f 3595 3421 4636
f 4636 4672 5705
f 3421 4672 4636
f 4672 5685 5705
f 4672 4669 5685
f 4669 5671 5685
f 3591 4669 4672
f 3421 3591 4672
f 3591 3421 2916
f 2840 2962 2916
f 2962 3094 2916
f 3094 3591 2916
f 2976 2962 2840
f 2893 2976 2840
f 2893 3523 2976
f 3523 3466 2976
f 3466 3523 3814
f 3814 3523 3881
f 3523 4009 3881
f 4159 3881 4009
f 3808 3466 3814
f 3466 3353 2976
f 2976 3353 2962
f 3466 3819 3353
f 3819 3466 3808
f 3353 3819 3876
f 3610 3353 3876
f 4004 3610 3876
f 4055 4004 3876
f 4333 4004 4055
f 4891 4004 4333
f 4728 4891 4333
f 5179 4891 4728
f 5635 4891 5179
f 5648 5635 5179
f 3353 3610 3347
f 3353 3347 2962
f 3347 3094 2962
f 3094 3347 3591
f 3610 3640 3347
f 3640 3610 4004
f 3347 3640 3591
f 4891 4855 4004
f 4855 4076 4004
f 4076 3640 4004
f 5634 4855 4891
f 5635 5634 4891
f 4855 5634 5671
f 4669 4855 5671
f 3640 4076 4669
f 3591 3640 4669
f 4076 4855 4669
f 4218 4914 4931
f 4301 4218 4931
f 3793 4218 4301
f 3835 3793 4301
f 8355 8161 7631
f 7792 8355 7631
f 8354 8355 7792
f 7791 8354 7792
f 8160 8161 8355
f 8354 8160 8355
f 7630 7631 8161
f 8160 7630 8161
f 8160 8354 7791
f 7630 8160 7791
f 2881 3444 3605
f 3075 2881 3605
f 2881 2880 3444
f 2880 3443 3444
f 3075 3074 2881
f 3074 2880 2881
f 3605 3604 3075
f 3604 3074 3075
f 2880 3074 3443
f 3074 3604 3443
f 6455 6257 6369
f 6557 6455 6369
f 6455 6096 6257
f 6096 6014 6257
f 6096 5529 6014
f 5529 5531 6014
f 6557 6369 6255
f 6453 6557 6255
f 6453 6255 6012
f 6094 6453 6012
f 6094 6012 5521
f 5517 6094 5521
f 5517 5521 5222
f 5140 5517 5222
f 5140 5222 4979
f 4781 5140 4979
f 4781 4979 4867
f 4679 4781 4867
f 4679 4867 4981
f 4783 4679 4981
f 4783 4981 5224
f 5142 4783 5224
f 5142 5224 5531
f 5529 5142 5531
f 6093 6094 5517
f 6093 6452 6094
f 5516 6093 5517
f 5516 5517 5140
f 5139 5516 5140
f 5139 5140 4781
f 4780 5139 4781
f 4780 4781 4679
f 4678 4780 4679
f 4678 4679 4783
f 4782 4678 4783
f 4782 4783 5142
f 5141 4782 5142
f 5141 5142 5529
f 5528 5141 5529
f 5223 5141 5528
f 5530 5223 5528
f 4980 4782 5141
f 5223 4980 5141
f 4866 4678 4782
f 4980 4866 4782
f 4978 4780 4678
f 4866 4978 4678
f 5221 5139 4780
f 4978 5221 4780
f 5520 5516 5139
f 5221 5520 5139
f 6011 6093 5516
f 5520 6011 5516
f 6452 6556 6453
f 6556 6557 6453
f 6452 6453 6094
f 6556 6454 6557
f 6454 6455 6557
f 6454 6095 6455
f 6095 6096 6455
f 6095 5528 6096
f 5528 5529 6096
f 6256 6454 6556
f 6368 6256 6556
f 6368 6556 6452
f 6013 6095 6454
f 6256 6013 6454
f 5530 5528 6095
f 6013 5530 6095
f 6254 6368 6452
f 6254 6452 6093
f 6011 6254 6093
f 7181 7125 7124
f 7190 7181 7124
f 7181 7197 7125
f 7197 7145 7125
f 7190 7124 7142
f 7206 7190 7142
f 7216 7206 7142
f 7160 7216 7142
f 7212 7216 7160
f 7161 7212 7160
f 7197 7212 7161
f 7145 7197 7161
f 7229 7181 7190
f 7235 7229 7190
f 7235 7190 7206
f 7234 7197 7181
f 7229 7234 7181
f 7197 7234 7212
f 7234 7245 7212
f 7212 7245 7216
f 7245 7263 7216
f 7216 7263 7206
f 7263 7250 7206
f 7250 7235 7206
f 7280 7235 7250
f 7263 7280 7250
f 7245 7280 7263
f 7234 7280 7245
f 7280 7234 7229
f 7280 7229 7235
f 6376 6375 6386
f 6407 6376 6386
f 6416 6376 6407
f 6392 6376 6416
f 6376 6379 6375
f 6376 6392 6379
f 6375 6379 6389
f 6379 6391 6389
f 6379 6392 6391
f 6389 6391 6408
f 6391 6409 6408
f 6391 6420 6409
f 6392 6420 6391
f 6420 6435 6409
f 6389 6408 6434
f 6417 6389 6434
f 6407 6386 6417
f 6375 6389 6417
f 6386 6375 6417
f 6430 6417 6434
f 6416 6407 6430
f 6430 6407 6417
f 6450 6430 6434
f 6432 6430 6450
f 6392 6416 6432
f 6432 6416 6430
f 6451 6432 6450
f 6420 6432 6451
f 6420 6392 6432
f 6435 6420 6451
f 6993 6958 6957
f 6995 6993 6957
f 6993 7005 6958
f 7005 6975 6958
f 6995 6957 6974
f 7013 6995 6974
f 7023 7013 6974
f 6996 7023 6974
f 7021 7023 6996
f 6997 7021 6996
f 7005 7021 6997
f 6975 7005 6997
f 7022 6993 6995
f 7024 7022 6995
f 7024 6995 7013
f 7035 7005 6993
f 7022 7035 6993
f 7005 7035 7021
f 7035 7043 7021
f 7021 7043 7023
f 7043 7045 7023
f 7023 7045 7013
f 7045 7040 7013
f 7040 7024 7013
f 7057 7024 7040
f 7045 7057 7040
f 7043 7057 7045
f 7035 7057 7043
f 7057 7035 7022
f 7057 7022 7024
f 6582 6575 6583
f 6609 6582 6583
f 6610 6582 6609
f 6585 6582 6610
f 6582 6576 6575
f 6582 6585 6576
f 6575 6576 6571
f 6576 6572 6571
f 6576 6585 6572
f 6571 6572 6569
f 6572 6570 6569
f 6572 6592 6570
f 6585 6592 6572
f 6592 6594 6570
f 6571 6569 6593
f 6589 6571 6593
f 6609 6583 6589
f 6575 6571 6589
f 6583 6575 6589
f 6613 6589 6593
f 6610 6609 6613
f 6613 6609 6589
f 6626 6613 6593
f 6614 6613 6626
f 6585 6610 6614
f 6614 6610 6613
f 6627 6614 6626
f 6592 6614 6627
f 6592 6585 6614
f 6594 6592 6627
f 6774 6759 6758
f 6777 6774 6758
f 6774 6804 6759
f 6804 6779 6759
f 6777 6758 6778
f 6809 6777 6778
f 6835 6809 6778
f 6818 6835 6778
f 6834 6835 6818
f 6819 6834 6818
f 6804 6834 6819
f 6779 6804 6819
f 6808 6774 6777
f 6815 6808 6777
f 6815 6777 6809
f 6829 6804 6774
f 6808 6829 6774
f 6804 6829 6834
f 6829 6841 6834
f 6834 6841 6835
f 6841 6844 6835
f 6835 6844 6809
f 6844 6833 6809
f 6833 6815 6809
f 6842 6815 6833
f 6844 6842 6833
f 6841 6842 6844
f 6829 6842 6841
f 6842 6829 6808
f 6842 6808 6815
f 4054 4045 4111
f 4110 4054 4111
f 4038 4054 4110
f 4090 4038 4110
f 4111 4045 4093
f 4045 4029 4093
f 4029 4019 4093
f 4019 4075 4093
f 4019 4023 4075
f 4023 4074 4075
f 4023 4038 4074
f 4038 4090 4074
f 4054 4006 4045
f 4006 4000 4045
f 4045 4000 4029
f 4001 4006 4054
f 4038 4001 4054
f 4001 4038 4023
f 3990 4001 4023
f 3990 4023 4019
f 3972 3990 4019
f 3972 4019 4029
f 3985 3972 4029
f 4000 3985 4029
f 4000 3955 3985
f 3955 3972 3985
f 3955 3990 3972
f 3955 4001 3990
f 4001 3955 4006
f 4006 3955 4000
f 4860 4859 4849
f 4859 4828 4849
f 4859 4819 4828
f 4859 4843 4819
f 4856 4859 4860
f 4843 4859 4856
f 4856 4860 4846
f 4844 4856 4846
f 4843 4856 4844
f 4844 4846 4827
f 4826 4844 4827
f 4815 4844 4826
f 4815 4843 4844
f 4800 4815 4826
f 4827 4846 4801
f 4846 4818 4801
f 4849 4828 4818
f 4860 4849 4818
f 4846 4860 4818
f 4818 4805 4801
f 4828 4819 4805
f 4828 4805 4818
f 4805 4785 4801
f 4805 4803 4785
f 4819 4843 4803
f 4819 4803 4805
f 4803 4784 4785
f 4803 4815 4784
f 4843 4815 4803
f 4815 4800 4784
f 4242 4240 4278
f 4277 4242 4278
f 4230 4242 4277
f 4260 4230 4277
f 4278 4240 4261
f 4240 4222 4261
f 4222 4212 4261
f 4212 4239 4261
f 4212 4214 4239
f 4214 4238 4239
f 4214 4230 4238
f 4230 4260 4238
f 4242 4213 4240
f 4213 4211 4240
f 4240 4211 4222
f 4200 4213 4242
f 4230 4200 4242
f 4200 4230 4214
f 4192 4200 4214
f 4192 4214 4212
f 4190 4192 4212
f 4190 4212 4222
f 4195 4190 4222
f 4211 4195 4222
f 4211 4178 4195
f 4178 4190 4195
f 4178 4192 4190
f 4178 4200 4192
f 4200 4178 4213
f 4213 4178 4211
f 4660 4653 4652
f 4653 4626 4652
f 4653 4625 4626
f 4653 4650 4625
f 4659 4653 4660
f 4650 4653 4659
f 4659 4660 4664
f 4663 4659 4664
f 4650 4659 4663
f 4663 4664 4666
f 4665 4663 4666
f 4643 4663 4665
f 4643 4650 4663
f 4641 4643 4665
f 4666 4664 4642
f 4664 4646 4642
f 4652 4626 4646
f 4660 4652 4646
f 4664 4660 4646
f 4646 4622 4642
f 4626 4625 4622
f 4626 4622 4646
f 4622 4609 4642
f 4622 4621 4609
f 4625 4650 4621
f 4625 4621 4622
f 4621 4608 4609
f 4621 4643 4608
f 4650 4643 4621
f 4643 4641 4608
f 4461 4458 4477
f 4476 4461 4477
f 4431 4461 4476
f 4456 4431 4476
f 4477 4458 4457
f 4458 4426 4457
f 4426 4400 4457
f 4400 4417 4457
f 4400 4401 4417
f 4401 4416 4417
f 4401 4431 4416
f 4431 4456 4416
f 4461 4427 4458
f 4427 4420 4458
f 4458 4420 4426
f 4406 4427 4461
f 4431 4406 4461
f 4406 4431 4401
f 4394 4406 4401
f 4394 4401 4400
f 4391 4394 4400
f 4391 4400 4426
f 4402 4391 4426
f 4420 4402 4426
f 4420 4393 4402
f 4393 4391 4402
f 4393 4394 4391
f 4393 4406 4394
f 4406 4393 4427
f 4427 4393 4420
f 9958 10079 10080
f 9959 9958 10080
f 9958 9956 10079
f 9956 10077 10079
f 9956 9954 10077
f 9954 10075 10077
f 9954 9951 10075
f 9951 10073 10075
f 9951 9949 10073
f 9949 10071 10073
f 9949 9947 10071
f 9947 10069 10071
f 9957 9959 10080
f 10078 9957 10080
f 9955 9957 10078
f 10076 9955 10078
f 9955 10076 10074
f 9952 9955 10074
f 9950 9952 10074
f 10072 9950 10074
f 9950 10072 10070
f 9948 9950 10070
f 9947 9948 10070
f 10069 9947 10070
f 10071 10069 10108
f 10073 10071 10108
f 10110 10073 10108
f 10075 10073 10110
f 10112 10075 10110
f 10075 10112 10114
f 10077 10075 10114
f 10079 10077 10114
f 10116 10079 10114
f 10080 10079 10116
f 10117 10080 10116
f 10069 10070 10107
f 10106 10069 10107
f 10078 10080 10117
f 10115 10078 10117
f 10078 10115 10113
f 10076 10078 10113
f 10074 10076 10113
f 10111 10074 10113
f 10072 10074 10111
f 10072 10109 10107
f 10109 10072 10111
f 10070 10072 10107
f 10196 10117 10116
f 10195 10196 10116
f 10195 10116 10114
f 10193 10195 10114
f 10193 10114 10112
f 10191 10193 10112
f 10191 10112 10110
f 10189 10191 10110
f 10187 10189 10110
f 10108 10187 10110
f 10185 10187 10108
f 10106 10185 10108
f 10069 10106 10108
f 10195 10281 10196
f 10281 10282 10196
f 10279 10281 10195
f 10193 10279 10195
f 10279 10193 10191
f 10277 10279 10191
f 10277 10191 10189
f 10274 10277 10189
f 10272 10274 10189
f 10187 10272 10189
f 10272 10187 10185
f 10270 10272 10185
f 10282 10280 10194
f 10280 10278 10194
f 10278 10192 10194
f 10194 10192 10115
f 10192 10113 10115
f 10192 10190 10113
f 10192 10278 10190
f 10190 10111 10113
f 10111 10190 10109
f 10190 10188 10109
f 10109 10188 10107
f 10188 10186 10107
f 10186 10185 10107
f 10185 10106 10107
f 10194 10115 10117
f 10196 10194 10117
f 10270 10185 10186
f 10271 10270 10186
f 10271 10186 10188
f 10273 10271 10188
f 10273 10188 10190
f 10275 10273 10190
f 10278 10275 10190
f 10196 10282 10194
f 10345 10344 10423
f 10424 10345 10423
f 10344 10342 10423
f 10342 10421 10423
f 10342 10340 10421
f 10340 10419 10421
f 10340 10337 10419
f 10337 10417 10419
f 10337 10335 10417
f 10335 10415 10417
f 10335 10333 10415
f 10333 10413 10415
f 10343 10345 10424
f 10422 10343 10424
f 10341 10343 10422
f 10420 10341 10422
f 10338 10341 10420
f 10418 10338 10420
f 10338 10418 10416
f 10336 10338 10416
f 10336 10416 10414
f 10334 10336 10414
f 10334 10414 10413
f 10333 10334 10413
f 10415 10413 10466
f 10468 10415 10466
f 10413 10414 10467
f 10414 10416 10467
f 10466 10413 10467
f 10416 10469 10467
f 10416 10418 10469
f 10418 10471 10469
f 10418 10420 10473
f 10471 10418 10473
f 10473 10420 10475
f 10420 10422 10475
f 10475 10422 10477
f 10422 10424 10477
f 10477 10424 10476
f 10424 10423 10476
f 10423 10421 10476
f 10421 10474 10476
f 10474 10421 10472
f 10421 10419 10472
f 10472 10419 10470
f 10419 10417 10470
f 10417 10415 10470
f 10415 10468 10470
f 10476 10546 10477
f 10546 10476 10474
f 10546 10547 10477
f 10544 10546 10474
f 10544 10474 10472
f 10542 10544 10472
f 10542 10472 10470
f 10540 10542 10470
f 10538 10540 10470
f 10468 10538 10470
f 10536 10538 10468
f 10466 10536 10468
f 10546 10625 10547
f 10625 10546 10544
f 10625 10626 10547
f 10623 10625 10544
f 10623 10544 10542
f 10621 10623 10542
f 10618 10621 10542
f 10540 10618 10542
f 10616 10618 10540
f 10538 10616 10540
f 10616 10538 10536
f 10614 10616 10536
f 10547 10626 10545
f 10547 10545 10475
f 10545 10543 10475
f 10543 10473 10475
f 10543 10541 10473
f 10541 10471 10473
f 10471 10541 10469
f 10541 10539 10469
f 10539 10537 10469
f 10537 10467 10469
f 10467 10537 10466
f 10537 10536 10466
f 10537 10615 10536
f 10615 10537 10539
f 10615 10614 10536
f 10617 10615 10539
f 10619 10617 10539
f 10541 10619 10539
f 10619 10541 10543
f 10622 10619 10543
f 10622 10543 10545
f 10624 10622 10545
f 10626 10624 10545
f 10477 10547 10475
f 9938 9937 10058
f 10059 9938 10058
f 10058 9937 10056
f 9937 9935 10056
f 10056 9935 10054
f 9935 9933 10054
f 9933 9930 10054
f 9930 10052 10054
f 10052 9930 10050
f 9930 9928 10050
f 10050 9928 10048
f 9928 9926 10048
f 9938 10059 10057
f 9936 9938 10057
f 9936 10057 10055
f 9934 9936 10055
f 9931 9934 10055
f 10053 9931 10055
f 9931 10053 10051
f 9929 9931 10051
f 9929 10051 10049
f 9927 9929 10049
f 9926 9927 10049
f 10048 9926 10049
f 10050 10048 10096
f 10052 10050 10096
f 10098 10052 10096
f 10052 10098 10100
f 10054 10052 10100
f 10056 10054 10100
f 10102 10056 10100
f 10058 10056 10102
f 10104 10058 10102
f 10058 10104 10105
f 10059 10058 10105
f 10048 10049 10095
f 10094 10048 10095
f 10049 10051 10095
f 10051 10097 10095
f 10097 10051 10099
f 10051 10053 10099
f 10053 10055 10099
f 10055 10101 10099
f 10055 10057 10101
f 10057 10103 10101
f 10059 10105 10103
f 10057 10059 10103
f 10104 10183 10105
f 10183 10184 10105
f 10105 10184 10103
f 10181 10183 10104
f 10095 10174 10094
f 10174 10173 10094
f 10176 10174 10095
f 10176 10097 10099
f 10097 10176 10095
f 10178 10176 10099
f 10178 10099 10101
f 10180 10178 10101
f 10182 10180 10101
f 10103 10182 10101
f 10184 10182 10103
f 10261 10184 10183
f 10260 10261 10183
f 10260 10183 10181
f 10258 10260 10181
f 10258 10181 10179
f 10179 10181 10102
f 10102 10181 10104
f 10100 10179 10102
f 10179 10100 10098
f 10177 10179 10098
f 10177 10098 10096
f 10175 10177 10096
f 10175 10096 10094
f 10048 10094 10096
f 10173 10175 10094
f 10256 10258 10179
f 10253 10256 10179
f 10177 10253 10179
f 10251 10253 10177
f 10175 10251 10177
f 10251 10175 10173
f 10249 10251 10173
f 10249 10173 10174
f 10250 10249 10174
f 10250 10174 10176
f 10252 10250 10176
f 10252 10176 10178
f 10254 10252 10178
f 10257 10254 10178
f 10180 10257 10178
f 10259 10257 10180
f 10182 10259 10180
f 10259 10182 10184
f 10261 10259 10184
f 10332 10331 10411
f 10412 10332 10411
f 10411 10331 10409
f 10331 10329 10409
f 10409 10329 10407
f 10329 10327 10407
f 10327 10324 10407
f 10324 10405 10407
f 10324 10322 10405
f 10322 10403 10405
f 10403 10322 10401
f 10322 10320 10401
f 10332 10412 10410
f 10330 10332 10410
f 10330 10410 10408
f 10328 10330 10408
f 10328 10408 10406
f 10325 10328 10406
f 10325 10406 10404
f 10323 10325 10404
f 10321 10323 10404
f 10402 10321 10404
f 10321 10402 10401
f 10320 10321 10401
f 10403 10401 10454
f 10456 10403 10454
f 10401 10402 10455
f 10402 10404 10455
f 10454 10401 10455
f 10404 10457 10455
f 10404 10406 10457
f 10406 10459 10457
f 10406 10408 10461
f 10459 10406 10461
f 10408 10410 10461
f 10410 10463 10461
f 10410 10412 10463
f 10412 10465 10463
f 10465 10412 10464
f 10412 10411 10464
f 10464 10411 10462
f 10411 10409 10462
f 10409 10407 10462
f 10407 10460 10462
f 10407 10405 10460
f 10405 10458 10460
f 10405 10403 10458
f 10403 10456 10458
f 10534 10465 10464
f 10465 10534 10463
f 10533 10534 10464
f 10533 10464 10462
f 10531 10533 10462
f 10531 10462 10460
f 10529 10531 10460
f 10527 10529 10460
f 10458 10527 10460
f 10525 10527 10458
f 10456 10525 10458
f 10525 10456 10454
f 10523 10525 10454
f 10593 10534 10533
f 10592 10593 10533
f 10592 10533 10531
f 10590 10592 10531
f 10590 10531 10529
f 10588 10590 10529
f 10585 10588 10529
f 10527 10585 10529
f 10583 10585 10527
f 10525 10583 10527
f 10581 10583 10525
f 10523 10581 10525
f 10593 10591 10534
f 10591 10532 10534
f 10532 10591 10530
f 10532 10530 10461
f 10530 10528 10461
f 10528 10459 10461
f 10459 10528 10457
f 10528 10526 10457
f 10526 10524 10457
f 10524 10455 10457
f 10455 10524 10454
f 10524 10523 10454
f 10463 10532 10461
f 10534 10532 10463
f 10581 10523 10524
f 10582 10581 10524
f 10584 10582 10524
f 10526 10584 10524
f 10584 10526 10528
f 10586 10584 10528
f 10586 10528 10530
f 10589 10586 10530
f 10591 10589 10530
f 9506 9419 9404
f 9508 9506 9404
f 9404 9419 9329
f 9419 9344 9329
f 9329 9344 9302
f 9344 9319 9302
f 9302 9319 9327
f 9319 9342 9327
f 9342 9417 9327
f 9417 9402 9327
f 9402 9417 9500
f 9417 9502 9500
f 9506 9508 9621
f 9607 9506 9621
f 9607 9621 9685
f 9672 9607 9685
f 9672 9685 9702
f 9693 9672 9702
f 9693 9702 9683
f 9670 9693 9683
f 9605 9670 9683
f 9619 9605 9683
f 9605 9619 9500
f 9502 9605 9500
f 9402 9500 9499
f 9391 9402 9499
f 9500 9619 9629
f 9619 9683 9629
f 9499 9500 9629
f 9683 9695 9629
f 9683 9702 9707
f 9695 9683 9707
f 9702 9685 9707
f 9685 9696 9707
f 9696 9685 9630
f 9685 9621 9630
f 9621 9508 9630
f 9508 9510 9630
f 9510 9508 9392
f 9508 9404 9392
f 9404 9329 9392
f 9329 9318 9392
f 9318 9329 9299
f 9329 9302 9299
f 9299 9302 9317
f 9302 9327 9317
f 9327 9402 9317
f 9402 9391 9317
f 9392 9405 9510
f 9405 9509 9510
f 9330 9405 9392
f 9318 9330 9392
f 9303 9330 9318
f 9299 9303 9318
f 9328 9303 9299
f 9317 9328 9299
f 9403 9328 9317
f 9391 9403 9317
f 9403 9391 9499
f 9501 9403 9499
f 9405 9420 9509
f 9420 9507 9509
f 9345 9420 9405
f 9330 9345 9405
f 9345 9330 9303
f 9320 9345 9303
f 9343 9320 9303
f 9328 9343 9303
f 9343 9328 9403
f 9418 9343 9403
f 9418 9403 9501
f 9503 9418 9501
f 9507 9608 9509
f 9608 9622 9509
f 9509 9622 9510
f 9622 9630 9510
f 9622 9686 9630
f 9686 9696 9630
f 9686 9703 9696
f 9703 9707 9696
f 9707 9703 9695
f 9703 9684 9695
f 9695 9684 9629
f 9684 9620 9629
f 9620 9501 9629
f 9501 9499 9629
f 9620 9606 9501
f 9606 9620 9684
f 9606 9503 9501
f 9671 9606 9684
f 9671 9684 9703
f 9694 9671 9703
f 9694 9703 9686
f 9673 9694 9686
f 9673 9686 9622
f 9608 9673 9622
f 9423 9411 9496
f 9494 9423 9496
f 9411 9423 9333
f 9423 9348 9333
f 9348 9325 9333
f 9325 9309 9333
f 9325 9346 9309
f 9346 9331 9309
f 9331 9346 9409
f 9346 9421 9409
f 9409 9421 9488
f 9421 9490 9488
f 9494 9496 9617
f 9600 9494 9617
f 9664 9600 9617
f 9680 9664 9617
f 9664 9680 9700
f 9687 9664 9700
f 9687 9700 9678
f 9662 9687 9678
f 9598 9662 9678
f 9615 9598 9678
f 9598 9615 9488
f 9490 9598 9488
f 9409 9488 9487
f 9398 9409 9487
f 9409 9398 9323
f 9331 9409 9323
f 9309 9331 9323
f 9300 9309 9323
f 9309 9300 9324
f 9333 9309 9324
f 9411 9333 9324
f 9399 9411 9324
f 9496 9411 9399
f 9498 9496 9399
f 9488 9615 9487
f 9615 9624 9487
f 9615 9678 9624
f 9678 9689 9624
f 9678 9700 9689
f 9700 9704 9689
f 9700 9680 9704
f 9680 9690 9704
f 9680 9617 9690
f 9617 9625 9690
f 9496 9498 9625
f 9617 9496 9625
f 9399 9412 9498
f 9412 9497 9498
f 9624 9616 9487
f 9616 9489 9487
f 9679 9616 9624
f 9689 9679 9624
f 9679 9689 9704
f 9701 9679 9704
f 9681 9701 9704
f 9690 9681 9704
f 9618 9681 9690
f 9625 9618 9690
f 9618 9625 9498
f 9497 9618 9498
f 9412 9424 9497
f 9424 9495 9497
f 9424 9412 9334
f 9334 9412 9399
f 9324 9334 9399
f 9334 9324 9300
f 9310 9334 9300
f 9332 9310 9300
f 9323 9332 9300
f 9332 9323 9398
f 9410 9332 9398
f 9410 9398 9487
f 9489 9410 9487
f 9349 9424 9334
f 9326 9349 9334
f 9310 9326 9334
f 9326 9310 9332
f 9347 9326 9332
f 9422 9347 9332
f 9410 9422 9332
f 9422 9410 9489
f 9491 9422 9489
f 9599 9491 9489
f 9616 9599 9489
f 9599 9616 9679
f 9663 9599 9679
f 9688 9663 9679
f 9701 9688 9679
f 9665 9688 9701
f 9681 9665 9701
f 9601 9665 9681
f 9618 9601 9681
f 9601 9618 9497
f 9495 9601 9497
f 9495 9493 9601
f 9601 9493 9665
f 9665 9493 9688
f 9688 9493 9663
f 9663 9493 9599
f 9599 9493 9491
f 9491 9493 9422
f 9422 9493 9347
f 9347 9493 9326
f 9326 9493 9349
f 9349 9493 9424
f 9424 9493 9495
f 9423 9492 9348
f 9348 9492 9325
f 9325 9492 9346
f 9346 9492 9421
f 9421 9492 9490
f 9490 9492 9598
f 9598 9492 9662
f 9662 9492 9687
f 9687 9492 9664
f 9664 9492 9600
f 9600 9492 9494
f 9494 9492 9423
f 9507 9505 9608
f 9608 9505 9673
f 9673 9505 9694
f 9694 9505 9671
f 9671 9505 9606
f 9606 9505 9503
f 9503 9505 9418
f 9418 9505 9343
f 9343 9505 9320
f 9320 9505 9345
f 9345 9505 9420
f 9420 9505 9507
f 9419 9504 9344
f 9344 9504 9319
f 9319 9504 9342
f 9342 9504 9417
f 9417 9504 9502
f 9502 9504 9605
f 9605 9504 9670
f 9670 9504 9693
f 9693 9504 9672
f 9672 9504 9607
f 9607 9504 9506
f 9506 9504 9419
f 10593 10587 10591
f 10591 10587 10589
f 10589 10587 10586
f 10586 10587 10584
f 10584 10587 10582
f 10582 10587 10581
f 10581 10587 10583
f 10583 10587 10585
f 10585 10587 10588
f 10588 10587 10590
f 10590 10587 10592
f 10592 10587 10593
f 10331 10326 10329
f 10329 10326 10327
f 10327 10326 10324
f 10324 10326 10322
f 10322 10326 10320
f 10320 10326 10321
f 10321 10326 10323
f 10323 10326 10325
f 10325 10326 10328
f 10328 10326 10330
f 10330 10326 10332
f 10332 10326 10331
f 10261 10255 10259
f 10259 10255 10257
f 10257 10255 10254
f 10254 10255 10252
f 10252 10255 10250
f 10250 10255 10249
f 10249 10255 10251
f 10251 10255 10253
f 10253 10255 10256
f 10256 10255 10258
f 10258 10255 10260
f 10260 10255 10261
f 9937 9932 9935
f 9935 9932 9933
f 9933 9932 9930
f 9930 9932 9928
f 9928 9932 9926
f 9926 9932 9927
f 9927 9932 9929
f 9929 9932 9931
f 9931 9932 9934
f 9934 9932 9936
f 9936 9932 9938
f 9938 9932 9937
f 10626 10620 10624
f 10624 10620 10622
f 10622 10620 10619
f 10619 10620 10617
f 10617 10620 10615
f 10615 10620 10614
f 10614 10620 10616
f 10616 10620 10618
f 10618 10620 10621
f 10621 10620 10623
f 10623 10620 10625
f 10625 10620 10626
f 10344 10339 10342
f 10342 10339 10340
f 10340 10339 10337
f 10337 10339 10335
f 10335 10339 10333
f 10333 10339 10334
f 10334 10339 10336
f 10336 10339 10338
f 10338 10339 10341
f 10341 10339 10343
f 10343 10339 10345
f 10345 10339 10344
f 10282 10276 10280
f 10280 10276 10278
f 10278 10276 10275
f 10275 10276 10273
f 10273 10276 10271
f 10271 10276 10270
f 10270 10276 10272
f 10272 10276 10274
f 10274 10276 10277
f 10277 10276 10279
f 10279 10276 10281
f 10281 10276 10282
f 9958 9953 9956
f 9956 9953 9954
f 9954 9953 9951
f 9951 9953 9949
f 9949 9953 9947
f 9947 9953 9948
f 9948 9953 9950
f 9950 9953 9952
f 9952 9953 9955
f 9955 9953 9957
f 9957 9953 9959
f 9959 9953 9958
f 1148 1149 1026
f 1025 1148 1026
f 1146 1148 1025
f 1023 1146 1025
f 1144 1146 1023
f 1021 1144 1023
f 1141 1144 1021
f 1019 1141 1021
f 1139 1141 1019
f 1017 1139 1019
f 1137 1139 1017
f 1015 1137 1017
f 1149 1147 1026
f 1147 1024 1026
f 1147 1145 1024
f 1145 1022 1024
f 1022 1145 1020
f 1145 1142 1020
f 1142 1140 1020
f 1140 1018 1020
f 1018 1140 1016
f 1140 1138 1016
f 1138 1137 1016
f 1137 1015 1016
f 1015 1017 980
f 1017 1019 980
f 1019 982 980
f 1019 1021 982
f 1021 984 982
f 984 1021 986
f 1021 1023 986
f 1023 1025 986
f 1025 988 986
f 1025 1026 988
f 1026 989 988
f 1016 1015 979
f 1015 978 979
f 1018 1016 979
f 981 1018 979
f 1018 981 983
f 1020 1018 983
f 1020 983 985
f 1022 1020 985
f 1024 1022 985
f 1026 1024 989
f 987 1024 985
f 1024 987 989
f 989 910 988
f 910 909 988
f 988 909 986
f 909 907 986
f 986 907 984
f 907 905 984
f 984 905 982
f 905 903 982
f 903 901 982
f 901 980 982
f 901 899 980
f 899 978 980
f 978 1015 980
f 824 909 910
f 825 824 910
f 822 907 909
f 824 822 909
f 907 822 905
f 822 820 905
f 905 820 903
f 820 817 903
f 815 901 903
f 817 815 903
f 901 815 899
f 815 813 899
f 825 910 908
f 908 910 989
f 987 908 989
f 906 908 987
f 985 906 987
f 904 906 985
f 983 904 985
f 904 983 981
f 902 904 981
f 902 981 979
f 900 902 979
f 899 900 979
f 978 899 979
f 899 813 900
f 813 814 900
f 900 814 902
f 814 816 902
f 902 816 904
f 816 818 904
f 821 906 904
f 818 821 904
f 906 821 908
f 821 823 908
f 823 825 908
f 762 682 681
f 761 762 681
f 759 761 681
f 679 759 681
f 757 759 679
f 677 757 679
f 754 757 677
f 675 754 677
f 752 754 675
f 673 752 675
f 750 752 673
f 671 750 673
f 762 760 682
f 760 680 682
f 760 758 680
f 758 678 680
f 758 755 678
f 755 676 678
f 676 755 674
f 755 753 674
f 674 753 672
f 753 751 672
f 672 751 671
f 751 750 671
f 671 673 618
f 673 620 618
f 620 673 622
f 673 675 622
f 675 677 622
f 677 624 622
f 677 679 624
f 679 626 624
f 626 679 628
f 679 681 628
f 681 682 628
f 682 629 628
f 682 680 629
f 680 627 629
f 680 678 627
f 678 625 627
f 678 676 625
f 676 623 625
f 623 676 621
f 676 674 621
f 621 674 619
f 674 672 619
f 672 671 619
f 671 618 619
f 558 628 629
f 559 558 629
f 559 629 627
f 549 619 618
f 619 549 621
f 548 549 618
f 549 551 621
f 553 623 621
f 551 553 621
f 623 553 625
f 553 555 625
f 625 555 627
f 555 557 627
f 557 559 627
f 480 558 559
f 481 480 559
f 481 559 557
f 558 480 556
f 558 556 626
f 628 558 626
f 626 556 624
f 556 554 624
f 624 554 622
f 554 552 622
f 552 550 622
f 550 620 622
f 550 548 620
f 548 618 620
f 480 478 556
f 556 478 554
f 478 476 554
f 473 552 554
f 476 473 554
f 471 550 552
f 473 471 552
f 550 471 548
f 471 469 548
f 470 549 548
f 469 470 548
f 549 470 551
f 470 472 551
f 472 474 551
f 474 553 551
f 553 474 555
f 474 477 555
f 555 477 557
f 477 479 557
f 479 481 557
f 1170 1047 1046
f 1169 1170 1046
f 1169 1046 1044
f 1167 1169 1044
f 1167 1044 1042
f 1165 1167 1042
f 1162 1165 1042
f 1040 1162 1042
f 1162 1040 1038
f 1160 1162 1038
f 1160 1038 1036
f 1158 1160 1036
f 1047 1170 1045
f 1170 1168 1045
f 1045 1168 1043
f 1168 1166 1043
f 1166 1163 1043
f 1163 1041 1043
f 1041 1163 1039
f 1163 1161 1039
f 1039 1161 1037
f 1161 1159 1037
f 1159 1158 1037
f 1158 1036 1037
f 1036 1038 992
f 1038 1040 992
f 1040 994 992
f 994 1040 996
f 1040 1042 996
f 1042 1044 996
f 1044 998 996
f 1044 1046 998
f 1046 1000 998
f 1000 1046 1001
f 1046 1047 1001
f 1037 1036 991
f 1036 990 991
f 1039 1037 991
f 993 1039 991
f 1039 993 995
f 1041 1039 995
f 1043 1041 995
f 997 1043 995
f 1045 1043 997
f 999 1045 997
f 1047 1045 999
f 1001 1047 999
f 921 1000 1001
f 922 921 1001
f 922 1001 999
f 921 919 1000
f 912 991 990
f 911 912 990
f 914 993 991
f 993 914 995
f 912 914 991
f 914 916 995
f 995 916 997
f 916 918 997
f 920 999 997
f 918 920 997
f 920 922 999
f 922 846 921
f 846 845 921
f 921 845 919
f 845 843 919
f 919 843 917
f 919 917 998
f 919 998 1000
f 917 996 998
f 996 917 994
f 917 915 994
f 994 915 992
f 915 913 992
f 992 913 990
f 990 1036 992
f 913 911 990
f 843 841 917
f 838 915 917
f 841 838 917
f 836 913 915
f 838 836 915
f 913 836 911
f 836 834 911
f 834 835 912
f 911 834 912
f 912 835 914
f 835 837 914
f 914 837 916
f 837 839 916
f 839 842 916
f 842 918 916
f 842 844 918
f 844 920 918
f 920 844 922
f 844 846 922
f 775 694 693
f 774 775 693
f 774 693 691
f 772 774 691
f 772 691 689
f 770 772 689
f 767 770 689
f 687 767 689
f 765 767 687
f 685 765 687
f 765 685 683
f 763 765 683
f 694 775 692
f 775 773 692
f 692 773 690
f 773 771 690
f 690 771 688
f 771 768 688
f 688 768 686
f 768 766 686
f 766 764 686
f 764 684 686
f 684 764 683
f 764 763 683
f 683 685 630
f 685 632 630
f 632 685 634
f 685 687 634
f 634 687 636
f 687 689 636
f 636 689 638
f 689 691 638
f 691 693 638
f 693 640 638
f 693 694 640
f 694 641 640
f 684 683 631
f 686 684 631
f 633 686 631
f 688 686 633
f 635 688 633
f 688 635 637
f 690 688 637
f 692 690 637
f 639 692 637
f 694 692 639
f 641 694 639
f 641 572 640
f 572 641 639
f 572 571 640
f 640 571 638
f 571 569 638
f 638 569 636
f 569 567 636
f 567 565 636
f 565 634 636
f 565 563 634
f 563 632 634
f 632 563 630
f 563 561 630
f 570 639 637
f 570 572 639
f 572 514 571
f 514 513 571
f 571 513 569
f 513 511 569
f 569 511 567
f 511 509 567
f 506 565 567
f 509 506 567
f 504 563 565
f 506 504 565
f 502 561 563
f 504 502 563
f 568 570 637
f 566 568 637
f 635 566 637
f 566 635 633
f 564 566 633
f 562 564 633
f 631 562 633
f 562 631 630
f 683 630 631
f 561 562 630
f 561 502 562
f 502 503 562
f 505 564 562
f 503 505 562
f 564 505 566
f 505 507 566
f 566 507 568
f 507 510 568
f 510 512 568
f 512 570 568
f 570 512 572
f 512 514 572
f 1679 1681 1806
f 1789 1679 1806
f 1789 1806 1894
f 1871 1789 1894
f 1871 1894 1923
f 1902 1871 1923
f 1902 1923 1892
f 1869 1902 1892
f 1787 1869 1892
f 1804 1787 1892
f 1787 1804 1673
f 1675 1787 1673
f 1681 1679 1534
f 1679 1570 1534
f 1534 1570 1466
f 1570 1479 1466
f 1466 1479 1435
f 1479 1454 1435
f 1435 1454 1464
f 1454 1477 1464
f 1477 1568 1464
f 1568 1532 1464
f 1532 1568 1673
f 1568 1675 1673
f 1673 1804 1672
f 1804 1821 1672
f 1821 1804 1904
f 1804 1892 1904
f 1892 1923 1904
f 1923 1927 1904
f 1923 1894 1927
f 1894 1905 1927
f 1905 1894 1822
f 1894 1806 1822
f 1806 1681 1822
f 1681 1683 1822
f 1532 1673 1525
f 1464 1532 1525
f 1452 1464 1525
f 1464 1452 1431
f 1435 1464 1431
f 1466 1435 1431
f 1453 1466 1431
f 1466 1453 1524
f 1683 1681 1524
f 1534 1466 1524
f 1681 1534 1524
f 1807 1822 1683
f 1682 1807 1683
f 1807 1895 1822
f 1465 1452 1525
f 1533 1465 1525
f 1674 1533 1525
f 1672 1674 1525
f 1436 1431 1452
f 1465 1436 1452
f 1431 1436 1453
f 1436 1467 1453
f 1453 1467 1524
f 1467 1535 1524
f 1535 1682 1683
f 1524 1535 1683
f 1790 1807 1682
f 1680 1790 1682
f 1872 1895 1807
f 1790 1872 1807
f 1895 1872 1924
f 1895 1924 1905
f 1895 1905 1822
f 1924 1927 1905
f 1924 1893 1927
f 1893 1904 1927
f 1893 1805 1904
f 1805 1821 1904
f 1821 1805 1672
f 1805 1674 1672
f 1872 1903 1924
f 1870 1893 1924
f 1903 1870 1924
f 1893 1870 1805
f 1870 1788 1805
f 1805 1788 1674
f 1788 1676 1674
f 1571 1680 1682
f 1535 1571 1682
f 1480 1571 1535
f 1467 1480 1535
f 1455 1480 1467
f 1436 1455 1467
f 1478 1455 1436
f 1465 1478 1436
f 1569 1478 1465
f 1533 1569 1465
f 1569 1533 1674
f 1676 1569 1674
f 1673 1672 1525
f 1785 1691 1693
f 1799 1785 1693
f 1785 1799 1890
f 1867 1785 1890
f 1896 1867 1890
f 1916 1896 1890
f 1865 1896 1916
f 1888 1865 1916
f 1865 1888 1797
f 1783 1865 1797
f 1783 1797 1685
f 1687 1783 1685
f 1693 1691 1538
f 1691 1577 1538
f 1577 1485 1538
f 1485 1471 1538
f 1471 1485 1439
f 1485 1462 1439
f 1439 1462 1469
f 1462 1487 1469
f 1487 1575 1469
f 1575 1536 1469
f 1536 1575 1685
f 1575 1687 1685
f 1685 1797 1684
f 1797 1814 1684
f 1814 1797 1898
f 1797 1888 1898
f 1888 1916 1898
f 1916 1926 1898
f 1926 1916 1899
f 1916 1890 1899
f 1890 1799 1899
f 1799 1815 1899
f 1799 1693 1815
f 1693 1695 1815
f 1536 1685 1684
f 1530 1536 1684
f 1469 1536 1530
f 1460 1469 1530
f 1439 1469 1460
f 1434 1439 1460
f 1471 1439 1434
f 1461 1471 1434
f 1538 1471 1461
f 1529 1538 1461
f 1693 1538 1529
f 1695 1693 1529
f 1800 1815 1695
f 1694 1800 1695
f 1800 1891 1815
f 1537 1530 1684
f 1686 1537 1684
f 1470 1460 1530
f 1537 1470 1530
f 1460 1470 1434
f 1470 1440 1434
f 1472 1461 1434
f 1440 1472 1434
f 1539 1529 1461
f 1472 1539 1461
f 1539 1694 1695
f 1529 1539 1695
f 1786 1800 1694
f 1800 1786 1891
f 1692 1786 1694
f 1786 1868 1891
f 1868 1897 1891
f 1897 1917 1891
f 1891 1917 1926
f 1899 1891 1926
f 1891 1899 1815
f 1917 1889 1926
f 1917 1897 1889
f 1889 1898 1926
f 1898 1889 1814
f 1889 1798 1814
f 1814 1798 1684
f 1798 1686 1684
f 1897 1866 1889
f 1784 1798 1889
f 1866 1784 1889
f 1798 1784 1686
f 1784 1688 1686
f 1578 1692 1694
f 1539 1578 1694
f 1578 1539 1472
f 1486 1578 1472
f 1486 1472 1440
f 1463 1486 1440
f 1463 1440 1470
f 1488 1463 1470
f 1576 1488 1470
f 1537 1576 1470
f 1576 1537 1686
f 1688 1576 1686
f 1690 1692 1578
f 1690 1578 1486
f 1690 1486 1463
f 1690 1463 1488
f 1690 1488 1576
f 1690 1576 1688
f 1690 1688 1784
f 1690 1784 1866
f 1690 1866 1897
f 1690 1897 1868
f 1690 1868 1786
f 1690 1786 1692
f 1689 1785 1867
f 1689 1867 1896
f 1689 1896 1865
f 1689 1865 1783
f 1689 1783 1687
f 1689 1687 1575
f 1689 1575 1487
f 1689 1487 1462
f 1689 1462 1485
f 1689 1485 1577
f 1689 1577 1691
f 1689 1691 1785
f 1678 1680 1571
f 1678 1571 1480
f 1678 1480 1455
f 1678 1455 1478
f 1678 1478 1569
f 1678 1569 1676
f 1678 1676 1788
f 1678 1788 1870
f 1678 1870 1903
f 1678 1903 1872
f 1678 1872 1790
f 1678 1790 1680
f 1677 1789 1871
f 1677 1871 1902
f 1677 1902 1869
f 1677 1869 1787
f 1677 1787 1675
f 1677 1675 1568
f 1677 1568 1477
f 1677 1477 1454
f 1677 1454 1479
f 1677 1479 1570
f 1677 1570 1679
f 1677 1679 1789
f 508 514 512
f 508 512 510
f 508 510 507
f 508 507 505
f 508 505 503
f 508 503 502
f 508 502 504
f 508 504 506
f 508 506 509
f 508 509 511
f 508 511 513
f 508 513 514
f 769 774 772
f 769 772 770
f 769 770 767
f 769 767 765
f 769 765 763
f 769 763 764
f 769 764 766
f 769 766 768
f 769 768 771
f 769 771 773
f 769 773 775
f 769 775 774
f 840 846 844
f 840 844 842
f 840 842 839
f 840 839 837
f 840 837 835
f 840 835 834
f 840 834 836
f 840 836 838
f 840 838 841
f 840 841 843
f 840 843 845
f 840 845 846
f 1164 1169 1167
f 1164 1167 1165
f 1164 1165 1162
f 1164 1162 1160
f 1164 1160 1158
f 1164 1158 1159
f 1164 1159 1161
f 1164 1161 1163
f 1164 1163 1166
f 1164 1166 1168
f 1164 1168 1170
f 1164 1170 1169
f 475 481 479
f 475 479 477
f 475 477 474
f 475 474 472
f 475 472 470
f 475 470 469
f 475 469 471
f 475 471 473
f 475 473 476
f 475 476 478
f 475 478 480
f 475 480 481
f 756 761 759
f 756 759 757
f 756 757 754
f 756 754 752
f 756 752 750
f 756 750 751
f 756 751 753
f 756 753 755
f 756 755 758
f 756 758 760
f 756 760 762
f 756 762 761
f 819 825 823
f 819 823 821
f 819 821 818
f 819 818 816
f 819 816 814
f 819 814 813
f 819 813 815
f 819 815 817
f 819 817 820
f 819 820 822
f 819 822 824
f 819 824 825
f 1143 1148 1146
f 1143 1146 1144
f 1143 1144 1141
f 1143 1141 1139
f 1143 1139 1137
f 1143 1137 1138
f 1143 1138 1140
f 1143 1140 1142
f 1143 1142 1145
f 1143 1145 1147
f 1143 1147 1149
f 1143 1149 1148
f 9979 10092 10093
f 9980 9979 10093
f 9979 9977 10092
f 9977 10090 10092
f 9977 9975 10090
f 9975 10088 10090
f 9975 9972 10088
f 9972 10086 10088
f 10086 9972 10084
f 9972 9970 10084
f 10084 9970 10082
f 9970 9968 10082
f 9978 9980 10093
f 10091 9978 10093
f 9976 9978 10091
f 10089 9976 10091
f 9976 10089 10087
f 9973 9976 10087
f 9971 9973 10087
f 10085 9971 10087
f 9971 10085 10083
f 9969 9971 10083
f 9969 10083 10082
f 9968 9969 10082
f 10084 10082 10138
f 10086 10084 10138
f 10140 10086 10138
f 10086 10140 10142
f 10088 10086 10142
f 10090 10088 10142
f 10144 10090 10142
f 10092 10090 10144
f 10146 10092 10144
f 10093 10092 10146
f 10147 10093 10146
f 10082 10083 10137
f 10136 10082 10137
f 10083 10085 10137
f 10085 10139 10137
f 10139 10085 10141
f 10085 10087 10141
f 10141 10087 10143
f 10087 10089 10143
f 10143 10089 10145
f 10089 10091 10145
f 10091 10093 10147
f 10145 10091 10147
f 10146 10231 10147
f 10231 10232 10147
f 10231 10146 10144
f 10229 10231 10144
f 10229 10144 10142
f 10227 10229 10142
f 10225 10227 10142
f 10140 10225 10142
f 10223 10225 10140
f 10138 10223 10140
f 10223 10138 10136
f 10082 10136 10138
f 10221 10223 10136
f 10231 10308 10232
f 10308 10309 10232
f 10306 10308 10231
f 10229 10306 10231
f 10304 10306 10229
f 10227 10304 10229
f 10301 10304 10227
f 10225 10301 10227
f 10301 10225 10223
f 10299 10301 10223
f 10297 10299 10223
f 10221 10297 10223
f 10309 10307 10232
f 10307 10230 10232
f 10232 10230 10147
f 10230 10145 10147
f 10230 10228 10145
f 10230 10307 10228
f 10228 10143 10145
f 10228 10226 10143
f 10226 10141 10143
f 10141 10226 10139
f 10226 10224 10139
f 10139 10224 10137
f 10224 10222 10137
f 10222 10221 10137
f 10221 10136 10137
f 10222 10298 10221
f 10298 10297 10221
f 10300 10298 10222
f 10224 10300 10222
f 10302 10300 10224
f 10226 10302 10224
f 10305 10302 10226
f 10228 10305 10226
f 10307 10305 10228
f 10389 10452 10453
f 10390 10389 10453
f 10452 10389 10450
f 10389 10387 10450
f 10450 10387 10448
f 10387 10385 10448
f 10385 10382 10448
f 10382 10446 10448
f 10382 10380 10446
f 10380 10444 10446
f 10444 10380 10442
f 10380 10378 10442
f 10388 10390 10453
f 10451 10388 10453
f 10386 10388 10451
f 10449 10386 10451
f 10386 10449 10447
f 10383 10386 10447
f 10381 10383 10447
f 10445 10381 10447
f 10379 10381 10445
f 10443 10379 10445
f 10378 10379 10443
f 10442 10378 10443
f 10444 10442 10506
f 10446 10444 10506
f 10508 10446 10506
f 10446 10508 10510
f 10448 10446 10510
f 10450 10448 10510
f 10512 10450 10510
f 10452 10450 10512
f 10514 10452 10512
f 10453 10452 10514
f 10515 10453 10514
f 10442 10443 10504
f 10443 10505 10504
f 10443 10445 10505
f 10445 10507 10505
f 10445 10447 10507
f 10447 10509 10507
f 10447 10449 10509
f 10449 10511 10509
f 10449 10451 10511
f 10451 10453 10515
f 10451 10513 10511
f 10513 10451 10515
f 10605 10515 10514
f 10515 10605 10513
f 10604 10605 10514
f 10604 10514 10512
f 10602 10604 10512
f 10602 10512 10510
f 10600 10602 10510
f 10600 10510 10508
f 10598 10600 10508
f 10598 10508 10506
f 10596 10598 10506
f 10594 10596 10506
f 10504 10594 10506
f 10442 10504 10506
f 10605 10603 10513
f 10603 10601 10513
f 10674 10605 10604
f 10673 10674 10604
f 10673 10604 10602
f 10671 10673 10602
f 10669 10671 10602
f 10600 10669 10602
f 10666 10669 10600
f 10598 10666 10600
f 10664 10666 10598
f 10596 10664 10598
f 10662 10664 10596
f 10594 10662 10596
f 10670 10601 10603
f 10601 10670 10599
f 10601 10599 10511
f 10599 10509 10511
f 10509 10599 10507
f 10599 10597 10507
f 10597 10595 10507
f 10595 10505 10507
f 10595 10594 10505
f 10594 10504 10505
f 10601 10511 10513
f 10595 10663 10594
f 10663 10662 10594
f 10665 10663 10595
f 10597 10665 10595
f 10667 10665 10597
f 10599 10667 10597
f 10670 10667 10599
f 10672 10670 10603
f 10674 10672 10603
f 10605 10674 10603
f 10674 10668 10672
f 10672 10668 10670
f 10670 10668 10667
f 10667 10668 10665
f 10665 10668 10663
f 10663 10668 10662
f 10662 10668 10664
f 10664 10668 10666
f 10666 10668 10669
f 10669 10668 10671
f 10671 10668 10673
f 10673 10668 10674
f 10389 10384 10387
f 10387 10384 10385
f 10385 10384 10382
f 10382 10384 10380
f 10380 10384 10378
f 10378 10384 10379
f 10379 10384 10381
f 10381 10384 10383
f 10383 10384 10386
f 10386 10384 10388
f 10388 10384 10390
f 10390 10384 10389
f 10309 10303 10307
f 10307 10303 10305
f 10305 10303 10302
f 10302 10303 10300
f 10300 10303 10298
f 10298 10303 10297
f 10297 10303 10299
f 10299 10303 10301
f 10301 10303 10304
f 10304 10303 10306
f 10306 10303 10308
f 10308 10303 10309
f 9979 9974 9977
f 9977 9974 9975
f 9975 9974 9972
f 9972 9974 9970
f 9970 9974 9968
f 9968 9974 9969
f 9969 9974 9971
f 9971 9974 9973
f 9973 9974 9976
f 9976 9974 9978
f 9978 9974 9980
f 9980 9974 9979
f 1126 1127 1013
f 1012 1126 1013
f 1124 1126 1012
f 1010 1124 1012
f 1122 1124 1010
f 1008 1122 1010
f 1119 1122 1008
f 1006 1119 1008
f 1119 1006 1004
f 1117 1119 1004
f 1117 1004 1002
f 1115 1117 1002
f 1127 1125 1013
f 1125 1011 1013
f 1125 1123 1011
f 1123 1009 1011
f 1009 1123 1007
f 1123 1120 1007
f 1120 1118 1007
f 1118 1005 1007
f 1005 1118 1003
f 1118 1116 1003
f 1003 1116 1002
f 1116 1115 1002
f 1002 1004 950
f 1004 1006 950
f 1006 952 950
f 952 1006 954
f 1006 1008 954
f 1008 1010 954
f 1010 956 954
f 1010 1012 956
f 1012 958 956
f 1012 1013 958
f 1013 959 958
f 1003 1002 949
f 1002 948 949
f 1005 1003 949
f 951 1005 949
f 1005 951 953
f 1007 1005 953
f 1007 953 955
f 1009 1007 955
f 1009 955 957
f 1011 1009 957
f 1011 957 959
f 1013 1011 959
f 873 958 959
f 874 873 959
f 948 863 949
f 863 864 949
f 866 951 949
f 864 866 949
f 868 953 951
f 866 868 951
f 953 868 955
f 868 870 955
f 955 870 957
f 870 872 957
f 872 874 959
f 957 872 959
f 797 873 874
f 798 797 874
f 797 795 873
f 795 871 873
f 873 871 956
f 958 873 956
f 956 871 954
f 871 869 954
f 869 867 954
f 867 952 954
f 867 865 952
f 865 950 952
f 950 865 948
f 948 1002 950
f 865 863 948
f 793 869 871
f 795 793 871
f 790 867 869
f 793 790 869
f 867 790 865
f 790 788 865
f 786 863 865
f 788 786 865
f 787 864 863
f 786 787 863
f 787 789 864
f 789 866 864
f 789 791 866
f 791 868 866
f 791 794 868
f 794 870 868
f 794 796 870
f 796 872 870
f 872 796 874
f 796 798 874
f 716 717 653
f 652 716 653
f 716 652 650
f 714 716 650
f 714 650 648
f 712 714 648
f 709 712 648
f 646 709 648
f 707 709 646
f 644 707 646
f 707 644 642
f 705 707 642
f 717 715 653
f 715 651 653
f 715 713 651
f 713 649 651
f 649 713 647
f 713 710 647
f 710 708 647
f 708 645 647
f 708 706 645
f 706 643 645
f 706 705 643
f 705 642 643
f 642 644 582
f 644 646 582
f 646 584 582
f 584 646 586
f 646 648 586
f 648 650 586
f 650 588 586
f 650 652 588
f 652 590 588
f 652 653 590
f 653 591 590
f 643 642 580
f 581 643 580
f 653 651 591
f 651 589 591
f 589 651 587
f 651 649 587
f 587 649 585
f 649 647 585
f 585 647 583
f 583 645 581
f 647 645 583
f 645 643 581
f 591 501 590
f 501 591 589
f 501 500 590
f 590 500 588
f 500 498 588
f 588 498 586
f 498 496 586
f 586 496 584
f 496 494 584
f 584 494 582
f 494 492 582
f 492 490 582
f 490 580 582
f 580 642 582
f 501 433 500
f 433 432 500
f 500 432 498
f 432 430 498
f 428 496 498
f 430 428 498
f 425 494 496
f 428 425 496
f 423 492 494
f 425 423 494
f 421 490 492
f 423 421 492
f 433 501 499
f 499 501 589
f 497 499 589
f 587 497 589
f 495 497 587
f 585 495 587
f 495 585 583
f 493 495 583
f 491 493 583
f 581 491 583
f 490 491 581
f 580 490 581
f 422 491 490
f 421 422 490
f 424 493 491
f 422 424 491
f 426 495 493
f 424 426 493
f 429 497 495
f 426 429 495
f 497 429 499
f 429 431 499
f 431 433 499
f 427 433 431
f 427 431 429
f 427 429 426
f 427 426 424
f 427 424 422
f 427 422 421
f 427 421 423
f 427 423 425
f 427 425 428
f 427 428 430
f 427 430 432
f 427 432 433
f 711 716 714
f 711 714 712
f 711 712 709
f 711 709 707
f 711 707 705
f 711 705 706
f 711 706 708
f 711 708 710
f 711 710 713
f 711 713 715
f 711 715 717
f 711 717 716
f 792 798 796
f 792 796 794
f 792 794 791
f 792 791 789
f 792 789 787
f 792 787 786
f 792 786 788
f 792 788 790
f 792 790 793
f 792 793 795
f 792 795 797
f 792 797 798
f 1121 1126 1124
f 1121 1124 1122
f 1121 1122 1119
f 1121 1119 1117
f 1121 1117 1115
f 1121 1115 1116
f 1121 1116 1118
f 1121 1118 1120
f 1121 1120 1123
f 1121 1123 1125
f 1121 1125 1127
f 1121 1127 1126
f 7505 7288 7220
f 7505 7396 7288
f 7505 7503 7396
f 7505 7220 7289
f 7505 7289 7397
f 7505 7397 7504
f 7505 7504 7668
f 7505 7668 7764
f 7505 7764 7808
f 7505 7808 7763
f 7505 7763 7667
f 7505 7667 7503
f 7220 7288 6813
f 7289 7220 6813
f 7288 6930 6813
f 7288 7396 6930
f 7396 7258 6930
f 7396 7503 7501
f 7258 7396 7501
f 7503 7667 7501
f 7667 7785 7501
f 7667 7763 7997
f 7785 7667 7997
f 7763 7808 8079
f 7997 7763 8079
f 7808 7764 8079
f 7764 7998 8079
f 7764 7668 7998
f 7668 7786 7998
f 7786 7668 7502
f 7668 7504 7502
f 7504 7397 7502
f 7397 7259 7502
f 7259 7397 6931
f 7397 7289 6931
f 6931 7289 6813
f 7258 7501 7113
f 7258 7113 6700
f 6930 7258 6700
f 6930 6700 6552
f 6813 6930 6552
f 8079 7998 8272
f 8079 8272 8151
f 7997 8079 8151
f 7997 8151 7867
f 7785 7997 7867
f 7785 7867 7499
f 7501 7785 7499
f 6813 6552 6701
f 6931 6813 6701
f 6931 6701 7114
f 7259 6931 7114
f 7259 7114 7500
f 7502 7259 7500
f 7502 7500 7868
f 7786 7502 7868
f 7786 7868 8152
f 7998 7786 8152
f 7998 8152 8272
f 7499 7867 7497
f 7867 7898 7497
f 7867 8151 7898
f 8151 8219 7898
f 8151 8272 8219
f 8272 8332 8219
f 8272 8152 8332
f 8152 8220 8332
f 8152 7868 8220
f 7868 7899 8220
f 7868 7500 7899
f 7500 7498 7899
f 7500 7114 7498
f 7114 7053 7498
f 7114 6701 7053
f 6701 6631 7053
f 6701 6552 6631
f 6552 6488 6631
f 6552 6700 6488
f 6700 6630 6488
f 6700 7113 6630
f 7113 7052 6630
f 7113 7499 7052
f 7501 7499 7113
f 7499 7497 7052
f 6630 6698 6488
f 6698 6551 6488
f 6488 6551 6631
f 7111 6698 6630
f 7052 7111 6630
f 7495 7111 7052
f 7497 7495 7052
f 6631 6699 7053
f 6551 6699 6631
f 6698 6928 6551
f 6928 6812 6551
f 6551 6812 6699
f 7256 6928 6698
f 7111 7256 6698
f 7493 7256 7111
f 7495 7493 7111
f 6812 6929 6699
f 6699 6929 7112
f 6699 7112 7053
f 7053 7112 7498
f 7112 7496 7498
f 7498 7496 7899
f 7496 7866 7899
f 7899 7866 8220
f 7866 8150 8220
f 8220 8150 8332
f 8150 8271 8332
f 8332 8271 8219
f 8271 8149 8219
f 8219 8149 7898
f 8149 7865 7898
f 7898 7865 7497
f 7865 7495 7497
f 7865 7783 7495
f 7783 7493 7495
f 7995 7783 7865
f 8149 7995 7865
f 8078 7995 8149
f 8271 8078 8149
f 7996 8078 8271
f 8150 7996 8271
f 7784 7996 8150
f 7866 7784 8150
f 7494 7784 7866
f 7496 7494 7866
f 7257 7494 7496
f 7112 7257 7496
f 6929 7257 7112
f 7783 7665 7493
f 7665 7783 7995
f 7665 7491 7493
f 7761 7665 7995
f 7761 7995 8078
f 7807 7761 8078
f 7762 7807 8078
f 7996 7762 8078
f 7666 7762 7996
f 7784 7666 7996
f 7666 7784 7494
f 7492 7666 7494
f 7395 7492 7494
f 7257 7395 7494
f 7395 7257 6929
f 7287 7395 6929
f 7287 6929 6812
f 7219 7287 6812
f 7286 7219 6812
f 6928 7286 6812
f 7394 7286 6928
f 7256 7394 6928
f 7394 7256 7493
f 7491 7394 7493
f 7286 7490 7219
f 7394 7490 7286
f 7491 7490 7394
f 7807 7490 7761
f 7762 7490 7807
f 7666 7490 7762
f 7492 7490 7666
f 7395 7490 7492
f 7287 7490 7395
f 7219 7490 7287
f 7761 7490 7665
f 7665 7490 7491
f 7489 7284 7218
f 7489 7392 7284
f 7489 7487 7392
f 7489 7218 7285
f 7489 7285 7393
f 7489 7393 7488
f 7489 7488 7664
f 7489 7664 7760
f 7489 7760 7806
f 7489 7806 7759
f 7489 7759 7663
f 7489 7663 7487
f 7218 7284 6811
f 7285 7218 6811
f 7284 6926 6811
f 7284 7392 6926
f 7392 7254 6926
f 7392 7487 7485
f 7254 7392 7485
f 7487 7663 7485
f 7663 7781 7485
f 7663 7759 7993
f 7781 7663 7993
f 7759 7806 8077
f 7993 7759 8077
f 7806 7760 8077
f 7760 7994 8077
f 7760 7664 7994
f 7664 7782 7994
f 7782 7664 7486
f 7664 7488 7486
f 7488 7393 7486
f 7393 7255 7486
f 7255 7393 6927
f 7393 7285 6927
f 6927 7285 6811
f 7254 7485 7109
f 7254 7109 6696
f 6926 7254 6696
f 6926 6696 6550
f 6811 6926 6550
f 8077 7994 8270
f 8077 8270 8147
f 7993 8077 8147
f 7993 8147 7863
f 7781 7993 7863
f 7781 7863 7483
f 7485 7781 7483
f 6811 6550 6697
f 6927 6811 6697
f 6927 6697 7110
f 7255 6927 7110
f 7255 7110 7484
f 7486 7255 7484
f 7486 7484 7864
f 7782 7486 7864
f 7782 7864 8148
f 7994 7782 8148
f 7994 8148 8270
f 7483 7863 7481
f 7863 7896 7481
f 7863 8147 7896
f 8147 8217 7896
f 8147 8270 8217
f 8270 8331 8217
f 8270 8148 8331
f 8148 8218 8331
f 8148 7864 8218
f 7864 7897 8218
f 7864 7484 7897
f 7484 7482 7897
f 7484 7110 7482
f 7110 7051 7482
f 7110 6697 7051
f 6697 6629 7051
f 6697 6550 6629
f 6550 6487 6629
f 6550 6696 6487
f 6696 6628 6487
f 6696 7109 6628
f 7109 7050 6628
f 7109 7483 7050
f 7485 7483 7109
f 7483 7481 7050
f 6628 6694 6487
f 6694 6549 6487
f 6487 6549 6629
f 7107 6694 6628
f 7050 7107 6628
f 7479 7107 7050
f 7481 7479 7050
f 6629 6695 7051
f 6549 6695 6629
f 6694 6924 6549
f 6924 6810 6549
f 6549 6810 6695
f 7252 6924 6694
f 7107 7252 6694
f 7477 7252 7107
f 7479 7477 7107
f 6810 6925 6695
f 6695 6925 7108
f 6695 7108 7051
f 7051 7108 7482
f 7108 7480 7482
f 7482 7480 7897
f 7480 7862 7897
f 7897 7862 8218
f 7862 8146 8218
f 8218 8146 8331
f 8146 8269 8331
f 8331 8269 8217
f 8269 8145 8217
f 8217 8145 7896
f 8145 7861 7896
f 7896 7861 7481
f 7861 7479 7481
f 7861 7779 7479
f 7779 7477 7479
f 7991 7779 7861
f 8145 7991 7861
f 8076 7991 8145
f 8269 8076 8145
f 7992 8076 8269
f 8146 7992 8269
f 7780 7992 8146
f 7862 7780 8146
f 7478 7780 7862
f 7480 7478 7862
f 7253 7478 7480
f 7108 7253 7480
f 6925 7253 7108
f 7779 7661 7477
f 7661 7779 7991
f 7661 7475 7477
f 7757 7661 7991
f 7757 7991 8076
f 7805 7757 8076
f 7758 7805 8076
f 7992 7758 8076
f 7662 7758 7992
f 7780 7662 7992
f 7662 7780 7478
f 7476 7662 7478
f 7391 7476 7478
f 7253 7391 7478
f 7391 7253 6925
f 7283 7391 6925
f 7283 6925 6810
f 7217 7283 6810
f 7282 7217 6810
f 6924 7282 6810
f 7390 7282 6924
f 7252 7390 6924
f 7390 7252 7477
f 7475 7390 7477
f 7282 7474 7217
f 7390 7474 7282
f 7475 7474 7390
f 7805 7474 7757
f 7758 7474 7805
f 7662 7474 7758
f 7476 7474 7662
f 7391 7474 7476
f 7283 7474 7391
f 7217 7474 7283
f 7757 7474 7661
f 7661 7474 7475
f 7473 7363 7334
f 7473 7419 7363
f 7473 7471 7419
f 7473 7334 7364
f 7473 7364 7420
f 7473 7420 7472
f 7473 7472 7635
f 7473 7635 7709
f 7473 7709 7726
f 7473 7726 7708
f 7473 7708 7634
f 7473 7634 7471
f 7334 7363 7003
f 7364 7334 7003
f 7363 7101 7003
f 7363 7419 7101
f 7419 7351 7101
f 7419 7471 7469
f 7351 7419 7469
f 7471 7634 7469
f 7634 7716 7469
f 7634 7708 7876
f 7716 7634 7876
f 7708 7726 7940
f 7876 7708 7940
f 7726 7709 7940
f 7709 7877 7940
f 7709 7635 7877
f 7635 7717 7877
f 7717 7635 7470
f 7635 7472 7470
f 7472 7420 7470
f 7420 7352 7470
f 7352 7420 7102
f 7420 7364 7102
f 7102 7364 7003
f 7351 7469 7248
f 7351 7248 6921
f 7101 7351 6921
f 7101 6921 6798
f 7003 7101 6798
f 7940 7877 8081
f 7940 8081 8001
f 7876 7940 8001
f 7876 8001 7789
f 7716 7876 7789
f 7716 7789 7467
f 7469 7716 7467
f 7003 6798 6922
f 7102 7003 6922
f 7102 6922 7249
f 7352 7102 7249
f 7352 7249 7468
f 7470 7352 7468
f 7470 7468 7790
f 7717 7470 7790
f 7717 7790 8002
f 7877 7717 8002
f 7877 8002 8081
f 7467 7789 7465
f 7789 7809 7465
f 7789 8001 7809
f 8001 8038 7809
f 8001 8081 8038
f 8081 8123 8038
f 8081 8002 8123
f 8002 8039 8123
f 8002 7790 8039
f 7790 7810 8039
f 7790 7468 7810
f 7468 7466 7810
f 7468 7249 7466
f 7249 7214 7466
f 7249 6922 7214
f 6922 6866 7214
f 6922 6798 6866
f 6798 6722 6866
f 6798 6921 6722
f 6921 6865 6722
f 6921 7248 6865
f 7248 7213 6865
f 7248 7467 7213
f 7469 7467 7248
f 7467 7465 7213
f 6865 6919 6722
f 6919 6797 6722
f 6722 6797 6866
f 7246 6919 6865
f 7213 7246 6865
f 7463 7246 7213
f 7465 7463 7213
f 6866 6920 7214
f 6797 6920 6866
f 6919 7099 6797
f 7099 7002 6797
f 6797 7002 6920
f 7349 7099 6919
f 7246 7349 6919
f 7461 7349 7246
f 7463 7461 7246
f 7002 7100 6920
f 6920 7100 7247
f 6920 7247 7214
f 7214 7247 7466
f 7247 7464 7466
f 7466 7464 7810
f 7464 7788 7810
f 7810 7788 8039
f 7788 8000 8039
f 8039 8000 8123
f 8000 8080 8123
f 8123 8080 8038
f 8080 7999 8038
f 8038 7999 7809
f 7999 7787 7809
f 7809 7787 7465
f 7787 7463 7465
f 7787 7714 7463
f 7714 7461 7463
f 7874 7714 7787
f 7999 7874 7787
f 7939 7874 7999
f 8080 7939 7999
f 7875 7939 8080
f 8000 7875 8080
f 7715 7875 8000
f 7788 7715 8000
f 7462 7715 7788
f 7464 7462 7788
f 7350 7462 7464
f 7247 7350 7464
f 7100 7350 7247
f 7714 7632 7461
f 7632 7714 7874
f 7632 7459 7461
f 7706 7632 7874
f 7706 7874 7939
f 7725 7706 7939
f 7707 7725 7939
f 7875 7707 7939
f 7633 7707 7875
f 7715 7633 7875
f 7633 7715 7462
f 7460 7633 7462
f 7418 7460 7462
f 7350 7418 7462
f 7418 7350 7100
f 7362 7418 7100
f 7362 7100 7002
f 7333 7362 7002
f 7361 7333 7002
f 7099 7361 7002
f 7417 7361 7099
f 7349 7417 7099
f 7417 7349 7461
f 7459 7417 7461
f 7361 7458 7333
f 7417 7458 7361
f 7459 7458 7417
f 7725 7458 7706
f 7707 7458 7725
f 7633 7458 7707
f 7460 7458 7633
f 7418 7458 7460
f 7362 7458 7418
f 7333 7458 7362
f 7706 7458 7632
f 7632 7458 7459
f 3952 3761 4018
f 3844 3761 3952
f 3759 3761 3844
f 4018 3761 3953
f 3953 3761 3845
f 3845 3761 3760
f 3760 3761 3574
f 3574 3761 3478
f 3478 3761 3430
f 3430 3761 3477
f 3477 3761 3573
f 3573 3761 3759
f 3952 4018 4425
f 4018 3953 4425
f 4310 3952 4425
f 3844 3952 4310
f 3982 3844 4310
f 3844 3982 3757
f 3759 3844 3757
f 3573 3759 3757
f 3455 3573 3757
f 3573 3455 3243
f 3477 3573 3243
f 3477 3243 3159
f 3430 3477 3159
f 3478 3430 3159
f 3244 3478 3159
f 3574 3478 3244
f 3456 3574 3244
f 3574 3456 3758
f 3760 3574 3758
f 3845 3760 3758
f 3983 3845 3758
f 3845 3983 4311
f 3953 3845 4311
f 3953 4311 4425
f 3757 3982 4127
f 4127 3982 4540
f 3982 4310 4540
f 4310 4425 4686
f 4540 4310 4686
f 3755 3757 4127
f 3758 3456 3374
f 3374 3456 3090
f 3456 3244 3090
f 3090 3244 2966
f 3244 3159 2966
f 2966 3159 3089
f 3159 3243 3089
f 3089 3243 3373
f 3243 3455 3373
f 3373 3455 3755
f 3455 3757 3755
f 3756 3758 3374
f 3983 3758 3756
f 4128 3983 3756
f 4311 3983 4128
f 4541 4311 4128
f 4425 4311 4541
f 4686 4425 4541
f 3373 3755 3753
f 3338 3373 3753
f 3089 3373 3338
f 3017 3089 3338
f 2966 3089 3017
f 2904 2966 3017
f 3090 2966 2904
f 3018 3090 2904
f 3374 3090 3018
f 3339 3374 3018
f 3756 3374 3339
f 3754 3756 3339
f 4128 3756 3754
f 4185 4128 3754
f 4541 4128 4185
f 4607 4541 4185
f 4686 4541 4607
f 4748 4686 4607
f 3371 3338 3753
f 3087 3017 3338
f 3371 3087 3338
f 3088 3018 2904
f 2965 3088 2904
f 3087 2965 3017
f 2965 2904 3017
f 3752 3754 3339
f 3372 3752 3339
f 3088 3372 3018
f 3372 3339 3018
f 4539 4607 4185
f 4685 4748 4607
f 4539 4685 4607
f 4685 4538 4748
f 4538 4606 4748
f 4606 4540 4748
f 4127 4540 4606
f 4184 4127 4606
f 3755 4127 4184
f 3753 3755 4184
f 4125 4184 4606
f 4538 4125 4606
f 3751 3753 4184
f 4125 3751 4184
f 4308 4538 4685
f 4424 4308 4685
f 4424 4685 4539
f 3980 4125 4538
f 4308 3980 4538
f 3749 3751 4125
f 3980 3749 4125
f 4309 4424 4539
f 4309 4539 4126
f 4126 4539 4185
f 4126 4185 3754
f 3752 4126 3754
f 3981 4126 3752
f 3981 4309 4126
f 3750 3981 3752
f 3750 3752 3372
f 3454 3750 3372
f 3454 3372 3088
f 3242 3454 3088
f 3242 3088 2965
f 3158 3242 2965
f 3158 2965 3087
f 3241 3158 3087
f 3241 3087 3371
f 3453 3241 3371
f 3453 3371 3751
f 3751 3371 3753
f 3749 3453 3751
f 3571 3453 3749
f 3453 3571 3241
f 3747 3571 3749
f 3571 3475 3241
f 3241 3475 3158
f 3475 3429 3158
f 3476 3242 3158
f 3429 3476 3158
f 3476 3572 3242
f 3572 3454 3242
f 3454 3572 3750
f 3572 3748 3750
f 3748 3843 3750
f 3843 3981 3750
f 3981 3843 4309
f 3843 3951 4309
f 4309 3951 4424
f 3951 4017 4424
f 4017 3950 4424
f 3950 4308 4424
f 3950 3842 4308
f 3842 3980 4308
f 3980 3842 3749
f 3842 3747 3749
f 3746 3950 4017
f 3746 3842 3950
f 3746 3747 3842
f 3746 3843 3748
f 3746 3951 3843
f 3746 4017 3951
f 3746 3748 3572
f 3746 3572 3476
f 3746 3476 3429
f 3746 3429 3475
f 3746 3475 3571
f 3746 3571 3747
f 4540 4686 4748
f 3948 3745 4016
f 3840 3745 3948
f 3743 3745 3840
f 4016 3745 3949
f 3949 3745 3841
f 3841 3745 3744
f 3744 3745 3570
f 3570 3745 3474
f 3474 3745 3428
f 3428 3745 3473
f 3473 3745 3569
f 3569 3745 3743
f 3948 4016 4423
f 4016 3949 4423
f 4306 3948 4423
f 3840 3948 4306
f 3978 3840 4306
f 3840 3978 3741
f 3743 3840 3741
f 3569 3743 3741
f 3451 3569 3741
f 3569 3451 3239
f 3473 3569 3239
f 3473 3239 3157
f 3428 3473 3157
f 3474 3428 3157
f 3240 3474 3157
f 3570 3474 3240
f 3452 3570 3240
f 3570 3452 3742
f 3744 3570 3742
f 3841 3744 3742
f 3979 3841 3742
f 3841 3979 4307
f 3949 3841 4307
f 3949 4307 4423
f 3741 3978 4123
f 4123 3978 4536
f 3978 4306 4536
f 4306 4423 4684
f 4536 4306 4684
f 3739 3741 4123
f 3742 3452 3370
f 3370 3452 3086
f 3452 3240 3086
f 3086 3240 2964
f 3240 3157 2964
f 2964 3157 3085
f 3157 3239 3085
f 3085 3239 3369
f 3239 3451 3369
f 3369 3451 3739
f 3451 3741 3739
f 3740 3742 3370
f 3979 3742 3740
f 4124 3979 3740
f 4307 3979 4124
f 4537 4307 4124
f 4423 4307 4537
f 4684 4423 4537
f 3369 3739 3737
f 3336 3369 3737
f 3085 3369 3336
f 3015 3085 3336
f 2964 3085 3015
f 2903 2964 3015
f 3086 2964 2903
f 3016 3086 2903
f 3370 3086 3016
f 3337 3370 3016
f 3740 3370 3337
f 3738 3740 3337
f 4124 3740 3738
f 4183 4124 3738
f 4537 4124 4183
f 4605 4537 4183
f 4684 4537 4605
f 4747 4684 4605
f 3367 3336 3737
f 3083 3015 3336
f 3367 3083 3336
f 3084 3016 2903
f 2963 3084 2903
f 3083 2963 3015
f 2963 2903 3015
f 3736 3738 3337
f 3368 3736 3337
f 3084 3368 3016
f 3368 3337 3016
f 4535 4605 4183
f 4683 4747 4605
f 4535 4683 4605
f 4683 4534 4747
f 4534 4604 4747
f 4604 4536 4747
f 4123 4536 4604
f 4182 4123 4604
f 3739 4123 4182
f 3737 3739 4182
f 4121 4182 4604
f 4534 4121 4604
f 3735 3737 4182
f 4121 3735 4182
f 4304 4534 4683
f 4422 4304 4683
f 4422 4683 4535
f 3976 4121 4534
f 4304 3976 4534
f 3733 3735 4121
f 3976 3733 4121
f 4305 4422 4535
f 4305 4535 4122
f 4122 4535 4183
f 4122 4183 3738
f 3736 4122 3738
f 3977 4122 3736
f 3977 4305 4122
f 3734 3977 3736
f 3734 3736 3368
f 3450 3734 3368
f 3450 3368 3084
f 3238 3450 3084
f 3238 3084 2963
f 3156 3238 2963
f 3156 2963 3083
f 3237 3156 3083
f 3237 3083 3367
f 3449 3237 3367
f 3449 3367 3735
f 3735 3367 3737
f 3733 3449 3735
f 3567 3449 3733
f 3449 3567 3237
f 3731 3567 3733
f 3567 3471 3237
f 3237 3471 3156
f 3471 3427 3156
f 3472 3238 3156
f 3427 3472 3156
f 3472 3568 3238
f 3568 3450 3238
f 3450 3568 3734
f 3568 3732 3734
f 3732 3839 3734
f 3839 3977 3734
f 3977 3839 4305
f 3839 3947 4305
f 4305 3947 4422
f 3947 4015 4422
f 4015 3946 4422
f 3946 4304 4422
f 3946 3838 4304
f 3838 3976 4304
f 3976 3838 3733
f 3838 3731 3733
f 3730 3946 4015
f 3730 3838 3946
f 3730 3731 3838
f 3730 3839 3732
f 3730 3947 3839
f 3730 4015 3947
f 3730 3732 3568
f 3730 3568 3472
f 3730 3472 3427
f 3730 3427 3471
f 3730 3471 3567
f 3730 3567 3731
f 4536 4684 4747
f 3873 3777 3902
f 3817 3777 3873
f 3775 3777 3817
f 3902 3777 3874
f 3874 3777 3818
f 3818 3777 3776
f 3776 3777 3603
f 3603 3777 3529
f 3529 3777 3510
f 3510 3777 3528
f 3528 3777 3602
f 3602 3777 3775
f 3873 3902 4233
f 3902 3874 4233
f 4135 3873 4233
f 3817 3873 4135
f 3885 3817 4135
f 3817 3885 3773
f 3775 3817 3773
f 3602 3775 3773
f 3520 3602 3773
f 3602 3520 3360
f 3528 3602 3360
f 3528 3360 3296
f 3510 3528 3296
f 3529 3510 3296
f 3361 3529 3296
f 3603 3529 3361
f 3521 3603 3361
f 3603 3521 3774
f 3776 3603 3774
f 3818 3776 3774
f 3886 3818 3774
f 3818 3886 4136
f 3874 3818 4136
f 3874 4136 4233
f 3773 3885 3988
f 3988 3885 4315
f 3885 4135 4315
f 4135 4233 4438
f 4315 4135 4438
f 3771 3773 3988
f 3774 3521 3448
f 3448 3521 3236
f 3521 3361 3236
f 3236 3361 3155
f 3361 3296 3155
f 3155 3296 3235
f 3296 3360 3235
f 3235 3360 3447
f 3360 3520 3447
f 3447 3520 3771
f 3520 3773 3771
f 3772 3774 3448
f 3886 3774 3772
f 3989 3886 3772
f 4136 3886 3989
f 4316 4136 3989
f 4233 4136 4316
f 4438 4233 4316
f 3447 3771 3769
f 3425 3447 3769
f 3235 3447 3425
f 3196 3235 3425
f 3155 3235 3196
f 3112 3155 3196
f 3236 3155 3112
f 3197 3236 3112
f 3448 3236 3197
f 3426 3448 3197
f 3772 3448 3426
f 3770 3772 3426
f 3989 3772 3770
f 4022 3989 3770
f 4316 3989 4022
f 4370 4316 4022
f 4438 4316 4370
f 4513 4438 4370
f 3445 3425 3769
f 3233 3196 3425
f 3445 3233 3425
f 3234 3197 3112
f 3154 3234 3112
f 3233 3154 3196
f 3154 3112 3196
f 3768 3770 3426
f 3446 3768 3426
f 3234 3446 3197
f 3446 3426 3197
f 4314 4370 4022
f 4437 4513 4370
f 4314 4437 4370
f 4437 4313 4513
f 4313 4369 4513
f 4369 4315 4513
f 3988 4315 4369
f 4021 3988 4369
f 3771 3988 4021
f 3769 3771 4021
f 3986 4021 4369
f 4313 3986 4369
f 3767 3769 4021
f 3986 3767 4021
f 4133 4313 4437
f 4232 4133 4437
f 4232 4437 4314
f 3883 3986 4313
f 4133 3883 4313
f 3765 3767 3986
f 3883 3765 3986
f 4134 4232 4314
f 4134 4314 3987
f 3987 4314 4022
f 3987 4022 3770
f 3768 3987 3770
f 3884 3987 3768
f 3884 4134 3987
f 3766 3884 3768
f 3766 3768 3446
f 3519 3766 3446
f 3519 3446 3234
f 3359 3519 3234
f 3359 3234 3154
f 3295 3359 3154
f 3295 3154 3233
f 3358 3295 3233
f 3358 3233 3445
f 3518 3358 3445
f 3518 3445 3767
f 3767 3445 3769
f 3765 3518 3767
f 3600 3518 3765
f 3518 3600 3358
f 3763 3600 3765
f 3600 3526 3358
f 3358 3526 3295
f 3526 3509 3295
f 3527 3359 3295
f 3509 3527 3295
f 3527 3601 3359
f 3601 3519 3359
f 3519 3601 3766
f 3601 3764 3766
f 3764 3816 3766
f 3816 3884 3766
f 3884 3816 4134
f 3816 3872 4134
f 4134 3872 4232
f 3872 3901 4232
f 3901 3871 4232
f 3871 4133 4232
f 3871 3815 4133
f 3815 3883 4133
f 3883 3815 3765
f 3815 3763 3765
f 3762 3871 3901
f 3762 3815 3871
f 3762 3763 3815
f 3762 3816 3764
f 3762 3872 3816
f 3762 3901 3872
f 3762 3764 3601
f 3762 3601 3527
f 3762 3527 3509
f 3762 3509 3526
f 3762 3526 3600
f 3762 3600 3763
f 4315 4438 4513
f 5181 5730 5736
f 4798 5730 5181
f 4581 5730 4798
f 4494 5730 4581
f 4582 5730 4494
f 4799 5730 4582
f 5182 5730 4799
f 5737 5730 5182
f 6054 5730 5737
f 6437 5730 6054
f 6654 5730 6437
f 6741 5730 6654
f 6653 5730 6741
f 6436 5730 6653
f 6053 5730 6436
f 5736 5730 6053
f 6089 5740 5736
f 6053 6089 5736
f 6492 6089 6053
f 6436 6492 6053
f 6739 6492 6436
f 6653 6739 6436
f 6856 6739 6653
f 6741 6856 6653
f 6738 6856 6741
f 6654 6738 6741
f 6491 6738 6654
f 6437 6491 6654
f 6088 6491 6437
f 6054 6088 6437
f 5741 6088 6054
f 5737 5741 6054
f 5147 5741 5737
f 5182 5147 5737
f 4744 5147 5182
f 4799 4744 5182
f 4497 4744 4799
f 4582 4497 4799
f 4379 4497 4582
f 4494 4379 4582
f 4496 4379 4494
f 4581 4496 4494
f 4743 4496 4581
f 4798 4743 4581
f 5146 4743 4798
f 5181 5146 4798
f 5740 5146 5181
f 5736 5740 5181
f 5147 4744 5177
f 5147 5177 5733
f 5741 5147 5733
f 5741 5733 6058
f 6088 5741 6058
f 6088 6058 6441
f 6491 6088 6441
f 6491 6441 6665
f 6738 6491 6665
f 6738 6665 6748
f 6856 6738 6748
f 6856 6748 6664
f 6739 6856 6664
f 6739 6664 6440
f 6492 6739 6440
f 6492 6440 6057
f 6089 6492 6057
f 6089 6057 5732
f 5740 6089 5732
f 6057 6440 6062
f 6440 6444 6062
f 6440 6664 6444
f 6062 6444 6073
f 6444 6465 6073
f 6444 6672 6465
f 6664 6672 6444
f 6664 6748 6672
f 6672 6706 6465
f 6672 6750 6706
f 6750 6791 6706
f 6748 6750 6672
f 6750 6671 6791
f 6671 6707 6791
f 6665 6671 6750
f 6748 6665 6750
f 6671 6443 6707
f 6443 6466 6707
f 6441 6443 6671
f 6665 6441 6671
f 6443 6061 6466
f 6061 6074 6466
f 6058 6061 6443
f 6441 6058 6443
f 6061 5735 6074
f 5735 5739 6074
f 5733 5735 6061
f 6058 5733 6061
f 5735 5174 5739
f 5174 5162 5739
f 5177 5174 5735
f 5733 5177 5735
f 5174 4792 5162
f 4792 4770 5162
f 4794 4792 5174
f 5177 4794 5174
f 4744 4794 5177
f 4744 4497 4794
f 4497 4570 4794
f 4794 4570 4792
f 4497 4379 4570
f 4379 4487 4570
f 4379 4496 4487
f 4496 4571 4487
f 4496 4743 4571
f 4743 4795 4571
f 4743 5146 4795
f 5146 5178 4795
f 5146 5740 5178
f 5740 5732 5178
f 4792 4564 4770
f 4570 4564 4792
f 4570 4487 4564
f 4487 4485 4564
f 4487 4571 4485
f 4564 4485 4529
f 4564 4529 4770
f 4485 4444 4529
f 4485 4563 4444
f 4571 4563 4485
f 4571 4795 4563
f 4563 4528 4444
f 4563 4791 4528
f 4795 4791 4563
f 4795 5178 4791
f 4791 4769 4528
f 4791 5173 4769
f 5178 5173 4791
f 5178 5732 5173
f 5173 5161 4769
f 5173 5734 5161
f 5732 5734 5173
f 5734 5738 5161
f 4983 5161 5738
f 5742 4983 5738
f 4405 4769 5161
f 4983 4405 5161
f 3996 4528 4769
f 4405 3996 4769
f 3864 4444 4528
f 3996 3864 4528
f 3995 4529 4444
f 3864 3995 4444
f 4929 4983 5742
f 5744 4929 5742
f 4331 4405 4983
f 4929 4331 4983
f 3892 3996 4405
f 4331 3892 4405
f 3824 3864 3996
f 3892 3824 3996
f 3893 3995 3864
f 3824 3893 3864
f 3893 4330 3995
f 4330 4404 3995
f 3995 4404 4529
f 4404 4770 4529
f 4404 4982 4770
f 4982 5162 4770
f 4982 5743 5162
f 5743 5739 5162
f 5743 6253 5739
f 6253 6074 5739
f 6253 6831 6074
f 6831 6466 6074
f 6831 7240 6466
f 7240 6707 6466
f 7240 7371 6707
f 7371 6791 6707
f 7371 7239 6791
f 7239 6706 6791
f 7239 6830 6706
f 6830 6465 6706
f 6830 6252 6465
f 6252 6073 6465
f 6252 5742 6073
f 5742 5738 6073
f 6062 6073 5738
f 5734 6062 5738
f 6057 6062 5734
f 5732 6057 5734
f 6305 6252 6830
f 6905 6305 6830
f 6905 6830 7239
f 5744 5742 6252
f 6305 5744 6252
f 7342 6905 7239
f 7342 7239 7371
f 7411 7342 7371
f 7411 7371 7240
f 7343 7411 7240
f 7343 7240 6831
f 6904 7343 6831
f 6904 6831 6253
f 6306 6904 6253
f 6306 6253 5743
f 5745 6306 5743
f 5745 5743 4982
f 4930 5745 4982
f 4930 4982 4404
f 4330 4930 4404
f 6305 5731 5744
f 5744 5731 4929
f 4929 5731 4331
f 4331 5731 3892
f 3892 5731 3824
f 3824 5731 3893
f 3893 5731 4330
f 4330 5731 4930
f 4930 5731 5745
f 5745 5731 6306
f 6306 5731 6904
f 6904 5731 7343
f 7343 5731 7411
f 7411 5731 7342
f 7342 5731 6905
f 6905 5731 6305
f 9078 9102 9104
f 9080 9078 9104
f 9053 9078 9080
f 9055 9053 9080
f 9005 9053 9055
f 9007 9005 9055
f 9128 9104 9102
f 9126 9128 9102
f 9152 9128 9126
f 9150 9152 9126
f 9202 9152 9150
f 9200 9202 9150
f 9080 9104 9106
f 9082 9080 9106
f 9055 9080 9082
f 9057 9055 9082
f 9007 9055 9057
f 9009 9007 9057
f 9152 9154 9128
f 9154 9130 9128
f 9130 9106 9104
f 9128 9130 9104
f 9204 9154 9152
f 9202 9204 9152
f 9082 9106 9107
f 9083 9082 9107
f 9057 9082 9083
f 9058 9057 9083
f 9009 9057 9058
f 9010 9009 9058
f 9131 9107 9106
f 9130 9131 9106
f 9155 9131 9130
f 9154 9155 9130
f 9205 9155 9154
f 9204 9205 9154
f 9083 9107 9105
f 9081 9083 9105
f 9058 9083 9081
f 9056 9058 9081
f 9010 9058 9056
f 9008 9010 9056
f 9129 9105 9107
f 9131 9129 9107
f 9153 9129 9131
f 9155 9153 9131
f 9203 9153 9155
f 9205 9203 9155
f 9081 9105 9103
f 9079 9081 9103
f 9056 9081 9079
f 9054 9056 9079
f 9008 9056 9054
f 9006 9008 9054
f 9127 9103 9105
f 9129 9127 9105
f 9151 9127 9129
f 9153 9151 9129
f 9201 9151 9153
f 9203 9201 9153
f 9079 9103 9101
f 9077 9079 9101
f 9054 9079 9077
f 9052 9054 9077
f 9006 9054 9052
f 9004 9006 9052
f 9125 9101 9103
f 9127 9125 9103
f 9149 9125 9127
f 9151 9149 9127
f 9199 9149 9151
f 9201 9199 9151
f 9077 9101 9099
f 9075 9077 9099
f 9052 9077 9075
f 9050 9052 9075
f 9004 9052 9050
f 9002 9004 9050
f 9123 9099 9101
f 9125 9123 9101
f 9147 9123 9125
f 9149 9147 9125
f 9197 9147 9149
f 9199 9197 9149
f 9075 9099 9097
f 9073 9075 9097
f 9050 9075 9073
f 9048 9050 9073
f 9002 9050 9048
f 9000 9002 9048
f 9121 9097 9099
f 9123 9121 9099
f 9145 9121 9123
f 9147 9145 9123
f 9195 9145 9147
f 9197 9195 9147
f 9073 9097 9095
f 9071 9073 9095
f 9048 9073 9071
f 9046 9048 9071
f 9000 9048 9046
f 8997 9000 9046
f 9119 9095 9097
f 9121 9119 9097
f 9143 9119 9121
f 9145 9143 9121
f 9192 9143 9145
f 9195 9192 9145
f 9071 9095 9093
f 9069 9071 9093
f 9046 9071 9069
f 9044 9046 9069
f 8997 9046 9044
f 8995 8997 9044
f 9117 9093 9095
f 9119 9117 9095
f 9141 9117 9119
f 9143 9141 9119
f 9190 9141 9143
f 9192 9190 9143
f 9069 9093 9091
f 9067 9069 9091
f 9044 9069 9067
f 9042 9044 9067
f 8995 9044 9042
f 8993 8995 9042
f 9141 9139 9117
f 9139 9115 9117
f 9115 9091 9093
f 9117 9115 9093
f 9188 9139 9141
f 9190 9188 9141
f 9067 9091 9089
f 9065 9067 9089
f 9042 9067 9065
f 9040 9042 9065
f 8993 9042 9040
f 8991 8993 9040
f 9113 9089 9091
f 9115 9113 9091
f 9137 9113 9115
f 9139 9137 9115
f 9186 9137 9139
f 9188 9186 9139
f 9065 9089 9087
f 9063 9065 9087
f 9040 9065 9063
f 9038 9040 9063
f 8991 9040 9038
f 8989 8991 9038
f 9111 9087 9089
f 9113 9111 9089
f 9135 9111 9113
f 9137 9135 9113
f 9184 9135 9137
f 9186 9184 9137
f 9063 9087 9085
f 9061 9063 9085
f 9038 9063 9061
f 9036 9038 9061
f 8989 9038 9036
f 8987 8989 9036
f 9109 9085 9087
f 9111 9109 9087
f 9133 9109 9111
f 9135 9133 9111
f 9182 9133 9135
f 9184 9182 9135
f 9061 9085 9084
f 9060 9061 9084
f 9036 9061 9060
f 9035 9036 9060
f 8987 9036 9035
f 8986 8987 9035
f 9108 9084 9085
f 9109 9108 9085
f 9132 9108 9109
f 9133 9132 9109
f 9181 9132 9133
f 9182 9181 9133
f 9060 9084 9086
f 9062 9060 9086
f 9035 9060 9062
f 9037 9035 9062
f 8986 9035 9037
f 8988 8986 9037
f 9110 9086 9084
f 9108 9110 9084
f 9134 9110 9108
f 9132 9134 9108
f 9183 9134 9132
f 9181 9183 9132
f 9062 9086 9088
f 9064 9062 9088
f 9037 9062 9064
f 9039 9037 9064
f 8988 9037 9039
f 8990 8988 9039
f 9112 9088 9086
f 9110 9112 9086
f 9136 9112 9110
f 9134 9136 9110
f 9185 9136 9134
f 9183 9185 9134
f 9064 9088 9090
f 9066 9064 9090
f 9039 9064 9066
f 9041 9039 9066
f 8990 9039 9041
f 8992 8990 9041
f 9114 9090 9088
f 9112 9114 9088
f 9138 9114 9112
f 9136 9138 9112
f 9187 9138 9136
f 9185 9187 9136
f 9066 9090 9092
f 9068 9066 9092
f 9041 9066 9068
f 9043 9041 9068
f 8992 9041 9043
f 8994 8992 9043
f 9116 9092 9090
f 9114 9116 9090
f 9140 9116 9114
f 9138 9140 9114
f 9189 9140 9138
f 9187 9189 9138
f 9068 9092 9094
f 9070 9068 9094
f 9043 9068 9070
f 9045 9043 9070
f 8994 9043 9045
f 8996 8994 9045
f 9118 9094 9092
f 9116 9118 9092
f 9142 9118 9116
f 9140 9142 9116
f 9191 9142 9140
f 9189 9191 9140
f 9070 9094 9096
f 9072 9070 9096
f 9045 9070 9072
f 9047 9045 9072
f 8996 9045 9047
f 8999 8996 9047
f 9120 9096 9094
f 9118 9120 9094
f 9144 9120 9118
f 9142 9144 9118
f 9194 9144 9142
f 9191 9194 9142
f 9072 9096 9098
f 9074 9072 9098
f 9047 9072 9074
f 9049 9047 9074
f 8999 9047 9049
f 9001 8999 9049
f 9122 9098 9096
f 9120 9122 9096
f 9146 9122 9120
f 9144 9146 9120
f 9196 9146 9144
f 9194 9196 9144
f 9074 9098 9100
f 9076 9074 9100
f 9049 9074 9076
f 9051 9049 9076
f 9001 9049 9051
f 9003 9001 9051
f 9124 9100 9098
f 9122 9124 9098
f 9148 9124 9122
f 9146 9148 9122
f 9198 9148 9146
f 9196 9198 9146
f 9076 9100 9102
f 9078 9076 9102
f 9051 9076 9078
f 9053 9051 9078
f 9003 9051 9053
f 9005 9003 9053
f 9126 9102 9100
f 9124 9126 9100
f 9150 9126 9124
f 9148 9150 9124
f 9200 9150 9148
f 9198 9200 9148
f 8717 8497 8495
f 8715 8717 8495
f 8817 8717 8715
f 8815 8817 8715
f 8850 8817 8815
f 8848 8850 8815
f 8874 8850 8848
f 8872 8874 8848
f 8899 8874 8872
f 8897 8899 8872
f 8960 8899 8897
f 8958 8960 8897
f 8717 8718 8497
f 8718 8498 8497
f 8818 8718 8717
f 8817 8818 8717
f 8851 8818 8817
f 8850 8851 8817
f 8875 8851 8850
f 8874 8875 8850
f 8900 8875 8874
f 8899 8900 8874
f 8961 8900 8899
f 8960 8961 8899
f 8718 8716 8498
f 8716 8496 8498
f 8816 8716 8718
f 8818 8816 8718
f 8849 8816 8818
f 8851 8849 8818
f 8873 8849 8851
f 8875 8873 8851
f 8898 8873 8875
f 8900 8898 8875
f 8959 8898 8900
f 8961 8959 8900
f 8716 8714 8496
f 8714 8494 8496
f 8814 8714 8716
f 8816 8814 8716
f 8847 8814 8816
f 8849 8847 8816
f 8871 8847 8849
f 8873 8871 8849
f 8896 8871 8873
f 8898 8896 8873
f 8957 8896 8898
f 8959 8957 8898
f 8714 8712 8494
f 8712 8492 8494
f 8812 8712 8714
f 8814 8812 8714
f 8845 8812 8814
f 8847 8845 8814
f 8869 8845 8847
f 8871 8869 8847
f 8894 8869 8871
f 8896 8894 8871
f 8955 8894 8896
f 8957 8955 8896
f 8712 8710 8492
f 8710 8490 8492
f 8810 8710 8712
f 8812 8810 8712
f 8843 8810 8812
f 8845 8843 8812
f 8867 8843 8845
f 8869 8867 8845
f 8892 8867 8869
f 8894 8892 8869
f 8953 8892 8894
f 8955 8953 8894
f 8710 8708 8490
f 8708 8488 8490
f 8808 8708 8710
f 8810 8808 8710
f 8841 8808 8810
f 8843 8841 8810
f 8865 8841 8843
f 8867 8865 8843
f 8890 8865 8867
f 8892 8890 8867
f 8951 8890 8892
f 8953 8951 8892
f 8708 8706 8488
f 8706 8485 8488
f 8806 8706 8708
f 8808 8806 8708
f 8839 8806 8808
f 8841 8839 8808
f 8863 8839 8841
f 8865 8863 8841
f 8888 8863 8865
f 8890 8888 8865
f 8948 8888 8890
f 8951 8948 8890
f 8704 8483 8485
f 8706 8704 8485
f 8804 8704 8706
f 8806 8804 8706
f 8837 8804 8806
f 8839 8837 8806
f 8861 8837 8839
f 8863 8861 8839
f 8886 8861 8863
f 8888 8886 8863
f 8946 8886 8888
f 8948 8946 8888
f 8704 8702 8483
f 8702 8481 8483
f 8802 8702 8704
f 8804 8802 8704
f 8835 8802 8804
f 8837 8835 8804
f 8859 8835 8837
f 8861 8859 8837
f 8884 8859 8861
f 8886 8884 8861
f 8944 8884 8886
f 8946 8944 8886
f 8702 8700 8481
f 8700 8479 8481
f 8800 8700 8702
f 8802 8800 8702
f 8833 8800 8802
f 8835 8833 8802
f 8857 8833 8835
f 8859 8857 8835
f 8882 8857 8859
f 8884 8882 8859
f 8942 8882 8884
f 8944 8942 8884
f 8700 8698 8479
f 8698 8477 8479
f 8798 8698 8700
f 8800 8798 8700
f 8831 8798 8800
f 8833 8831 8800
f 8855 8831 8833
f 8857 8855 8833
f 8880 8855 8857
f 8882 8880 8857
f 8940 8880 8882
f 8942 8940 8882
f 8698 8696 8477
f 8696 8475 8477
f 8796 8696 8698
f 8798 8796 8698
f 8829 8796 8798
f 8831 8829 8798
f 8853 8829 8831
f 8855 8853 8831
f 8878 8853 8855
f 8880 8878 8855
f 8938 8878 8880
f 8940 8938 8880
f 8696 8695 8475
f 8695 8474 8475
f 8795 8695 8696
f 8796 8795 8696
f 8828 8795 8796
f 8829 8828 8796
f 8852 8828 8829
f 8853 8852 8829
f 8877 8852 8853
f 8878 8877 8853
f 8937 8877 8878
f 8938 8937 8878
f 8695 8697 8474
f 8697 8476 8474
f 8797 8697 8695
f 8795 8797 8695
f 8830 8797 8795
f 8828 8830 8795
f 8854 8830 8828
f 8852 8854 8828
f 8879 8854 8852
f 8877 8879 8852
f 8939 8879 8877
f 8937 8939 8877
f 8697 8699 8476
f 8699 8478 8476
f 8799 8699 8697
f 8797 8799 8697
f 8832 8799 8797
f 8830 8832 8797
f 8856 8832 8830
f 8854 8856 8830
f 8881 8856 8854
f 8879 8881 8854
f 8941 8881 8879
f 8939 8941 8879
f 8699 8701 8478
f 8701 8480 8478
f 8801 8701 8699
f 8799 8801 8699
f 8834 8801 8799
f 8832 8834 8799
f 8858 8834 8832
f 8856 8858 8832
f 8883 8858 8856
f 8881 8883 8856
f 8943 8883 8881
f 8941 8943 8881
f 8701 8703 8480
f 8703 8482 8480
f 8803 8703 8701
f 8801 8803 8701
f 8836 8803 8801
f 8834 8836 8801
f 8860 8836 8834
f 8858 8860 8834
f 8885 8860 8858
f 8883 8885 8858
f 8945 8885 8883
f 8943 8945 8883
f 8703 8705 8482
f 8705 8484 8482
f 8805 8705 8703
f 8803 8805 8703
f 8838 8805 8803
f 8836 8838 8803
f 8862 8838 8836
f 8860 8862 8836
f 8887 8862 8860
f 8885 8887 8860
f 8947 8887 8885
f 8945 8947 8885
f 8705 8707 8484
f 8707 8487 8484
f 8807 8707 8705
f 8805 8807 8705
f 8840 8807 8805
f 8838 8840 8805
f 8864 8840 8838
f 8862 8864 8838
f 8889 8864 8862
f 8887 8889 8862
f 8950 8889 8887
f 8947 8950 8887
f 8707 8709 8487
f 8709 8489 8487
f 8809 8709 8707
f 8807 8809 8707
f 8842 8809 8807
f 8840 8842 8807
f 8866 8842 8840
f 8864 8866 8840
f 8891 8866 8864
f 8889 8891 8864
f 8952 8891 8889
f 8950 8952 8889
f 8709 8711 8489
f 8711 8491 8489
f 8811 8711 8709
f 8809 8811 8709
f 8844 8811 8809
f 8842 8844 8809
f 8868 8844 8842
f 8866 8868 8842
f 8893 8868 8866
f 8891 8893 8866
f 8954 8893 8891
f 8952 8954 8891
f 8711 8713 8491
f 8713 8493 8491
f 8813 8713 8711
f 8811 8813 8711
f 8846 8813 8811
f 8844 8846 8811
f 8870 8846 8844
f 8868 8870 8844
f 8895 8870 8868
f 8893 8895 8868
f 8956 8895 8893
f 8954 8956 8893
f 8713 8715 8493
f 8715 8495 8493
f 8815 8715 8713
f 8813 8815 8713
f 8848 8815 8813
f 8846 8848 8813
f 8872 8848 8846
f 8870 8872 8846
f 8897 8872 8870
f 8895 8897 8870
f 8958 8897 8895
f 8956 8958 8895
f 8999 8998 8996
f 8996 8998 8994
f 8994 8998 8992
f 8992 8998 8990
f 8990 8998 8988
f 8988 8998 8986
f 8986 8998 8987
f 8987 8998 8989
f 8989 8998 8991
f 8991 8998 8993
f 8993 8998 8995
f 8995 8998 8997
f 8997 8998 9000
f 9000 8998 9002
f 9002 8998 9004
f 9004 8998 9006
f 9006 8998 9008
f 9008 8998 9010
f 9010 8998 9009
f 9009 8998 9007
f 9007 8998 9005
f 9005 8998 9003
f 9003 8998 9001
f 9001 8998 8999
f 9194 9193 9196
f 9196 9193 9198
f 9198 9193 9200
f 9200 9193 9202
f 9202 9193 9204
f 9204 9193 9205
f 9205 9193 9203
f 9203 9193 9201
f 9201 9193 9199
f 9199 9193 9197
f 9197 9193 9195
f 9195 9193 9192
f 9192 9193 9190
f 9190 9193 9188
f 9188 9193 9186
f 9186 9193 9184
f 9184 9193 9182
f 9182 9193 9181
f 9181 9193 9183
f 9183 9193 9185
f 9185 9193 9187
f 9187 9193 9189
f 9189 9193 9191
f 9191 9193 9194
f 8487 8486 8484
f 8484 8486 8482
f 8482 8486 8480
f 8480 8486 8478
f 8478 8486 8476
f 8476 8486 8474
f 8474 8486 8475
f 8475 8486 8477
f 8477 8486 8479
f 8479 8486 8481
f 8481 8486 8483
f 8483 8486 8485
f 8485 8486 8488
f 8488 8486 8490
f 8490 8486 8492
f 8492 8486 8494
f 8494 8486 8496
f 8496 8486 8498
f 8498 8486 8497
f 8497 8486 8495
f 8495 8486 8493
f 8493 8486 8491
f 8491 8486 8489
f 8489 8486 8487
f 8950 8949 8952
f 8952 8949 8954
f 8954 8949 8956
f 8956 8949 8958
f 8958 8949 8960
f 8960 8949 8961
f 8961 8949 8959
f 8959 8949 8957
f 8957 8949 8955
f 8955 8949 8953
f 8953 8949 8951
f 8951 8949 8948
f 8948 8949 8946
f 8946 8949 8944
f 8944 8949 8942
f 8942 8949 8940
f 8940 8949 8938
f 8938 8949 8937
f 8937 8949 8939
f 8939 8949 8941
f 8941 8949 8943
f 8943 8949 8945
f 8945 8949 8947
f 8947 8949 8950
f 9263 9260 9306
f 9311 9263 9306
f 9260 9263 9239
f 9263 9246 9239
f 9246 9263 9253
f 9263 9283 9253
f 9263 9311 9315
f 9283 9263 9315
f 9264 9260 9239
f 9260 9264 9306
f 9247 9264 9239
f 9264 9247 9254
f 9284 9264 9254
f 9360 9284 9254
f 9284 9360 9316
f 9264 9284 9316
f 9360 9378 9316
f 9378 9360 9486
f 9360 9484 9486
f 9484 9360 9482
f 9360 9336 9482
f 9336 9360 9254
f 9322 9336 9254
f 9336 9322 9482
f 9256 9322 9254
f 9322 9480 9482
f 9480 9322 9464
f 9322 9314 9464
f 9322 9256 9252
f 9314 9322 9252
f 9305 9314 9252
f 9314 9305 9464
f 9259 9305 9252
f 9305 9426 9464
f 9426 9305 9352
f 9305 9298 9352
f 9305 9259 9298
f 9484 9634 9486
f 9634 9484 9482
f 9634 9610 9486
f 9610 9634 9709
f 9634 9733 9709
f 9733 9634 9756
f 9634 9654 9756
f 9654 9634 9482
f 9659 9654 9482
f 9654 9659 9756
f 9480 9659 9482
f 9659 9766 9756
f 9766 9659 9750
f 9659 9642 9750
f 9659 9480 9464
f 9642 9659 9464
f 9585 9642 9464
f 9642 9585 9750
f 9426 9585 9464
f 9585 9714 9750
f 9714 9585 9699
f 9585 9565 9699
f 9585 9426 9352
f 9565 9585 9352
f 9820 9733 9756
f 9854 9820 9756
f 9820 9854 9986
f 9888 9820 9986
f 9820 9888 9841
f 9781 9820 9841
f 9820 9781 9709
f 9733 9820 9709
f 9854 9867 9986
f 9867 9854 9756
f 9766 9867 9756
f 9867 9961 9986
f 9961 9867 9988
f 9867 9856 9988
f 9867 9766 9750
f 9856 9867 9750
f 9822 9856 9750
f 9856 9822 9988
f 9714 9822 9750
f 9822 9899 9988
f 9899 9822 9858
f 9822 9784 9858
f 9822 9714 9699
f 9784 9822 9699
f 9784 9778 9858
f 9778 9784 9699
f 9778 9845 9858
f 9845 9778 9849
f 9778 9782 9849
f 9782 9778 9725
f 9778 9716 9725
f 9716 9778 9699
f 9777 9782 9725
f 9782 9777 9849
f 9715 9777 9725
f 9777 9715 9698
f 9783 9777 9698
f 9777 9783 9857
f 9844 9777 9857
f 9777 9844 9849
f 9924 9899 9858
f 9882 9924 9858
f 9828 9924 9882
f 9818 9828 9882
f 9828 9878 9924
f 9878 9964 9924
f 9878 9883 9964
f 9883 9999 9964
f 9883 9889 9999
f 9889 10009 9999
f 9807 9818 9882
f 9877 9807 9882
f 9810 9807 9877
f 9880 9810 9877
f 9810 9880 9876
f 9806 9810 9876
f 9806 9876 9881
f 9817 9806 9881
f 9829 9817 9881
f 9925 9829 9881
f 9879 9829 9925
f 9965 9879 9925
f 10009 9889 10000
f 9889 9884 10000
f 9884 9879 9965
f 10000 9884 9965
f 10000 9965 9987
f 9965 9925 9987
f 10025 10000 9987
f 10000 10025 10029
f 10009 10000 10029
f 9999 10009 10029
f 10026 9999 10029
f 10014 10026 10029
f 10026 10014 9988
f 9999 10026 9988
f 10014 10006 9988
f 10014 9900 10006
f 9904 9900 10014
f 10023 9904 10014
f 10023 10014 10029
f 9904 10023 10013
f 10013 10025 9987
f 10013 10023 10029
f 10025 10013 10029
f 9901 9904 10013
f 9901 10013 10005
f 10005 10013 9987
f 9894 9901 10005
f 9894 10005 10003
f 9890 9894 10003
f 9895 9890 10003
f 10007 9895 10003
f 9900 9893 10006
f 10006 9893 10004
f 10006 10004 9988
f 9893 9891 10004
f 9891 9896 10004
f 9896 10008 10004
f 9896 9903 10008
f 9903 10016 10008
f 9903 9905 10016
f 9905 10024 10016
f 10024 9905 10015
f 9905 9902 10015
f 9902 9895 10007
f 10015 9902 10007
f 10015 10007 9985
f 10007 10003 9985
f 10027 10015 9985
f 10015 10027 10030
f 10024 10015 10030
f 10016 10024 10030
f 10008 10016 9986
f 10004 10008 9986
f 10016 10028 9986
f 10028 10016 10030
f 10028 10002 9986
f 10002 10028 10030
f 10002 9963 9986
f 10002 9886 9963
f 9886 10002 10010
f 10010 10002 10030
f 9892 9886 10010
f 9892 10010 10001
f 10001 10027 9985
f 10001 10010 10030
f 10027 10001 10030
f 9885 9892 10001
f 9885 10001 9962
f 9962 10001 9985
f 9874 9885 9962
f 9874 9962 9916
f 9916 9962 9985
f 9823 9874 9916
f 9823 9916 9873
f 9805 9823 9873
f 9886 9875 9963
f 9963 9875 9917
f 9875 9824 9917
f 9917 9824 9872
f 9824 9804 9872
f 9804 9797 9872
f 9797 9859 9872
f 9797 9801 9859
f 9801 9863 9859
f 9863 9801 9860
f 9801 9798 9860
f 9798 9805 9873
f 9860 9798 9873
f 9860 9873 9840
f 9873 9916 9840
f 9826 9860 9840
f 9860 9826 9830
f 9863 9860 9830
f 9859 9863 9830
f 9872 9859 9841
f 9917 9872 9841
f 9859 9827 9841
f 9827 9859 9830
f 9888 9917 9841
f 9917 9888 9986
f 9963 9917 9986
f 9804 9825 9797
f 9801 9825 9798
f 9824 9825 9804
f 9875 9825 9824
f 9886 9825 9875
f 9892 9825 9886
f 9885 9825 9892
f 9874 9825 9885
f 9823 9825 9874
f 9805 9825 9823
f 9798 9825 9805
f 9961 10004 9986
f 10004 9961 9988
f 9964 9999 9988
f 9924 9964 9988
f 9899 9924 9988
f 9249 9248 9232
f 9237 9249 9232
f 9248 9249 9257
f 9249 9261 9257
f 9261 9249 9265
f 9249 9258 9265
f 9249 9237 9251
f 9258 9249 9251
f 9250 9248 9257
f 9248 9250 9232
f 9262 9250 9257
f 9282 9262 9257
f 9280 9282 9257
f 9262 9282 9266
f 9250 9262 9266
f 9282 9298 9266
f 9259 9250 9266
f 9266 9298 9259
f 9250 9259 9252
f 9238 9250 9252
f 9250 9238 9232
f 9281 9261 9265
f 9281 9280 9257
f 9261 9281 9257
f 9297 9281 9265
f 9258 9297 9265
f 9238 9233 9232
f 9233 9238 9252
f 9233 9218 9232
f 9267 9218 9233
f 9270 9267 9233
f 9270 9233 9240
f 9240 9233 9252
f 9275 9270 9240
f 9275 9240 9245
f 9245 9240 9252
f 9279 9275 9245
f 9277 9279 9245
f 9243 9277 9245
f 9272 9277 9243
f 9236 9272 9243
f 9268 9272 9236
f 9219 9268 9236
f 9218 9267 9234
f 9267 9271 9234
f 9234 9271 9241
f 9271 9276 9241
f 9241 9276 9244
f 9276 9278 9244
f 9278 9274 9244
f 9274 9242 9244
f 9274 9269 9242
f 9269 9235 9242
f 9268 9219 9235
f 9269 9268 9235
f 9235 9219 9239
f 9219 9236 9239
f 9246 9235 9239
f 9235 9246 9253
f 9242 9235 9253
f 9244 9242 9253
f 9255 9244 9253
f 9244 9255 9251
f 9241 9244 9251
f 9234 9241 9251
f 9237 9234 9251
f 9234 9237 9232
f 9218 9234 9232
f 9276 9273 9278
f 9278 9273 9274
f 9274 9273 9269
f 9271 9273 9276
f 9267 9273 9271
f 9270 9273 9267
f 9275 9273 9270
f 9279 9273 9275
f 9277 9273 9279
f 9272 9273 9277
f 9268 9273 9272
f 9269 9273 9268
f 9379 9477 9485
f 9377 9379 9485
f 9477 9379 9476
f 9379 9374 9476
f 9374 9379 9306
f 9379 9311 9306
f 9379 9377 9315
f 9311 9379 9315
f 9602 9477 9476
f 9477 9602 9485
f 9604 9602 9476
f 9602 9604 9710
f 9705 9602 9710
f 9602 9705 9708
f 9609 9602 9708
f 9602 9609 9485
f 9775 9705 9710
f 9705 9775 9708
f 9779 9775 9710
f 9775 9779 9830
f 9826 9775 9830
f 9775 9826 9840
f 9780 9775 9840
f 9775 9780 9708
f 9380 9374 9306
f 9312 9380 9306
f 9380 9312 9316
f 9378 9380 9316
f 9380 9378 9486
f 9478 9380 9486
f 9380 9478 9476
f 9374 9380 9476
f 9603 9478 9486
f 9478 9603 9476
f 9610 9603 9486
f 9603 9610 9709
f 9706 9603 9709
f 9603 9604 9476
f 9603 9706 9710
f 9604 9603 9710
f 9776 9706 9709
f 9706 9776 9710
f 9781 9776 9709
f 9776 9781 9841
f 9827 9776 9841
f 9776 9779 9710
f 9776 9827 9830
f 9779 9776 9830
f 9282 9308 9352
f 9298 9282 9352
f 9308 9282 9301
f 9282 9280 9301
f 9280 9281 9301
f 9281 9307 9301
f 9307 9281 9351
f 9281 9297 9351
f 9308 9339 9352
f 9339 9308 9301
f 9339 9382 9352
f 9339 9354 9382
f 9350 9354 9339
f 9337 9350 9339
f 9337 9339 9301
f 9350 9337 9338
f 9338 9307 9351
f 9338 9337 9301
f 9307 9338 9301
f 9353 9350 9338
f 9353 9338 9381
f 9381 9338 9351
f 9393 9353 9381
f 9562 9393 9381
f 9550 9562 9381
f 9550 9381 9351
f 9652 9562 9550
f 9656 9652 9550
f 9677 9652 9656
f 9692 9677 9656
f 9677 9692 9697
f 9682 9677 9697
f 9682 9697 9691
f 9676 9682 9691
f 9676 9691 9655
f 9651 9676 9655
f 9651 9655 9549
f 9563 9651 9549
f 9563 9549 9382
f 9396 9563 9382
f 9354 9396 9382
f 9692 9656 9698
f 9715 9692 9698
f 9692 9715 9725
f 9697 9692 9725
f 9691 9697 9725
f 9655 9691 9699
f 9549 9655 9699
f 9691 9716 9699
f 9716 9691 9725
f 9565 9549 9699
f 9549 9565 9352
f 9382 9549 9352
f 9651 9561 9676
f 9354 9561 9396
f 9396 9561 9563
f 9563 9561 9651
f 9676 9561 9682
f 9682 9561 9677
f 9677 9561 9652
f 9652 9561 9562
f 9562 9561 9393
f 9393 9561 9353
f 9353 9561 9350
f 9350 9561 9354
f 9304 9425 9351
f 9297 9304 9351
f 9425 9304 9463
f 9304 9313 9463
f 9313 9304 9251
f 9304 9258 9251
f 9297 9258 9304
f 9321 9313 9251
f 9313 9321 9463
f 9255 9321 9251
f 9321 9479 9463
f 9479 9321 9481
f 9321 9335 9481
f 9321 9255 9253
f 9335 9321 9253
f 9359 9335 9253
f 9335 9359 9481
f 9283 9359 9253
f 9359 9483 9481
f 9483 9359 9485
f 9359 9377 9485
f 9359 9283 9315
f 9377 9359 9315
f 9479 9658 9463
f 9658 9479 9481
f 9653 9658 9481
f 9658 9653 9755
f 9765 9658 9755
f 9658 9765 9749
f 9641 9658 9749
f 9584 9641 9749
f 9713 9584 9749
f 9584 9713 9698
f 9564 9584 9698
f 9584 9564 9351
f 9425 9584 9351
f 9584 9425 9463
f 9641 9584 9463
f 9658 9641 9463
f 9653 9633 9755
f 9633 9653 9481
f 9483 9633 9481
f 9633 9732 9755
f 9732 9633 9708
f 9633 9609 9708
f 9633 9483 9485
f 9609 9633 9485
f 9713 9821 9698
f 9821 9783 9698
f 9783 9821 9857
f 9821 9898 9857
f 9898 9821 9987
f 9821 9855 9987
f 9855 9821 9749
f 9821 9713 9749
f 9866 9855 9749
f 9855 9866 9987
f 9765 9866 9749
f 9866 9960 9987
f 9960 9866 9985
f 9866 9853 9985
f 9866 9765 9755
f 9853 9866 9755
f 9819 9853 9755
f 9853 9819 9985
f 9732 9819 9755
f 9819 9887 9985
f 9887 9819 9840
f 9819 9780 9840
f 9819 9732 9708
f 9780 9819 9708
f 9960 10003 9987
f 10003 9960 9985
f 9887 9916 9985
f 9916 9887 9840
f 10003 10005 9987
f 9925 9898 9987
f 9898 9925 9857
f 9925 9881 9857
f 9881 9876 9857
f 9876 9844 9857
f 9844 9876 9849
f 9876 9880 9849
f 9880 9877 9849
f 9877 9845 9849
f 9845 9877 9858
f 9877 9882 9858
f 9312 9264 9316
f 9264 9312 9306
f 9564 9550 9351
f 9550 9564 9698
f 9656 9550 9698
f 9256 9245 9252
f 9245 9256 9254
f 9243 9245 9254
f 9236 9243 9254
f 9247 9236 9254
f 9236 9247 9239
f 9817 9833 9806
f 9806 9833 9810
f 9810 9833 9807
f 9807 9833 9818
f 9818 9833 9828
f 9828 9833 9878
f 9878 9833 9883
f 9883 9833 9889
f 9889 9833 9884
f 9884 9833 9879
f 9879 9833 9829
f 9829 9833 9817
f 9894 9897 9901
f 9901 9897 9904
f 9904 9897 9900
f 9900 9897 9893
f 9893 9897 9891
f 9891 9897 9896
f 9896 9897 9903
f 9903 9897 9905
f 9905 9897 9902
f 9902 9897 9895
f 9895 9897 9890
f 9890 9897 9894
f 9797 9825 9801
f 2170 2172 2148
f 2146 2170 2148
f 2170 2195 2172
f 2195 2197 2172
f 2195 2244 2197
f 2244 2246 2197
f 2148 2124 2146
f 2124 2122 2146
f 2124 2100 2122
f 2100 2098 2122
f 2100 2051 2098
f 2051 2049 2098
f 2148 2172 2150
f 2172 2174 2150
f 2172 2197 2174
f 2197 2199 2174
f 2197 2246 2199
f 2246 2248 2199
f 2102 2100 2124
f 2126 2102 2124
f 2126 2124 2148
f 2150 2126 2148
f 2053 2051 2100
f 2102 2053 2100
f 2150 2174 2151
f 2174 2175 2151
f 2174 2199 2175
f 2199 2200 2175
f 2199 2248 2200
f 2248 2249 2200
f 2127 2126 2150
f 2151 2127 2150
f 2103 2102 2126
f 2127 2103 2126
f 2054 2053 2102
f 2103 2054 2102
f 2151 2175 2149
f 2175 2173 2149
f 2175 2200 2173
f 2200 2198 2173
f 2200 2249 2198
f 2249 2247 2198
f 2125 2127 2151
f 2149 2125 2151
f 2101 2103 2127
f 2125 2101 2127
f 2052 2054 2103
f 2101 2052 2103
f 2149 2173 2147
f 2173 2171 2147
f 2173 2198 2171
f 2198 2196 2171
f 2198 2247 2196
f 2247 2245 2196
f 2123 2125 2149
f 2147 2123 2149
f 2099 2101 2125
f 2123 2099 2125
f 2050 2052 2101
f 2099 2050 2101
f 2147 2171 2145
f 2171 2169 2145
f 2171 2196 2169
f 2196 2194 2169
f 2196 2245 2194
f 2245 2243 2194
f 2121 2123 2147
f 2145 2121 2147
f 2097 2099 2123
f 2121 2097 2123
f 2048 2050 2099
f 2097 2048 2099
f 2145 2169 2143
f 2169 2167 2143
f 2169 2194 2167
f 2194 2192 2167
f 2194 2243 2192
f 2243 2241 2192
f 2119 2121 2145
f 2143 2119 2145
f 2095 2097 2121
f 2119 2095 2121
f 2046 2048 2097
f 2095 2046 2097
f 2143 2167 2141
f 2167 2165 2141
f 2167 2192 2165
f 2192 2190 2165
f 2192 2241 2190
f 2241 2239 2190
f 2117 2119 2143
f 2141 2117 2143
f 2093 2095 2119
f 2117 2093 2119
f 2044 2046 2095
f 2093 2044 2095
f 2141 2165 2139
f 2165 2163 2139
f 2165 2190 2163
f 2190 2188 2163
f 2190 2239 2188
f 2239 2236 2188
f 2115 2117 2141
f 2139 2115 2141
f 2091 2093 2117
f 2115 2091 2117
f 2041 2044 2093
f 2091 2041 2093
f 2163 2161 2137
f 2139 2163 2137
f 2163 2188 2161
f 2188 2186 2161
f 2188 2236 2186
f 2236 2234 2186
f 2137 2113 2139
f 2113 2115 2139
f 2113 2089 2115
f 2089 2091 2115
f 2089 2039 2091
f 2039 2041 2091
f 2137 2161 2135
f 2161 2159 2135
f 2161 2186 2159
f 2186 2184 2159
f 2186 2234 2184
f 2234 2232 2184
f 2087 2089 2113
f 2111 2087 2113
f 2111 2113 2137
f 2135 2111 2137
f 2037 2039 2089
f 2087 2037 2089
f 2135 2159 2133
f 2159 2157 2133
f 2159 2184 2157
f 2184 2182 2157
f 2184 2232 2182
f 2232 2230 2182
f 2109 2111 2135
f 2133 2109 2135
f 2085 2087 2111
f 2109 2085 2111
f 2035 2037 2087
f 2085 2035 2087
f 2133 2157 2131
f 2157 2155 2131
f 2157 2182 2155
f 2182 2180 2155
f 2182 2230 2180
f 2230 2228 2180
f 2107 2109 2133
f 2131 2107 2133
f 2083 2085 2109
f 2107 2083 2109
f 2033 2035 2085
f 2083 2033 2085
f 2131 2155 2129
f 2155 2153 2129
f 2155 2180 2153
f 2180 2178 2153
f 2180 2228 2178
f 2228 2226 2178
f 2105 2107 2131
f 2129 2105 2131
f 2081 2083 2107
f 2105 2081 2107
f 2031 2033 2083
f 2081 2031 2083
f 2129 2153 2128
f 2153 2152 2128
f 2153 2178 2152
f 2178 2177 2152
f 2178 2226 2177
f 2226 2225 2177
f 2104 2105 2129
f 2128 2104 2129
f 2080 2081 2105
f 2104 2080 2105
f 2030 2031 2081
f 2080 2030 2081
f 2128 2152 2130
f 2152 2154 2130
f 2152 2177 2154
f 2177 2179 2154
f 2177 2225 2179
f 2225 2227 2179
f 2106 2104 2128
f 2130 2106 2128
f 2082 2080 2104
f 2106 2082 2104
f 2032 2030 2080
f 2082 2032 2080
f 2130 2154 2132
f 2154 2156 2132
f 2154 2179 2156
f 2179 2181 2156
f 2179 2227 2181
f 2227 2229 2181
f 2108 2106 2130
f 2132 2108 2130
f 2084 2082 2106
f 2108 2084 2106
f 2034 2032 2082
f 2084 2034 2082
f 2132 2156 2134
f 2156 2158 2134
f 2156 2181 2158
f 2181 2183 2158
f 2181 2229 2183
f 2229 2231 2183
f 2110 2108 2132
f 2134 2110 2132
f 2086 2084 2108
f 2110 2086 2108
f 2036 2034 2084
f 2086 2036 2084
f 2134 2158 2136
f 2158 2160 2136
f 2158 2183 2160
f 2183 2185 2160
f 2183 2231 2185
f 2231 2233 2185
f 2112 2110 2134
f 2136 2112 2134
f 2088 2086 2110
f 2112 2088 2110
f 2038 2036 2086
f 2088 2038 2086
f 2136 2160 2138
f 2160 2162 2138
f 2160 2185 2162
f 2185 2187 2162
f 2185 2233 2187
f 2233 2235 2187
f 2114 2112 2136
f 2138 2114 2136
f 2090 2088 2112
f 2114 2090 2112
f 2040 2038 2088
f 2090 2040 2088
f 2138 2162 2140
f 2162 2164 2140
f 2162 2187 2164
f 2187 2189 2164
f 2187 2235 2189
f 2235 2238 2189
f 2116 2114 2138
f 2140 2116 2138
f 2092 2090 2114
f 2116 2092 2114
f 2043 2040 2090
f 2092 2043 2090
f 2140 2164 2142
f 2164 2166 2142
f 2164 2189 2166
f 2189 2191 2166
f 2189 2238 2191
f 2238 2240 2191
f 2118 2116 2140
f 2142 2118 2140
f 2094 2092 2116
f 2118 2094 2116
f 2045 2043 2092
f 2094 2045 2092
f 2142 2166 2144
f 2166 2168 2144
f 2166 2191 2168
f 2191 2193 2168
f 2191 2240 2193
f 2240 2242 2193
f 2120 2118 2142
f 2144 2120 2142
f 2096 2094 2118
f 2120 2096 2118
f 2047 2045 2094
f 2096 2047 2094
f 2144 2168 2146
f 2168 2170 2146
f 2168 2193 2170
f 2193 2195 2170
f 2193 2242 2195
f 2242 2244 2195
f 2122 2120 2144
f 2146 2122 2144
f 2098 2096 2120
f 2122 2098 2120
f 2049 2047 2096
f 2098 2049 2096
f 2539 2537 2758
f 2760 2539 2758
f 2539 2439 2537
f 2439 2437 2537
f 2439 2406 2437
f 2406 2404 2437
f 2406 2382 2404
f 2382 2380 2404
f 2382 2357 2380
f 2357 2355 2380
f 2357 2297 2355
f 2297 2295 2355
f 2540 2539 2760
f 2761 2540 2760
f 2440 2439 2539
f 2540 2440 2539
f 2407 2406 2439
f 2440 2407 2439
f 2383 2382 2406
f 2407 2383 2406
f 2358 2357 2382
f 2383 2358 2382
f 2298 2297 2357
f 2358 2298 2357
f 2538 2540 2761
f 2759 2538 2761
f 2438 2440 2540
f 2538 2438 2540
f 2405 2407 2440
f 2438 2405 2440
f 2381 2383 2407
f 2405 2381 2407
f 2356 2358 2383
f 2381 2356 2383
f 2296 2298 2358
f 2356 2296 2358
f 2536 2538 2759
f 2757 2536 2759
f 2436 2438 2538
f 2536 2436 2538
f 2403 2405 2438
f 2436 2403 2438
f 2379 2381 2405
f 2403 2379 2405
f 2354 2356 2381
f 2379 2354 2381
f 2294 2296 2356
f 2354 2294 2356
f 2534 2536 2757
f 2755 2534 2757
f 2434 2436 2536
f 2534 2434 2536
f 2401 2403 2436
f 2434 2401 2436
f 2377 2379 2403
f 2401 2377 2403
f 2352 2354 2379
f 2377 2352 2379
f 2292 2294 2354
f 2352 2292 2354
f 2532 2534 2755
f 2753 2532 2755
f 2432 2434 2534
f 2532 2432 2534
f 2399 2401 2434
f 2432 2399 2434
f 2375 2377 2401
f 2399 2375 2401
f 2350 2352 2377
f 2375 2350 2377
f 2290 2292 2352
f 2350 2290 2352
f 2530 2532 2753
f 2751 2530 2753
f 2430 2432 2532
f 2530 2430 2532
f 2397 2399 2432
f 2430 2397 2432
f 2373 2375 2399
f 2397 2373 2399
f 2348 2350 2375
f 2373 2348 2375
f 2288 2290 2350
f 2348 2288 2350
f 2528 2530 2751
f 2748 2528 2751
f 2428 2430 2530
f 2528 2428 2530
f 2395 2397 2430
f 2428 2395 2430
f 2371 2373 2397
f 2395 2371 2397
f 2346 2348 2373
f 2371 2346 2373
f 2285 2288 2348
f 2346 2285 2348
f 2526 2528 2748
f 2746 2526 2748
f 2526 2426 2528
f 2426 2428 2528
f 2426 2393 2428
f 2393 2395 2428
f 2393 2369 2395
f 2369 2371 2395
f 2369 2344 2371
f 2344 2346 2371
f 2344 2283 2346
f 2283 2285 2346
f 2524 2526 2746
f 2744 2524 2746
f 2424 2426 2526
f 2524 2424 2526
f 2391 2393 2426
f 2424 2391 2426
f 2367 2369 2393
f 2391 2367 2393
f 2342 2344 2369
f 2367 2342 2369
f 2281 2283 2344
f 2342 2281 2344
f 2522 2524 2744
f 2742 2522 2744
f 2422 2424 2524
f 2522 2422 2524
f 2389 2391 2424
f 2422 2389 2424
f 2365 2367 2391
f 2389 2365 2391
f 2340 2342 2367
f 2365 2340 2367
f 2279 2281 2342
f 2340 2279 2342
f 2520 2522 2742
f 2740 2520 2742
f 2420 2422 2522
f 2520 2420 2522
f 2387 2389 2422
f 2420 2387 2422
f 2363 2365 2389
f 2387 2363 2389
f 2338 2340 2365
f 2363 2338 2365
f 2277 2279 2340
f 2338 2277 2340
f 2518 2520 2740
f 2738 2518 2740
f 2418 2420 2520
f 2518 2418 2520
f 2385 2387 2420
f 2418 2385 2420
f 2361 2363 2387
f 2385 2361 2387
f 2336 2338 2363
f 2361 2336 2363
f 2275 2277 2338
f 2336 2275 2338
f 2517 2518 2738
f 2737 2517 2738
f 2417 2418 2518
f 2517 2417 2518
f 2384 2385 2418
f 2417 2384 2418
f 2360 2361 2385
f 2384 2360 2385
f 2335 2336 2361
f 2360 2335 2361
f 2274 2275 2336
f 2335 2274 2336
f 2519 2517 2737
f 2739 2519 2737
f 2419 2417 2517
f 2519 2419 2517
f 2386 2384 2417
f 2419 2386 2417
f 2362 2360 2384
f 2386 2362 2384
f 2337 2335 2360
f 2362 2337 2360
f 2276 2274 2335
f 2337 2276 2335
f 2521 2519 2739
f 2741 2521 2739
f 2421 2419 2519
f 2521 2421 2519
f 2388 2386 2419
f 2421 2388 2419
f 2364 2362 2386
f 2388 2364 2386
f 2339 2337 2362
f 2364 2339 2362
f 2278 2276 2337
f 2339 2278 2337
f 2523 2521 2741
f 2743 2523 2741
f 2423 2421 2521
f 2523 2423 2521
f 2390 2388 2421
f 2423 2390 2421
f 2366 2364 2388
f 2390 2366 2388
f 2341 2339 2364
f 2366 2341 2364
f 2280 2278 2339
f 2341 2280 2339
f 2525 2523 2743
f 2745 2525 2743
f 2425 2423 2523
f 2525 2425 2523
f 2392 2390 2423
f 2425 2392 2423
f 2368 2366 2390
f 2392 2368 2390
f 2343 2341 2366
f 2368 2343 2366
f 2282 2280 2341
f 2343 2282 2341
f 2527 2525 2745
f 2747 2527 2745
f 2427 2425 2525
f 2527 2427 2525
f 2394 2392 2425
f 2427 2394 2425
f 2370 2368 2392
f 2394 2370 2392
f 2345 2343 2368
f 2370 2345 2368
f 2284 2282 2343
f 2345 2284 2343
f 2529 2527 2747
f 2750 2529 2747
f 2429 2427 2527
f 2529 2429 2527
f 2396 2394 2427
f 2429 2396 2427
f 2372 2370 2394
f 2396 2372 2394
f 2347 2345 2370
f 2372 2347 2370
f 2287 2284 2345
f 2347 2287 2345
f 2531 2529 2750
f 2752 2531 2750
f 2431 2429 2529
f 2531 2431 2529
f 2398 2396 2429
f 2431 2398 2429
f 2374 2372 2396
f 2398 2374 2396
f 2349 2347 2372
f 2374 2349 2372
f 2289 2287 2347
f 2349 2289 2347
f 2533 2531 2752
f 2754 2533 2752
f 2433 2431 2531
f 2533 2433 2531
f 2400 2398 2431
f 2433 2400 2431
f 2376 2374 2398
f 2400 2376 2398
f 2351 2349 2374
f 2376 2351 2374
f 2291 2289 2349
f 2351 2291 2349
f 2535 2533 2754
f 2756 2535 2754
f 2435 2433 2533
f 2535 2435 2533
f 2402 2400 2433
f 2435 2402 2433
f 2378 2376 2400
f 2402 2378 2400
f 2353 2351 2376
f 2378 2353 2376
f 2293 2291 2351
f 2353 2293 2351
f 2537 2535 2756
f 2758 2537 2756
f 2437 2435 2535
f 2537 2437 2535
f 2404 2402 2435
f 2437 2404 2435
f 2380 2378 2402
f 2404 2380 2402
f 2355 2353 2378
f 2380 2355 2378
f 2295 2293 2353
f 2355 2295 2353
f 2237 2238 2235
f 2237 2235 2233
f 2237 2233 2231
f 2237 2231 2229
f 2237 2229 2227
f 2237 2227 2225
f 2237 2225 2226
f 2237 2226 2228
f 2237 2228 2230
f 2237 2230 2232
f 2237 2232 2234
f 2237 2234 2236
f 2237 2236 2239
f 2237 2239 2241
f 2237 2241 2243
f 2237 2243 2245
f 2237 2245 2247
f 2237 2247 2249
f 2237 2249 2248
f 2237 2248 2246
f 2237 2246 2244
f 2237 2244 2242
f 2237 2242 2240
f 2237 2240 2238
f 2042 2043 2045
f 2042 2045 2047
f 2042 2047 2049
f 2042 2049 2051
f 2042 2051 2053
f 2042 2053 2054
f 2042 2054 2052
f 2042 2052 2050
f 2042 2050 2048
f 2042 2048 2046
f 2042 2046 2044
f 2042 2044 2041
f 2042 2041 2039
f 2042 2039 2037
f 2042 2037 2035
f 2042 2035 2033
f 2042 2033 2031
f 2042 2031 2030
f 2042 2030 2032
f 2042 2032 2034
f 2042 2034 2036
f 2042 2036 2038
f 2042 2038 2040
f 2042 2040 2043
f 2749 2750 2747
f 2749 2747 2745
f 2749 2745 2743
f 2749 2743 2741
f 2749 2741 2739
f 2749 2739 2737
f 2749 2737 2738
f 2749 2738 2740
f 2749 2740 2742
f 2749 2742 2744
f 2749 2744 2746
f 2749 2746 2748
f 2749 2748 2751
f 2749 2751 2753
f 2749 2753 2755
f 2749 2755 2757
f 2749 2757 2759
f 2749 2759 2761
f 2749 2761 2760
f 2749 2760 2758
f 2749 2758 2756
f 2749 2756 2754
f 2749 2754 2752
f 2749 2752 2750
f 2286 2287 2289
f 2286 2289 2291
f 2286 2291 2293
f 2286 2293 2295
f 2286 2295 2297
f 2286 2297 2298
f 2286 2298 2296
f 2286 2296 2294
f 2286 2294 2292
f 2286 2292 2290
f 2286 2290 2288
f 2286 2288 2285
f 2286 2285 2283
f 2286 2283 2281
f 2286 2281 2279
f 2286 2279 2277
f 2286 2277 2275
f 2286 2275 2274
f 2286 2274 2276
f 2286 2276 2278
f 2286 2278 2280
f 2286 2280 2282
f 2286 2282 2284
f 2286 2284 2287
f 1970 1914 1920
f 1974 1970 1920
f 1970 1974 1996
f 1988 1970 1996
f 1970 1988 1980
f 1942 1970 1980
f 1970 1942 1910
f 1914 1970 1910
f 1974 1971 1996
f 1971 1974 1920
f 1971 1989 1996
f 1989 1971 1981
f 1971 1943 1981
f 1943 1855 1981
f 1855 1943 1911
f 1943 1971 1911
f 1836 1855 1911
f 1855 1836 1707
f 1709 1855 1707
f 1855 1709 1711
f 1887 1855 1711
f 1855 1887 1981
f 1887 1901 1981
f 1901 1887 1711
f 1901 1979 1981
f 1713 1901 1711
f 1901 1713 1729
f 1913 1901 1729
f 1901 1913 1984
f 1979 1901 1984
f 1913 1922 1984
f 1922 1913 1729
f 1922 1976 1984
f 1782 1922 1729
f 1922 1782 1863
f 1929 1922 1863
f 1976 1922 1929
f 1521 1709 1707
f 1709 1521 1711
f 1545 1521 1707
f 1521 1545 1430
f 1394 1521 1430
f 1521 1394 1368
f 1501 1521 1368
f 1521 1501 1711
f 1496 1713 1711
f 1501 1496 1711
f 1496 1501 1368
f 1356 1496 1368
f 1496 1356 1374
f 1513 1496 1374
f 1496 1513 1729
f 1713 1496 1729
f 1592 1782 1729
f 1513 1592 1729
f 1592 1513 1374
f 1417 1592 1374
f 1592 1417 1450
f 1616 1592 1450
f 1592 1616 1863
f 1782 1592 1863
f 1394 1289 1368
f 1289 1394 1430
f 1336 1289 1430
f 1289 1336 1264
f 1213 1289 1264
f 1289 1213 1110
f 1251 1289 1110
f 1289 1251 1368
f 1251 1238 1368
f 1238 1251 1110
f 1238 1356 1368
f 1135 1238 1110
f 1238 1135 1108
f 1249 1238 1108
f 1238 1249 1374
f 1356 1238 1374
f 1249 1287 1374
f 1287 1249 1108
f 1287 1417 1374
f 1202 1287 1108
f 1287 1202 1247
f 1333 1287 1247
f 1287 1333 1450
f 1417 1287 1450
f 1339 1333 1247
f 1333 1339 1450
f 1260 1339 1247
f 1339 1260 1255
f 1334 1339 1255
f 1339 1334 1405
f 1415 1339 1405
f 1339 1415 1450
f 1334 1338 1405
f 1338 1334 1255
f 1338 1414 1405
f 1414 1338 1449
f 1338 1332 1449
f 1332 1338 1246
f 1338 1259 1246
f 1259 1338 1255
f 1202 1172 1247
f 1172 1202 1108
f 1131 1172 1108
f 1131 1226 1172
f 1226 1276 1172
f 1172 1276 1222
f 1276 1290 1222
f 1217 1226 1131
f 1096 1217 1131
f 1096 1131 1108
f 1211 1217 1096
f 1086 1211 1096
f 1290 1309 1222
f 1309 1227 1222
f 1309 1306 1227
f 1306 1224 1227
f 1224 1306 1228
f 1306 1310 1228
f 1228 1310 1223
f 1310 1291 1223
f 1291 1275 1223
f 1275 1171 1223
f 1275 1225 1171
f 1225 1130 1171
f 1211 1086 1095
f 1216 1211 1095
f 1216 1095 1130
f 1225 1216 1130
f 1130 1095 1107
f 1171 1130 1107
f 1095 1069 1107
f 1069 1095 1066
f 1095 1086 1066
f 1086 1096 1066
f 1096 1070 1066
f 1070 1082 1066
f 1082 1070 1108
f 1070 1096 1108
f 1090 1082 1108
f 1200 1082 1090
f 1200 1196 1082
f 1196 1072 1082
f 1082 1072 1066
f 1072 1196 1081
f 1069 1081 1107
f 1081 1069 1066
f 1072 1081 1066
f 1196 1199 1081
f 1081 1199 1089
f 1081 1089 1107
f 1199 1206 1089
f 1089 1206 1091
f 1206 1210 1091
f 1210 1205 1091
f 1205 1087 1091
f 1207 1200 1090
f 1207 1090 1092
f 1092 1090 1108
f 1209 1207 1092
f 1204 1209 1092
f 1088 1204 1092
f 1197 1204 1088
f 1080 1197 1088
f 1195 1197 1080
f 1071 1195 1080
f 1195 1071 1079
f 1198 1195 1079
f 1198 1079 1087
f 1205 1198 1087
f 1087 1079 1109
f 1091 1087 1109
f 1079 1067 1109
f 1079 1071 1065
f 1067 1079 1065
f 1071 1080 1065
f 1080 1088 1110
f 1088 1092 1110
f 1068 1080 1110
f 1080 1068 1065
f 1093 1068 1110
f 1068 1093 1065
f 1132 1093 1110
f 1214 1093 1132
f 1093 1214 1085
f 1093 1085 1065
f 1214 1208 1085
f 1085 1208 1094
f 1067 1094 1109
f 1094 1067 1065
f 1085 1094 1065
f 1208 1215 1094
f 1094 1215 1133
f 1094 1133 1109
f 1215 1230 1133
f 1133 1230 1180
f 1133 1180 1109
f 1230 1281 1180
f 1180 1281 1231
f 1281 1311 1231
f 1229 1214 1132
f 1229 1132 1179
f 1280 1229 1179
f 1280 1179 1232
f 1312 1280 1232
f 1319 1312 1232
f 1245 1319 1232
f 1315 1319 1245
f 1241 1315 1245
f 1315 1241 1244
f 1318 1315 1244
f 1318 1244 1231
f 1311 1318 1231
f 1231 1244 1263
f 1180 1231 1263
f 1244 1277 1263
f 1244 1241 1274
f 1277 1244 1274
f 1241 1245 1274
f 1245 1232 1264
f 1232 1179 1264
f 1278 1245 1264
f 1245 1278 1274
f 1179 1213 1264
f 1213 1179 1110
f 1179 1132 1110
f 1279 1312 1319
f 1279 1319 1315
f 1279 1315 1318
f 1279 1318 1311
f 1279 1311 1281
f 1279 1281 1230
f 1279 1230 1215
f 1279 1215 1208
f 1279 1208 1214
f 1279 1214 1229
f 1279 1229 1280
f 1279 1280 1312
f 1341 1278 1264
f 1278 1341 1274
f 1341 1337 1274
f 1337 1340 1274
f 1340 1277 1274
f 1277 1340 1263
f 1340 1335 1263
f 1340 1337 1428
f 1337 1341 1428
f 1432 1340 1428
f 1574 1432 1428
f 1432 1574 1429
f 1340 1432 1429
f 1335 1340 1429
f 1574 1544 1429
f 1572 1574 1428
f 1574 1572 1716
f 1714 1574 1716
f 1833 1714 1716
f 1714 1833 1706
f 1574 1714 1706
f 1544 1574 1706
f 1833 1835 1706
f 1840 1833 1716
f 1833 1840 1920
f 1914 1833 1920
f 1833 1914 1910
f 1835 1833 1910
f 1840 1834 1920
f 1834 1840 1716
f 1834 1915 1920
f 1915 1834 1911
f 1834 1836 1911
f 1836 1834 1707
f 1834 1715 1707
f 1715 1834 1716
f 1715 1573 1707
f 1573 1715 1716
f 1573 1545 1707
f 1545 1573 1430
f 1573 1433 1430
f 1433 1573 1428
f 1573 1572 1428
f 1572 1573 1716
f 1433 1341 1430
f 1341 1433 1428
f 1341 1336 1430
f 1336 1341 1264
f 1971 1915 1911
f 1915 1971 1920
f 1985 1997 2003
f 1987 1985 2003
f 1985 1987 1977
f 1972 1985 1977
f 1985 1972 1964
f 1975 1985 1964
f 1985 1975 1983
f 1997 1985 1983
f 1987 1986 1977
f 1986 1987 2003
f 1986 1973 1977
f 1973 1945 1977
f 1945 1950 1977
f 1945 1973 1965
f 1973 1986 1965
f 1929 1945 1965
f 1986 1976 1965
f 1929 1965 1976
f 1976 1986 1984
f 1986 1998 1984
f 1998 1986 2003
f 1972 1944 1964
f 1944 1972 1977
f 1950 1944 1977
f 1944 1928 1964
f 1928 1975 1964
f 2002 1998 2003
f 1998 2002 1984
f 2017 2002 2003
f 2017 1963 2002
f 1963 1960 2002
f 2002 1960 1995
f 2002 1995 1984
f 1960 1955 1995
f 1995 1955 1991
f 1995 1991 1984
f 1955 1951 1991
f 1951 1953 1991
f 1953 1992 1991
f 1953 1958 1992
f 1958 1999 1992
f 1958 1962 1999
f 1962 2016 1999
f 1963 2017 2001
f 1959 1963 2001
f 1959 2001 1994
f 1954 1959 1994
f 1954 1994 1990
f 1952 1954 1990
f 1956 1952 1990
f 1993 1956 1990
f 1961 1956 1993
f 2000 1961 1993
f 1962 1961 2000
f 2016 1962 2000
f 2016 2000 1996
f 1999 2016 1996
f 2000 1988 1996
f 2000 1993 1980
f 1988 2000 1980
f 1993 1990 1980
f 1990 1978 1980
f 1990 1994 1983
f 1978 1990 1983
f 1994 2001 1983
f 2001 1997 1983
f 1997 2001 2003
f 2001 2017 2003
f 1957 1954 1952
f 1957 1952 1956
f 1957 1956 1961
f 1957 1961 1962
f 1957 1962 1958
f 1957 1958 1953
f 1957 1953 1951
f 1957 1951 1955
f 1957 1955 1960
f 1957 1960 1963
f 1957 1963 1959
f 1957 1959 1954
f 1945 1929 1863
f 1919 1945 1863
f 1945 1919 1925
f 1950 1945 1925
f 1944 1950 1925
f 1918 1944 1925
f 1944 1918 1862
f 1928 1944 1862
f 1875 1919 1863
f 1919 1875 1925
f 1831 1875 1863
f 1860 1875 1831
f 1860 1864 1875
f 1864 1885 1875
f 1875 1885 1925
f 1885 1864 1876
f 1918 1876 1862
f 1876 1918 1925
f 1885 1876 1925
f 1864 1861 1876
f 1876 1861 1832
f 1876 1832 1862
f 1861 1820 1832
f 1820 1618 1832
f 1618 1630 1832
f 1832 1630 1862
f 1618 1502 1630
f 1502 1498 1630
f 1502 1473 1498
f 1473 1458 1498
f 1458 1473 1451
f 1473 1468 1451
f 1451 1468 1459
f 1468 1474 1459
f 1459 1474 1499
f 1474 1503 1499
f 1499 1503 1631
f 1503 1617 1631
f 1631 1617 1831
f 1617 1817 1831
f 1817 1860 1831
f 1498 1458 1449
f 1458 1414 1449
f 1458 1451 1405
f 1414 1458 1405
f 1451 1459 1405
f 1459 1499 1450
f 1499 1631 1450
f 1415 1459 1450
f 1459 1415 1405
f 1631 1616 1450
f 1631 1831 1863
f 1616 1631 1863
f 1619 1503 1474
f 1619 1860 1817
f 1619 1817 1617
f 1619 1617 1503
f 1619 1474 1468
f 1619 1468 1473
f 1619 1473 1502
f 1619 1502 1618
f 1619 1618 1820
f 1619 1820 1861
f 1619 1861 1864
f 1619 1864 1860
f 1921 1928 1862
f 1781 1921 1862
f 1921 1781 1728
f 1912 1921 1728
f 1921 1912 1983
f 1975 1921 1983
f 1975 1928 1921
f 1912 1900 1983
f 1900 1912 1728
f 1900 1978 1983
f 1712 1900 1728
f 1900 1712 1710
f 1886 1900 1710
f 1900 1886 1980
f 1978 1900 1980
f 1886 1854 1980
f 1854 1886 1710
f 1854 1942 1980
f 1708 1854 1710
f 1854 1708 1706
f 1835 1854 1706
f 1854 1835 1910
f 1942 1854 1910
f 1495 1712 1728
f 1712 1495 1710
f 1495 1500 1710
f 1500 1495 1367
f 1495 1355 1367
f 1355 1495 1373
f 1495 1512 1373
f 1512 1591 1373
f 1591 1416 1373
f 1416 1591 1449
f 1591 1615 1449
f 1615 1591 1862
f 1591 1781 1862
f 1591 1512 1728
f 1781 1591 1728
f 1512 1495 1728
f 1520 1500 1367
f 1500 1520 1710
f 1520 1708 1710
f 1393 1520 1367
f 1520 1393 1429
f 1544 1520 1429
f 1520 1544 1706
f 1708 1520 1706
f 1286 1416 1449
f 1332 1286 1449
f 1286 1332 1246
f 1201 1286 1246
f 1286 1201 1107
f 1248 1286 1107
f 1286 1248 1373
f 1416 1286 1373
f 1248 1237 1373
f 1237 1248 1107
f 1237 1355 1373
f 1134 1237 1107
f 1237 1134 1109
f 1250 1237 1109
f 1237 1250 1367
f 1355 1237 1367
f 1250 1288 1367
f 1288 1250 1109
f 1288 1393 1367
f 1212 1288 1109
f 1288 1212 1263
f 1335 1288 1263
f 1288 1335 1429
f 1393 1288 1429
f 1091 1134 1107
f 1134 1091 1109
f 1180 1212 1109
f 1212 1180 1263
f 1089 1091 1107
f 1201 1171 1107
f 1171 1201 1246
f 1223 1171 1246
f 1228 1223 1246
f 1259 1228 1246
f 1228 1259 1255
f 1224 1228 1255
f 1227 1224 1255
f 1260 1227 1255
f 1227 1260 1247
f 1222 1227 1247
f 1172 1222 1247
f 1092 1135 1110
f 1135 1092 1108
f 1630 1615 1862
f 1615 1630 1449
f 1630 1498 1449
f 1991 1979 1984
f 1979 1991 1981
f 1991 1992 1981
f 1992 1999 1981
f 1999 1989 1981
f 1989 1999 1996
f 1271 1291 1310
f 1271 1310 1306
f 1271 1306 1309
f 1271 1309 1290
f 1271 1290 1276
f 1271 1276 1226
f 1271 1226 1217
f 1271 1217 1211
f 1271 1211 1216
f 1271 1216 1225
f 1271 1225 1275
f 1271 1275 1291
f 1203 1206 1199
f 1203 1199 1196
f 1203 1196 1200
f 1203 1200 1207
f 1203 1207 1209
f 1203 1209 1204
f 1203 1204 1197
f 1203 1197 1195
f 1203 1195 1198
f 1203 1198 1205
f 1203 1205 1210
f 1203 1210 1206
f 6735 6737 6342
f 6340 6735 6342
f 6340 6342 6267
f 6265 6340 6267
f 6264 6265 6267
f 6266 6264 6267
f 6264 6337 6265
f 6337 6338 6265
f 6735 6340 6338
f 6338 6340 6265
f 6337 6732 6338
f 6732 6733 6338
f 6733 6735 6338
f 6337 6339 6732
f 6339 6734 6732
f 6734 6339 6341
f 6736 6734 6341
f 6734 6736 6823
f 6821 6734 6823
f 6732 6734 6821
f 6341 6339 6264
f 6337 6264 6339
f 6266 6341 6264
f 6732 6821 6733
f 6821 6822 6733
f 6821 6823 6822
f 6823 6824 6822
f 6824 6737 6822
f 6737 6735 6822
f 6822 6735 6733
f 5778 6141 6143
f 5780 5778 6143
f 5780 6143 6145
f 5782 5780 6145
f 5781 5782 6145
f 6144 5781 6145
f 6144 6142 5781
f 6142 5779 5781
f 5777 5779 6142
f 6140 5777 6142
f 6140 6142 6197
f 6197 6142 6144
f 6195 6140 6197
f 5779 5777 5754
f 5756 5779 5754
f 5756 5781 5779
f 6145 6198 6144
f 6198 6197 6144
f 6197 6198 6196
f 6195 6197 6196
f 5781 5756 5782
f 5756 5757 5782
f 5756 5754 5757
f 5754 5755 5757
f 5755 5778 5757
f 5778 5780 5757
f 6198 6143 6196
f 6143 6141 6196
f 6198 6145 6143
f 5757 5780 5782
f 6404 6760 6761
f 6405 6404 6761
f 6405 6761 6727
f 6372 6405 6727
f 6372 6727 6332
f 6727 6704 6332
f 6704 6678 6332
f 6678 6312 6332
f 6311 6312 6678
f 6677 6311 6678
f 6677 6678 6752
f 6752 6678 6704
f 6751 6677 6752
f 6312 6311 6262
f 6263 6312 6262
f 6263 6332 6312
f 6727 6794 6704
f 6794 6752 6704
f 6752 6794 6793
f 6751 6752 6793
f 6332 6263 6372
f 6263 6319 6372
f 6263 6262 6319
f 6262 6318 6319
f 6318 6404 6319
f 6404 6405 6319
f 6794 6761 6793
f 6761 6760 6793
f 6794 6727 6761
f 6319 6405 6372
f 6137 6139 5776
f 5774 6137 5776
f 5774 5776 5753
f 5751 5774 5753
f 5750 5751 5753
f 5752 5750 5753
f 5750 5771 5751
f 5771 5772 5751
f 6137 5774 5772
f 5772 5774 5751
f 5771 6134 5772
f 6134 6135 5772
f 6135 6137 5772
f 5771 5773 6134
f 5773 6136 6134
f 6136 5773 5775
f 6138 6136 5775
f 6136 6138 6193
f 6191 6136 6193
f 6134 6136 6191
f 5775 5773 5750
f 5771 5750 5773
f 5752 5775 5750
f 6134 6191 6135
f 6191 6192 6135
f 6191 6193 6192
f 6193 6194 6192
f 6194 6139 6192
f 6139 6137 6192
f 6192 6137 6135
f 4501 4896 4898
f 4503 4501 4898
f 4898 4896 4971
f 4896 4969 4971
f 4969 4968 4971
f 4968 4970 4971
f 4893 4968 4969
f 4894 4893 4969
f 4896 4501 4894
f 4896 4894 4969
f 4498 4893 4894
f 4499 4498 4894
f 4501 4499 4894
f 4895 4893 4498
f 4500 4895 4498
f 4895 4500 4897
f 4500 4502 4897
f 4502 4500 4413
f 4500 4411 4413
f 4500 4498 4411
f 4895 4897 4968
f 4968 4893 4895
f 4897 4970 4968
f 4411 4498 4499
f 4412 4411 4499
f 4413 4411 4412
f 4414 4413 4412
f 4503 4414 4412
f 4501 4503 4412
f 4501 4412 4499
f 5462 5464 5093
f 5091 5462 5093
f 5093 5464 5095
f 5464 5466 5095
f 5466 5465 5095
f 5465 5094 5095
f 5092 5094 5465
f 5463 5092 5465
f 5463 5461 5092
f 5461 5090 5092
f 5092 5090 5039
f 5092 5039 5094
f 5090 5037 5039
f 5461 5463 5478
f 5463 5480 5478
f 5465 5480 5463
f 5040 5095 5094
f 5039 5040 5094
f 5040 5039 5038
f 5039 5037 5038
f 5480 5465 5466
f 5481 5480 5466
f 5478 5480 5481
f 5479 5478 5481
f 5462 5479 5481
f 5464 5462 5481
f 5093 5040 5038
f 5091 5093 5038
f 5095 5040 5093
f 5464 5481 5466
f 4830 4831 4475
f 4474 4830 4475
f 4475 4831 4508
f 4831 4863 4508
f 4508 4863 4903
f 4531 4508 4903
f 4558 4531 4903
f 4924 4558 4903
f 4924 4923 4558
f 4923 4557 4558
f 4558 4557 4484
f 4558 4484 4531
f 4557 4483 4484
f 4923 4924 4972
f 4924 4973 4972
f 4903 4973 4924
f 4442 4508 4531
f 4484 4442 4531
f 4442 4484 4441
f 4484 4483 4441
f 4973 4903 4863
f 4917 4973 4863
f 4972 4973 4917
f 4916 4972 4917
f 4830 4916 4917
f 4831 4830 4917
f 4475 4442 4441
f 4474 4475 4441
f 4508 4442 4475
f 4831 4917 4863
f 5099 5470 5472
f 5101 5099 5472
f 5472 5470 5485
f 5470 5483 5485
f 5483 5482 5485
f 5482 5484 5485
f 5467 5482 5483
f 5468 5467 5483
f 5470 5099 5468
f 5470 5468 5483
f 5096 5467 5468
f 5097 5096 5468
f 5099 5097 5468
f 5469 5467 5096
f 5098 5469 5096
f 5469 5098 5471
f 5098 5100 5471
f 5100 5098 5043
f 5098 5041 5043
f 5098 5096 5041
f 5469 5471 5482
f 5482 5467 5469
f 5471 5484 5482
f 5041 5096 5097
f 5042 5041 5097
f 5043 5041 5042
f 5044 5043 5042
f 5101 5044 5042
f 5099 5101 5042
f 5099 5042 5097
f 6326 5994 5937
f 6301 6326 5937
f 6598 6326 6301
f 6605 6598 6301
f 6598 6605 6859
f 6848 6598 6859
f 7031 6848 6859
f 7048 7031 6859
f 7131 7031 7048
f 7151 7131 7048
f 7131 7151 7210
f 7185 7131 7210
f 7185 7210 7199
f 7158 7185 7199
f 7158 7199 7087
f 7199 7133 7087
f 7087 7133 6999
f 7133 7083 6999
f 7158 7087 6897
f 6897 7087 6999
f 7009 7158 6897
f 7009 6897 6636
f 6802 7009 6636
f 6802 6636 6427
f 6645 6802 6427
f 6645 6427 6598
f 6427 6326 6598
f 6872 6645 6598
f 6848 6872 6598
f 6948 6802 6645
f 6872 6948 6645
f 7073 7009 6802
f 6948 7073 6802
f 7009 7073 7158
f 7073 7185 7158
f 7031 6872 6848
f 7031 6948 6872
f 7073 7131 7185
f 6948 7131 7073
f 7131 6948 7031
f 6636 6897 6446
f 6897 6784 6446
f 6784 6897 6999
f 6326 6427 6048
f 5994 6326 6048
f 6636 6446 6048
f 6427 6636 6048
f 6048 6446 6060
f 6895 6784 6999
f 6784 6895 6446
f 7085 6895 6999
f 7132 7085 6999
f 7132 7198 7085
f 7198 7156 7085
f 7085 7156 6895
f 7183 7156 7198
f 7209 7183 7198
f 7129 7183 7209
f 7150 7129 7209
f 7129 7150 7047
f 7029 7129 7047
f 7029 7047 6858
f 6846 7029 6858
f 6596 6846 6858
f 6604 6596 6858
f 6596 6604 6300
f 6324 6596 6300
f 6324 6300 5936
f 5992 6324 5936
f 6324 6425 6596
f 6425 6643 6596
f 6800 6643 6425
f 6634 6800 6425
f 7007 6800 6634
f 6895 7007 6634
f 7156 7007 6895
f 6870 6846 6596
f 6643 6870 6596
f 6946 6870 6643
f 6800 6946 6643
f 7071 6946 6800
f 7007 7071 6800
f 7071 7007 7156
f 7183 7071 7156
f 7129 7071 7183
f 7129 6946 7071
f 6946 7029 6870
f 6946 7129 7029
f 6870 7029 6846
f 6895 6634 6446
f 6634 6425 6046
f 6446 6634 6046
f 6425 6324 6046
f 6324 5992 6046
f 6446 6046 6060
f 6046 5992 5614
f 6046 5614 6060
f 5992 5613 5614
f 5613 5992 5936
f 5614 5612 6060
f 5612 5606 6060
f 5606 6048 6060
f 5994 6048 5606
f 5599 5994 5606
f 5994 5599 5937
f 5599 5993 5937
f 5993 6325 5937
f 6325 6301 5937
f 6325 6597 6301
f 6597 6605 6301
f 6605 6597 6859
f 6597 6847 6859
f 6847 7030 6859
f 7030 7048 6859
f 7030 7130 7048
f 7130 7151 7048
f 7151 7130 7210
f 7130 7184 7210
f 7210 7184 7199
f 7184 7157 7199
f 7199 7157 7086
f 7133 7199 7086
f 7133 7086 6998
f 7083 7133 6998
f 7132 7083 6998
f 7083 7132 6999
f 7084 7132 6998
f 7198 7132 7084
f 7155 7198 7084
f 7155 7182 7198
f 7182 7209 7198
f 7182 7128 7209
f 7128 7150 7209
f 7150 7128 7047
f 7128 7028 7047
f 7047 7028 6858
f 7028 6845 6858
f 6845 6595 6858
f 6595 6604 6858
f 6604 6595 6300
f 6595 6323 6300
f 6300 6323 5936
f 6323 5991 5936
f 5991 5613 5936
f 5613 5991 5604
f 5251 5613 5604
f 5613 5251 5299
f 5251 4911 5299
f 4911 4935 5299
f 4935 4912 5299
f 4912 5252 5299
f 5252 5613 5299
f 4640 4912 4935
f 4631 4640 4935
f 4640 4631 4377
f 4390 4640 4377
f 4207 4390 4377
f 4188 4207 4377
f 4107 4207 4188
f 4085 4107 4188
f 4107 4085 4026
f 4053 4107 4026
f 4053 4026 4037
f 4080 4053 4037
f 4080 4037 4151
f 4037 4103 4151
f 4151 4103 4237
f 4103 4152 4237
f 4152 4102 4237
f 4102 4150 4237
f 4102 4036 4150
f 4036 4078 4150
f 4051 4078 4036
f 4025 4051 4036
f 4105 4051 4025
f 4084 4105 4025
f 4105 4084 4187
f 4205 4105 4187
f 4205 4187 4376
f 4388 4205 4376
f 4638 4388 4376
f 4630 4638 4376
f 4638 4630 4934
f 4910 4638 4934
f 4910 4934 5298
f 5250 4910 5298
f 4910 4809 4638
f 4809 4591 4638
f 4434 4591 4809
f 4600 4434 4809
f 4227 4434 4600
f 4339 4227 4600
f 4078 4227 4339
f 4150 4078 4339
f 4364 4388 4638
f 4591 4364 4638
f 4288 4364 4591
f 4434 4288 4591
f 4163 4288 4434
f 4227 4163 4434
f 4163 4227 4078
f 4051 4163 4078
f 4105 4163 4051
f 4105 4288 4163
f 4288 4205 4364
f 4288 4105 4205
f 4364 4205 4388
f 4150 4339 4237
f 4339 4452 4237
f 4339 4600 4790
f 4452 4339 4790
f 4790 4600 5188
f 4600 4809 5188
f 4809 4910 5188
f 4910 5250 5188
f 4790 5188 5176
f 4452 4341 4237
f 4341 4452 4790
f 4341 4151 4237
f 4080 4151 4341
f 4229 4080 4341
f 4229 4341 4602
f 4602 4341 4790
f 4436 4229 4602
f 4436 4602 4811
f 4593 4436 4811
f 4593 4811 4640
f 4811 4912 4640
f 4366 4593 4640
f 4390 4366 4640
f 4290 4436 4593
f 4366 4290 4593
f 4165 4229 4436
f 4290 4165 4436
f 4229 4165 4080
f 4165 4053 4080
f 4207 4366 4390
f 4207 4290 4366
f 4165 4107 4053
f 4290 4107 4165
f 4107 4290 4207
f 4912 4811 5190
f 4811 4602 5190
f 5252 4912 5190
f 4602 4790 5190
f 5190 4790 5176
f 5252 5190 5614
f 5614 5190 5176
f 5613 5252 5614
f 5612 5614 5176
f 5606 5612 5176
f 5188 5606 5176
f 5188 5250 5606
f 5250 5599 5606
f 5599 5250 5298
f 5249 5599 5298
f 4909 5249 5298
f 4934 4909 5298
f 4637 4909 4934
f 4630 4637 4934
f 4637 4630 4376
f 4387 4637 4376
f 4204 4387 4376
f 4187 4204 4376
f 4104 4204 4187
f 4084 4104 4187
f 4104 4084 4025
f 4050 4104 4025
f 4050 4025 4036
f 4077 4050 4036
f 4077 4036 4148
f 4036 4102 4148
f 4148 4102 4236
f 4102 4152 4236
f 4152 4103 4236
f 4103 4149 4236
f 4103 4037 4149
f 4037 4079 4149
f 4052 4079 4037
f 4026 4052 4037
f 4106 4052 4026
f 4085 4106 4026
f 4106 4085 4188
f 4206 4106 4188
f 4206 4188 4377
f 4389 4206 4377
f 4639 4389 4377
f 4631 4639 4377
f 4639 4631 4935
f 4911 4639 4935
f 7157 7008 6896
f 7086 7157 6896
f 6896 7008 6635
f 7008 6801 6635
f 6635 6801 6426
f 6801 6644 6426
f 6426 6644 6597
f 6325 6426 6597
f 6644 6871 6597
f 6871 6847 6597
f 6947 6871 6644
f 6801 6947 6644
f 7072 6947 6801
f 7008 7072 6801
f 7072 7008 7157
f 7184 7072 7157
f 6871 7030 6847
f 6947 7030 6871
f 7130 7072 7184
f 7130 6947 7072
f 6947 7130 7030
f 6426 6325 6047
f 6635 6426 6047
f 6325 5993 6047
f 6445 6635 6047
f 6896 6635 6445
f 6783 6896 6445
f 6896 6783 6998
f 7086 6896 6998
f 6445 6047 6059
f 6783 6894 6998
f 6894 6783 6445
f 6894 7084 6998
f 7155 7084 6894
f 7006 7155 6894
f 7006 6894 6633
f 6633 6894 6445
f 6799 7006 6633
f 6799 6633 6424
f 6642 6799 6424
f 6642 6424 6595
f 6424 6323 6595
f 6869 6642 6595
f 6845 6869 6595
f 6945 6799 6642
f 6869 6945 6642
f 7070 7006 6799
f 6945 7070 6799
f 7006 7070 7155
f 7070 7182 7155
f 7028 6869 6845
f 7028 6945 6869
f 7070 7128 7182
f 6945 7128 7070
f 7128 6945 7028
f 6323 6424 6045
f 6424 6633 6045
f 5991 6323 6045
f 6633 6445 6045
f 6045 6445 6059
f 5991 6045 5604
f 5604 6045 6059
f 5600 5604 6059
f 5597 5600 6059
f 6047 5597 6059
f 6047 5993 5597
f 5600 5597 5175
f 5604 5600 5175
f 5597 5187 5175
f 5187 4789 5175
f 4599 4789 5187
f 4599 4338 4789
f 4226 4338 4599
f 4226 4077 4338
f 4077 4148 4338
f 4433 4226 4599
f 4433 4599 4808
f 4808 4599 5187
f 4590 4433 4808
f 4590 4808 4637
f 4808 4909 4637
f 4909 4808 5187
f 4363 4590 4637
f 4387 4363 4637
f 4287 4433 4590
f 4363 4287 4590
f 4162 4226 4433
f 4287 4162 4433
f 4226 4162 4077
f 4162 4050 4077
f 4204 4363 4387
f 4204 4287 4363
f 4162 4104 4050
f 4287 4104 4162
f 4104 4287 4204
f 4338 4148 4236
f 4451 4338 4236
f 4338 4451 4789
f 4340 4451 4236
f 4451 4340 4789
f 4149 4340 4236
f 4149 4079 4340
f 4079 4228 4340
f 4340 4228 4601
f 4340 4601 4789
f 4228 4435 4601
f 4601 4435 4810
f 4435 4592 4810
f 4810 4592 4639
f 4911 4810 4639
f 4592 4365 4639
f 4365 4389 4639
f 4289 4365 4592
f 4435 4289 4592
f 4164 4289 4435
f 4228 4164 4435
f 4164 4228 4079
f 4052 4164 4079
f 4365 4206 4389
f 4289 4206 4365
f 4106 4164 4052
f 4106 4289 4164
f 4289 4106 4206
f 4810 4911 5189
f 4601 4810 5189
f 4911 5251 5189
f 4789 4601 5189
f 4789 5189 5175
f 5189 5251 5604
f 5189 5604 5175
f 5993 5599 5597
f 5599 5249 5597
f 5249 4909 5187
f 5249 5187 5597
f 1559 1420 1396
f 1559 1443 1420
f 1559 1489 1443
f 1559 1557 1489
f 1559 1396 1422
f 1559 1422 1445
f 1559 1445 1491
f 1559 1491 1561
f 1559 1561 1613
f 1559 1613 1700
f 1559 1700 1735
f 1559 1735 1743
f 1559 1743 1733
f 1559 1733 1698
f 1559 1698 1611
f 1559 1611 1557
f 1443 1489 1351
f 1443 1351 1298
f 1420 1443 1298
f 1420 1298 1283
f 1396 1420 1283
f 1557 1611 1555
f 1611 1696 1555
f 1611 1698 1696
f 1698 1809 1696
f 1698 1733 1809
f 1733 1879 1809
f 1733 1743 1879
f 1743 1907 1879
f 1743 1735 1907
f 1735 1881 1907
f 1735 1700 1881
f 1700 1811 1881
f 1700 1613 1811
f 1613 1702 1811
f 1613 1561 1702
f 1561 1563 1702
f 1561 1491 1563
f 1491 1447 1563
f 1491 1445 1447
f 1445 1353 1447
f 1445 1422 1353
f 1422 1300 1353
f 1422 1396 1300
f 1396 1283 1300
f 1881 1811 1948
f 1881 1948 1967
f 1907 1881 1967
f 1907 1967 1946
f 1879 1907 1946
f 1879 1946 1877
f 1809 1879 1877
f 1809 1877 1731
f 1696 1809 1731
f 1696 1731 1553
f 1555 1696 1553
f 1300 1283 1220
f 1300 1220 1302
f 1353 1300 1302
f 1353 1302 1424
f 1447 1353 1424
f 1447 1424 1565
f 1563 1447 1565
f 1563 1565 1737
f 1702 1563 1737
f 1702 1737 1883
f 1811 1702 1883
f 1811 1883 1948
f 1948 1883 1969
f 1948 1969 1982
f 1967 1948 1982
f 1967 1982 1966
f 1946 1967 1966
f 1946 1966 1906
f 1877 1946 1906
f 1877 1906 1742
f 1731 1877 1742
f 1731 1742 1552
f 1553 1731 1552
f 1883 1909 1969
f 1883 1737 1909
f 1737 1745 1909
f 1737 1565 1745
f 1565 1567 1745
f 1565 1424 1567
f 1424 1398 1567
f 1424 1302 1398
f 1302 1285 1398
f 1302 1220 1285
f 1220 1188 1285
f 1220 1186 1188
f 1283 1186 1220
f 1283 1298 1186
f 1298 1218 1186
f 1298 1351 1218
f 1351 1296 1218
f 1351 1441 1296
f 1489 1441 1351
f 1489 1557 1441
f 1557 1555 1441
f 1441 1418 1296
f 1441 1555 1418
f 1555 1553 1418
f 1186 1218 1136
f 1186 1136 1188
f 1218 1185 1136
f 1218 1296 1185
f 1296 1282 1185
f 1296 1418 1282
f 1418 1395 1282
f 1418 1553 1395
f 1553 1552 1395
f 1136 1185 1187
f 1185 1219 1187
f 1185 1282 1219
f 1282 1297 1219
f 1282 1395 1297
f 1395 1419 1297
f 1395 1552 1419
f 1552 1554 1419
f 1136 1187 1221
f 1188 1136 1221
f 1188 1221 1303
f 1285 1188 1303
f 1285 1303 1425
f 1398 1285 1425
f 1398 1425 1566
f 1567 1398 1566
f 1567 1566 1738
f 1745 1567 1738
f 1745 1738 1884
f 1909 1745 1884
f 1909 1884 1949
f 1969 1909 1949
f 1969 1949 1968
f 1982 1969 1968
f 1982 1968 1947
f 1966 1982 1947
f 1966 1947 1878
f 1906 1966 1878
f 1906 1878 1732
f 1742 1906 1732
f 1742 1732 1554
f 1552 1742 1554
f 1554 1732 1556
f 1732 1697 1556
f 1732 1878 1697
f 1878 1810 1697
f 1878 1947 1810
f 1947 1880 1810
f 1947 1968 1880
f 1968 1908 1880
f 1968 1949 1908
f 1949 1882 1908
f 1949 1884 1882
f 1884 1812 1882
f 1884 1738 1812
f 1738 1703 1812
f 1738 1566 1703
f 1566 1564 1703
f 1566 1425 1564
f 1425 1448 1564
f 1425 1303 1448
f 1303 1354 1448
f 1303 1221 1354
f 1221 1301 1354
f 1221 1187 1301
f 1187 1284 1301
f 1187 1219 1284
f 1219 1299 1284
f 1219 1297 1299
f 1297 1352 1299
f 1297 1419 1352
f 1419 1442 1352
f 1419 1554 1442
f 1554 1556 1442
f 1284 1299 1397
f 1299 1421 1397
f 1299 1352 1421
f 1352 1444 1421
f 1352 1442 1444
f 1442 1490 1444
f 1442 1556 1490
f 1556 1558 1490
f 1284 1397 1423
f 1301 1284 1423
f 1301 1423 1446
f 1354 1301 1446
f 1354 1446 1492
f 1448 1354 1492
f 1448 1492 1562
f 1564 1448 1562
f 1564 1562 1614
f 1703 1564 1614
f 1703 1614 1701
f 1812 1703 1701
f 1812 1701 1736
f 1882 1812 1736
f 1882 1736 1744
f 1908 1882 1744
f 1908 1744 1734
f 1880 1908 1734
f 1880 1734 1699
f 1810 1880 1699
f 1810 1699 1612
f 1697 1810 1612
f 1697 1612 1558
f 1556 1697 1558
f 1612 1560 1558
f 1699 1560 1612
f 1734 1560 1699
f 1744 1560 1734
f 1736 1560 1744
f 1701 1560 1736
f 1614 1560 1701
f 1562 1560 1614
f 1492 1560 1562
f 1446 1560 1492
f 1423 1560 1446
f 1397 1560 1423
f 1421 1560 1397
f 1444 1560 1421
f 1490 1560 1444
f 1558 1560 1490
f 1389 1359 1342
f 1379 1389 1342
f 1389 1456 1359
f 1456 1437 1359
f 1456 1547 1437
f 1547 1546 1437
f 1547 1647 1546
f 1647 1704 1546
f 1647 1749 1704
f 1749 1793 1704
f 1749 1776 1793
f 1776 1837 1793
f 1776 1750 1837
f 1750 1794 1837
f 1750 1648 1794
f 1648 1705 1794
f 1648 1550 1705
f 1550 1551 1705
f 1550 1457 1551
f 1457 1438 1551
f 1457 1390 1438
f 1390 1360 1438
f 1390 1379 1360
f 1379 1342 1360
f 1342 1549 1360
f 1360 1549 1438
f 1438 1549 1551
f 1551 1549 1705
f 1705 1549 1794
f 1794 1549 1837
f 1837 1549 1793
f 1793 1549 1704
f 1704 1549 1546
f 1546 1549 1437
f 1437 1549 1359
f 1359 1549 1342
f 1379 1548 1389
f 1389 1548 1456
f 1456 1548 1547
f 1547 1548 1647
f 1647 1548 1749
f 1749 1548 1776
f 1776 1548 1750
f 1750 1548 1648
f 1648 1548 1550
f 1550 1548 1457
f 1457 1548 1390
f 1390 1548 1379
f 6309 6249 6033
f 6082 6309 6033
f 6517 6249 6309
f 6542 6517 6309
f 6785 6517 6542
f 6787 6785 6542
f 7094 6785 6787
f 7054 7094 6787
f 7348 7094 7054
f 7321 7348 7054
f 6032 6082 6033
f 5970 6032 6033
f 6028 6033 6249
f 6028 5970 6033
f 6223 6028 6249
f 6223 6249 6517
f 6512 6223 6517
f 6512 6517 6785
f 6773 6512 6785
f 6773 6785 7094
f 7078 6773 7094
f 7078 7094 7348
f 7347 7078 7348
f 7366 7348 7321
f 7366 7347 7348
f 7341 7366 7321
f 7296 7321 7054
f 7296 7341 7321
f 7027 7296 7054
f 7027 7054 6787
f 6770 7027 6787
f 6770 6787 6533
f 6787 6542 6533
f 6533 6542 6309
f 6310 6533 6309
f 6310 6309 6082
f 6086 6310 6082
f 6032 6086 6082
f 6745 6773 7078
f 7049 6745 7078
f 6075 6086 6032
f 6026 6075 6032
f 6026 6032 5970
f 5959 6026 5970
f 6022 5959 5970
f 6028 6022 5970
f 6022 6028 6223
f 6216 6022 6223
f 6216 6223 6512
f 6501 6216 6512
f 6501 6512 6773
f 6745 6501 6773
f 6075 6296 6086
f 6296 6310 6086
f 6296 6524 6310
f 6524 6533 6310
f 6524 6756 6533
f 6756 6770 6533
f 6756 7018 6770
f 7018 7027 6770
f 7018 7279 7027
f 7279 7296 7027
f 7331 7296 7279
f 7331 7341 7296
f 7331 7357 7341
f 7357 7366 7341
f 7366 7357 7337
f 7347 7366 7337
f 7337 7049 7347
f 7049 7078 7347
f 6747 6756 6524
f 7020 7018 6756
f 6747 7020 6756
f 7039 7020 6747
f 6740 7039 6747
f 7039 6740 7049
f 7039 7049 7337
f 7328 7039 7337
f 7020 7039 7328
f 7328 7337 7357
f 6740 6745 7049
f 6740 6498 6745
f 6498 6501 6745
f 6498 6220 6501
f 6220 6216 6501
f 6216 6220 6025
f 6022 6216 6025
f 6022 6025 5959
f 6025 6063 5959
f 6025 6220 6063
f 6063 6026 5959
f 6063 6075 6026
f 6063 6277 6075
f 6220 6277 6063
f 6220 6498 6277
f 6277 6296 6075
f 6277 6516 6296
f 6498 6516 6277
f 6516 6524 6296
f 6516 6747 6524
f 6740 6747 6516
f 6498 6740 6516
f 7300 7020 7328
f 7018 7020 7300
f 7279 7018 7300
f 7300 7331 7279
f 7357 7300 7328
f 7300 7357 7331
f 4926 5153 5202
f 4986 4926 5202
f 4986 4718 4926
f 4718 4693 4926
f 4718 4450 4693
f 4450 4448 4693
f 4450 4141 4448
f 4141 4181 4448
f 4141 3887 4181
f 3887 3914 4181
f 5153 5203 5202
f 5203 5265 5202
f 5202 5207 4986
f 5265 5207 5202
f 5207 5012 4986
f 4986 5012 4718
f 5012 4723 4718
f 4718 4723 4450
f 4723 4462 4450
f 4450 4462 4141
f 4462 4157 4141
f 4141 4157 3887
f 4157 3888 3887
f 3887 3869 3914
f 3888 3869 3887
f 3869 3894 3914
f 3914 3939 4181
f 3894 3939 3914
f 3939 4208 4181
f 4181 4208 4448
f 4208 4465 4448
f 4448 4465 4702
f 4693 4448 4702
f 4693 4702 4926
f 4702 4925 4926
f 4926 4925 5153
f 4925 5149 5153
f 5149 5203 5153
f 4462 4490 4157
f 4734 4490 4462
f 4723 4734 4462
f 5019 4734 4723
f 5012 5019 4723
f 5217 5019 5012
f 5207 5217 5012
f 5217 5207 5265
f 5276 5217 5265
f 5213 5276 5265
f 5203 5213 5265
f 5160 5213 5203
f 5149 5160 5203
f 4939 5160 5149
f 4925 4939 5149
f 4711 4939 4925
f 4702 4711 4925
f 4479 4711 4702
f 4465 4479 4702
f 4217 4479 4465
f 4208 4217 4465
f 3956 4217 4208
f 3939 3956 4208
f 3939 3904 3956
f 3894 3904 3939
f 3878 3904 3894
f 3869 3878 3894
f 3878 3869 3898
f 3869 3888 3898
f 4186 3898 3888
f 4157 4186 3888
f 4490 4186 4157
f 4217 4215 4479
f 4215 4488 4479
f 4215 4196 4488
f 4196 4495 4488
f 4495 4196 4186
f 4186 4196 3898
f 4196 3907 3898
f 4196 4215 3907
f 3898 3907 3878
f 4490 4495 4186
f 4737 4495 4490
f 4734 4737 4490
f 5015 4737 4734
f 5019 5015 4734
f 5015 5019 5214
f 5019 5217 5214
f 5214 5217 5276
f 5172 5214 5276
f 5015 5214 5172
f 5213 5172 5276
f 5160 5172 5213
f 4958 5172 5160
f 4958 5015 5172
f 4737 5015 4958
f 4939 4958 5160
f 4719 4958 4939
f 4719 4737 4958
f 4711 4719 4939
f 4488 4719 4711
f 4479 4488 4711
f 4495 4737 4719
f 4488 4495 4719
f 4215 3935 3907
f 4215 4217 3935
f 4217 3956 3935
f 3904 3935 3956
f 3935 3878 3907
f 3878 3935 3904
f 6943 7016 7106
f 7012 6943 7106
f 6943 6832 7016
f 6832 6908 7016
f 6832 6749 6908
f 6749 6851 6908
f 6749 6807 6851
f 6807 6889 6851
f 6807 6907 6889
f 6907 6978 6889
f 6907 6973 6978
f 6973 7069 6978
f 6973 6969 7069
f 6969 7063 7069
f 6969 6883 7063
f 6883 6964 7063
f 6883 6692 6964
f 6692 6746 6964
f 6692 6482 6746
f 6482 6515 6746
f 6482 6200 6515
f 6200 6202 6515
f 6200 5888 6202
f 5888 5881 6202
f 5888 5673 5881
f 5673 5670 5881
f 7171 7069 7063
f 7171 7058 7069
f 7058 7171 7191
f 7191 7066 7058
f 7066 6963 7058
f 7171 7294 7191
f 7293 7294 7171
f 7172 7293 7171
f 7293 7172 7175
f 7172 7056 7175
f 6937 7175 7056
f 6849 6937 7056
f 6849 6545 6937
f 6545 6612 6937
f 6612 6545 6207
f 6228 6612 6207
f 6228 6207 5876
f 5919 6228 5876
f 5919 5876 5667
f 5657 5919 5667
f 5657 5650 5919
f 5650 5950 5919
f 5950 5650 5960
f 5650 5647 5960
f 5950 5960 6320
f 6281 5950 6320
f 6281 6228 5919
f 5950 6281 5919
f 6281 6320 6675
f 6638 6281 6675
f 6638 6612 6228
f 6281 6638 6228
f 6638 6675 6989
f 6965 6638 6989
f 6612 6638 6965
f 6937 6612 6965
f 6937 6965 7175
f 6965 7177 7175
f 7177 6965 6989
f 7175 7177 7308
f 7293 7175 7308
f 7177 6989 7135
f 7308 7177 7135
f 7293 7308 7322
f 7294 7293 7322
f 7191 7294 7322
f 7221 7191 7322
f 7014 7221 7322
f 7146 7014 7322
f 7308 7135 7146
f 7322 7308 7146
f 7014 6825 7221
f 6825 7060 7221
f 7221 7060 7191
f 7060 7066 7191
f 7060 6825 7011
f 6825 6726 7011
f 7060 7011 7037
f 7066 7060 7037
f 7066 7037 6939
f 7037 7077 6939
f 7037 7011 7077
f 7077 6976 6939
f 6976 7077 7098
f 7077 7208 7098
f 6963 7066 6939
f 7208 7309 7098
f 7309 7192 7098
f 7211 7192 7309
f 7323 7211 7309
f 7211 7323 7196
f 7323 7304 7196
f 7196 7304 7215
f 7105 7196 7215
f 7105 7215 6992
f 6917 7105 6992
f 7105 6917 7010
f 6917 6855 7010
f 6917 6579 6855
f 6917 6992 6579
f 6579 6564 6855
f 6579 6242 6564
f 6242 6234 6564
f 6242 5946 6234
f 5946 5934 6234
f 5946 5666 5934
f 5666 5669 5934
f 5666 5946 5656
f 5946 5948 5656
f 5948 5946 6242
f 6244 5948 6242
f 6244 6242 6579
f 6992 6602 6579
f 6602 6244 6579
f 6603 6602 6992
f 6602 6603 6250
f 6244 6602 6250
f 6244 6250 5948
f 5656 5948 5649
f 5948 5958 5649
f 6250 5958 5948
f 6282 6250 6603
f 6250 6282 5958
f 6647 6282 6603
f 6941 6647 6603
f 5649 5958 5646
f 5958 5976 5646
f 6282 5976 5958
f 6977 6941 6603
f 6977 6603 6992
f 7167 6977 6992
f 7167 6941 6977
f 7215 7167 6992
f 7224 7167 7215
f 7304 7224 7215
f 7304 7323 7224
f 7323 7225 7224
f 7323 7309 7225
f 7309 7227 7225
f 7309 7208 7227
f 7208 7147 7227
f 7208 7077 7147
f 7077 7038 7147
f 7011 7038 7077
f 7038 7011 6726
f 6788 7038 6726
f 7147 7038 6788
f 6906 7147 6788
f 7227 7147 6906
f 7227 6906 7225
f 6906 6961 7225
f 7225 6961 7224
f 6961 6968 7224
f 7224 6968 7167
f 6968 6941 7167
f 6726 6506 6788
f 6506 6528 6788
f 6528 6506 6180
f 6201 6180 6506
f 6532 6201 6506
f 6201 5887 6180
f 5887 5868 6180
f 6201 6532 6650
f 6259 6201 6650
f 5887 6201 6259
f 6259 6650 6728
f 6329 6259 6728
f 6329 6728 6757
f 6347 6329 6757
f 6757 6675 6347
f 6675 6320 6347
f 5947 6329 6347
f 5953 5947 6347
f 6347 6320 5953
f 6320 5960 5953
f 5636 5947 5953
f 5643 5636 5953
f 5953 5960 5643
f 5960 5647 5643
f 6757 6728 7135
f 7135 6989 6757
f 6675 6757 6989
f 6728 7146 7135
f 5913 6259 6329
f 5947 5913 6329
f 5637 5913 5947
f 5636 5637 5947
f 5637 5639 5913
f 5639 5887 5913
f 5913 5887 6259
f 5887 5639 5868
f 5639 5640 5868
f 5907 5868 5640
f 5907 6204 5868
f 6204 6180 5868
f 6204 6528 6180
f 5641 5907 5640
f 6528 6204 6235
f 6600 6528 6235
f 6204 5907 5926
f 6235 6204 5926
f 5907 5641 5926
f 6284 6235 5926
f 5952 6284 5926
f 5952 5926 5644
f 5926 5642 5644
f 5641 5642 5926
f 5644 5646 5952
f 5646 5976 5952
f 5952 5976 6284
f 5976 6282 6284
f 6282 6647 6284
f 6647 6669 6284
f 6235 6284 6669
f 6600 6235 6669
f 6600 6669 6906
f 6669 6961 6906
f 6788 6528 6600
f 6906 6788 6600
f 6968 6961 6669
f 6647 6968 6669
f 6941 6968 6647
f 5642 5309 5644
f 5309 5291 5644
f 5646 5644 5291
f 4951 5291 5309
f 5000 4951 5309
f 5031 5000 5309
f 5031 4707 5000
f 4707 5031 5055
f 4729 4707 5055
f 5055 5034 4729
f 5034 4703 4729
f 5352 5034 5055
f 5367 5352 5055
f 5055 5031 5367
f 4703 5034 4585
f 5034 4976 4585
f 5034 5352 4976
f 4585 4976 4507
f 4976 4906 4507
f 4507 4906 4478
f 4906 4888 4478
f 4560 4478 4888
f 4915 4560 4888
f 4915 4954 4560
f 5293 4954 4915
f 5275 5293 4915
f 5650 5293 5275
f 5647 5650 5275
f 5293 5650 5316
f 4954 5293 5316
f 5650 5657 5316
f 5316 5657 5667
f 5359 5316 5667
f 5007 5316 5359
f 5007 4954 5316
f 5028 5007 5359
f 4623 5007 5028
f 4690 4623 5028
f 4623 4690 4298
f 4690 4386 4298
f 4298 4386 4179
f 4060 4298 4179
f 4179 4063 4060
f 4063 3942 4060
f 3942 4063 4064
f 3941 3942 4064
f 3941 4064 4044
f 4064 4177 4044
f 4169 4044 4177
f 4271 4169 4177
f 4169 4271 4296
f 4198 4169 4296
f 4158 4198 4296
f 4259 4158 4296
f 4158 4259 4137
f 4027 4158 4137
f 3926 4027 4137
f 4043 3926 4137
f 4043 4024 3926
f 4024 3912 3926
f 3912 4024 4039
f 3931 3912 4039
f 3931 4039 4020
f 4039 4130 4020
f 4020 4130 4243
f 4130 4318 4243
f 4318 4130 4225
f 4380 4318 4225
f 4656 4318 4380
f 4243 4318 4656
f 4671 4656 4380
f 4993 4656 4671
f 5001 4993 4671
f 5297 4993 5001
f 5301 5297 5001
f 5666 5297 5301
f 5669 5666 5301
f 5297 5666 5656
f 5295 5297 5656
f 5297 5295 4993
f 5295 4991 4993
f 4993 4991 4656
f 4633 4243 4656
f 4991 4633 4656
f 4633 4632 4243
f 4633 4991 4985
f 4632 4633 4985
f 4985 4991 5295
f 5295 5656 5649
f 5277 5295 5649
f 5277 4985 5295
f 4985 4953 4632
f 4953 4985 5277
f 4953 4588 4632
f 4588 4294 4632
f 5277 5649 5646
f 5263 5277 5646
f 5263 4953 5277
f 4294 4258 4632
f 4632 4258 4243
f 4258 4068 4243
f 4294 4068 4258
f 4068 4020 4243
f 4068 4011 4020
f 4011 3931 4020
f 3912 3931 4011
f 4010 3912 4011
f 3926 3912 4010
f 4008 3926 4010
f 4027 3926 4008
f 4088 4027 4008
f 4158 4027 4088
f 4197 4158 4088
f 4197 4224 4158
f 4224 4197 4509
f 4509 4410 4224
f 4410 4175 4224
f 4175 4410 4014
f 4410 4221 4014
f 4014 4221 3913
f 4221 4089 3913
f 4044 4014 3913
f 4175 4014 4044
f 3941 4044 3913
f 3942 3941 3913
f 3927 3942 3913
f 3927 3913 4089
f 4060 3942 3927
f 4058 4060 3927
f 4058 4270 4060
f 4270 4298 4060
f 4623 4298 4270
f 4597 4623 4270
f 4623 4597 5007
f 4597 4954 5007
f 4954 4597 4560
f 4597 4270 4246
f 4560 4597 4246
f 4270 4058 4246
f 4058 3927 4100
f 4246 4058 4100
f 4100 3927 4089
f 4246 4100 4478
f 4478 4560 4246
f 4507 4478 4100
f 4089 4507 4100
f 4585 4507 4089
f 4221 4585 4089
f 4703 4585 4221
f 4410 4703 4221
f 4729 4703 4410
f 4509 4729 4410
f 4729 4509 4447
f 4197 4447 4509
f 4197 4088 4447
f 4088 4329 4447
f 4088 4008 4329
f 4329 4008 4010
f 4274 4329 4010
f 4274 4010 4011
f 4267 4274 4011
f 4267 4011 4068
f 4294 4267 4068
f 4707 4729 4447
f 4274 4566 4329
f 4274 4267 4566
f 4566 4635 4329
f 4447 4329 4635
f 4707 4447 4635
f 4707 4635 5000
f 5000 4635 4566
f 4951 5000 4566
f 4566 4588 4951
f 4267 4294 4588
f 4267 4588 4566
f 4588 4953 4951
f 4953 5263 4951
f 5263 5291 4951
f 5263 5646 5291
f 6994 7095 7010
f 6932 6994 7010
f 6994 7015 7095
f 7015 7115 7095
f 7015 7012 7115
f 7012 7106 7115
f 7105 7010 7095
f 7196 7105 7095
f 7196 7095 7115
f 6932 7010 6855
f 6786 6932 6855
f 6786 6855 6564
f 6555 6786 6564
f 6555 6574 6786
f 6574 6555 6243
f 6290 6574 6243
f 6290 6243 5933
f 5957 6290 5933
f 5665 5957 5933
f 5672 5665 5933
f 6574 6775 6786
f 6932 6786 6775
f 6892 6932 6775
f 6932 6892 6950
f 6994 6932 6950
f 6994 6950 6972
f 7015 6994 6972
f 7015 6972 7012
f 6972 6959 7012
f 6943 7012 6959
f 6903 6943 6959
f 6943 6903 6780
f 6832 6943 6780
f 6832 6780 6717
f 6749 6832 6717
f 6717 6764 6749
f 6764 6807 6749
f 6807 6764 6882
f 6907 6807 6882
f 6907 6882 6955
f 6973 6907 6955
f 6955 6949 6973
f 6949 6969 6973
f 6883 6969 6949
f 6881 6883 6949
f 6692 6883 6881
f 6703 6692 6881
f 6692 6703 6477
f 6482 6692 6477
f 6482 6477 6200
f 6477 6206 6200
f 6206 5875 6200
f 5875 5888 6200
f 5888 5875 5668
f 5673 5888 5668
f 6949 6955 6687
f 6637 6687 6955
f 6687 6637 6398
f 6442 6687 6398
f 6687 6442 6705
f 6442 6457 6705
f 6442 6174 6457
f 6174 6178 6457
f 6174 5904 6178
f 5904 5903 6178
f 5904 5654 5903
f 5654 5658 5903
f 6673 6705 6457
f 6460 6673 6457
f 6460 6457 6178
f 6182 6460 6178
f 6182 6178 5903
f 5873 6182 5903
f 5873 5903 5658
f 5662 5873 5658
f 6374 6398 6637
f 6374 6133 6398
f 6174 6442 6156
f 6133 5871 6156
f 5871 5889 6156
f 5871 5651 5889
f 5651 5653 5889
f 6133 6156 6398
f 6442 6398 6156
f 6174 6156 5889
f 5904 6174 5889
f 5904 5889 5653
f 5654 5904 5653
f 6133 6374 6127
f 6374 6362 6127
f 6374 6581 6362
f 6581 6565 6362
f 6132 6127 6362
f 6132 5865 6127
f 5865 5872 6127
f 5865 5655 5872
f 5655 5652 5872
f 6377 6132 6362
f 6377 6362 6565
f 6587 6377 6565
f 6377 6587 6422
f 6587 6648 6422
f 6133 6127 5872
f 5871 6133 5872
f 5871 5872 5652
f 5651 5871 5652
f 6464 6422 6648
f 6464 6175 6422
f 6175 6153 6422
f 6377 6422 6153
f 6132 6377 6153
f 6175 5882 6153
f 5882 5867 6153
f 5882 5661 5867
f 5661 5659 5867
f 6719 6464 6648
f 6464 6719 6494
f 6719 6744 6494
f 6132 6153 5867
f 5865 6132 5867
f 5865 5867 5659
f 5655 5865 5659
f 6521 6494 6744
f 6521 6227 6494
f 6227 6199 6494
f 6464 6494 6199
f 6175 6464 6199
f 6227 5917 6199
f 5917 5906 6199
f 5917 5664 5906
f 5664 5663 5906
f 6730 6521 6744
f 6175 6199 5906
f 5882 6175 5906
f 5882 5906 5663
f 5661 5882 5663
f 6744 6972 6730
f 6959 6972 6744
f 6972 6950 6730
f 5665 5664 5917
f 5957 5665 5917
f 5917 6227 5957
f 6227 6290 5957
f 6290 6227 6574
f 6227 6521 6574
f 6521 6730 6775
f 6574 6521 6775
f 6892 6775 6730
f 6950 6892 6730
f 5353 5661 5663
f 5661 5353 5384
f 5384 5353 5082
f 5353 5060 5082
f 5659 5661 5384
f 5082 5060 4813
f 5060 4771 4813
f 4813 4771 4587
f 4587 4648 4813
f 4648 4858 4813
f 4813 4858 5082
f 4858 4648 4670
f 4873 4858 4670
f 4670 4654 4873
f 4654 4861 4873
f 5103 4858 4873
f 4858 5103 5082
f 5082 5103 5384
f 5108 5103 4873
f 4873 4861 5108
f 5386 5103 5108
f 5103 5386 5384
f 5384 5386 5659
f 5363 5386 5108
f 5655 5386 5363
f 5386 5655 5659
f 5652 5655 5363
f 4861 4654 4598
f 4837 4861 4598
f 4598 4548 4837
f 4548 4793 4837
f 5102 4861 4837
f 4861 5102 5108
f 5108 5102 5363
f 5079 5102 4837
f 4837 4793 5079
f 5364 5102 5079
f 5102 5364 5363
f 5363 5364 5652
f 5350 5364 5079
f 5651 5364 5350
f 5364 5651 5652
f 5653 5651 5350
f 4793 4548 4530
f 4778 4793 4530
f 5061 4793 4778
f 4793 5061 5079
f 5079 5061 5350
f 5057 5061 4778
f 5343 5061 5057
f 5061 5343 5350
f 5350 5343 5653
f 5344 5343 5057
f 5654 5343 5344
f 5343 5654 5653
f 5658 5654 5344
f 4530 4562 4778
f 4562 4775 4778
f 4778 4775 5057
f 4775 5053 5057
f 5057 5053 5344
f 5053 5362 5344
f 5344 5362 5658
f 5362 5662 5658
f 4562 4530 4286
f 4286 4530 4548
f 4280 4286 4548
f 4286 4280 4262
f 4328 4262 4280
f 4353 4328 4280
f 4428 4328 4353
f 4471 4428 4353
f 4428 4471 4486
f 4471 4518 4486
f 4266 4286 4262
f 4266 4352 4286
f 4352 4354 4286
f 4352 4543 4354
f 4543 4532 4354
f 4532 4543 4758
f 4543 4753 4758
f 4758 4753 5035
f 5029 4758 5035
f 5360 5029 5035
f 5351 5360 5035
f 5360 5351 5668
f 5351 5673 5668
f 4403 4486 4518
f 4455 4403 4518
f 4292 4403 4455
f 4332 4292 4455
f 4292 4332 4276
f 4223 4292 4276
f 4276 4263 4223
f 4263 4220 4223
f 4241 4220 4263
f 4285 4241 4263
f 4303 4241 4285
f 4343 4303 4285
f 4303 4343 4460
f 4449 4303 4460
f 4460 4661 4449
f 4661 4680 4449
f 4680 4661 4992
f 4661 4945 4992
f 4992 4945 5302
f 4945 5278 5302
f 5278 5665 5302
f 5665 5672 5302
f 4285 4263 4505
f 4460 4343 4505
f 4343 4285 4505
f 4263 4491 4505
f 4714 4505 4491
f 4714 4661 4460
f 4505 4714 4460
f 4741 4714 4491
f 4491 4516 4741
f 4516 4771 4741
f 5008 4714 4741
f 4945 5008 5278
f 5008 4945 4661
f 4714 5008 4661
f 5036 5008 4741
f 4741 4771 5036
f 5318 5008 5036
f 5665 5278 5318
f 5008 5318 5278
f 5337 5318 5036
f 5664 5318 5337
f 5664 5665 5318
f 5663 5664 5337
f 4771 4516 4587
f 4771 5060 5036
f 5036 5060 5337
f 5060 5353 5337
f 5337 5353 5663
f 4332 4587 4516
f 4276 4332 4516
f 4276 4516 4491
f 4332 4455 4587
f 4455 4648 4587
f 4648 4455 4670
f 4455 4518 4670
f 4654 4670 4518
f 4471 4654 4518
f 4654 4471 4598
f 4471 4353 4598
f 4598 4353 4280
f 4548 4598 4280
f 4263 4276 4491
f 6650 7014 7146
f 6728 6650 7146
f 6650 6532 7014
f 6532 6825 7014
f 6532 6506 6825
f 6506 6726 6825
f 6581 6374 6637
f 6764 6581 6637
f 6581 6764 6717
f 6565 6581 6717
f 6717 6780 6565
f 6780 6587 6565
f 6587 6780 6648
f 6780 6903 6648
f 6648 6903 6719
f 6903 6959 6719
f 6882 6764 6637
f 6882 6637 6955
f 6719 6959 6744
f 6705 6949 6687
f 6705 6673 6949
f 6673 6881 6949
f 6703 6881 6673
f 6703 6673 6477
f 6673 6460 6477
f 6477 6460 6206
f 6460 6182 6206
f 6182 5873 6206
f 5873 5875 6206
f 5668 5875 5873
f 5662 5668 5873
f 5668 5662 5362
f 5360 5668 5362
f 5360 5362 5029
f 5362 5053 5029
f 5053 4775 5029
f 4775 4758 5029
f 4775 4562 4758
f 4562 4532 4758
f 4354 4532 4562
f 4354 4562 4286
f 6555 6564 6234
f 6243 6555 6234
f 6243 6234 5934
f 5933 6243 5934
f 5933 5934 5669
f 5672 5933 5669
f 5302 5672 5669
f 5301 5302 5669
f 4992 5302 5301
f 5001 4992 5301
f 4680 4992 5001
f 4671 4680 5001
f 4449 4680 4671
f 4380 4449 4671
f 4303 4449 4380
f 4225 4303 4380
f 4241 4303 4225
f 4140 4241 4225
f 4220 4241 4140
f 4120 4220 4140
f 4223 4220 4120
f 4129 4223 4120
f 4292 4223 4129
f 4219 4292 4129
f 4403 4292 4219
f 4327 4403 4219
f 4486 4403 4327
f 4384 4486 4327
f 4428 4486 4384
f 4346 4428 4384
f 4328 4428 4346
f 4257 4328 4346
f 4262 4328 4257
f 4166 4262 4257
f 4266 4262 4166
f 4172 4266 4166
f 4352 4266 4172
f 4272 4352 4172
f 4543 4352 4272
f 4489 4543 4272
f 4753 4543 4489
f 4720 4753 4489
f 5035 4753 4720
f 5033 5035 4720
f 5351 5035 5033
f 5354 5351 5033
f 5673 5351 5354
f 5670 5673 5354
f 4166 4064 4172
f 4177 4064 4166
f 4064 4063 4172
f 4172 4063 4272
f 4063 4179 4272
f 4272 4179 4489
f 4179 4386 4489
f 4489 4386 4720
f 4386 4690 4720
f 4720 4690 5033
f 4690 5028 5033
f 5033 5028 5354
f 5028 5359 5354
f 5354 5359 5670
f 5359 5667 5670
f 5667 5876 5670
f 5876 5881 5670
f 5876 6207 5881
f 6207 6202 5881
f 6207 6545 6202
f 6545 6515 6202
f 6545 6849 6515
f 6849 6746 6515
f 6849 7056 6746
f 7056 6964 6746
f 7056 7172 6964
f 7172 7063 6964
f 7172 7171 7063
f 7211 7196 7115
f 7211 7115 7106
f 7192 7211 7106
f 7192 7106 7016
f 7098 7192 7016
f 7098 7016 6908
f 6976 7098 6908
f 6976 6908 6851
f 6939 6976 6851
f 6939 6851 6889
f 6963 6939 6889
f 6963 6889 6978
f 7058 6963 6978
f 7058 6978 7069
f 4169 4175 4044
f 4175 4169 4198
f 4224 4175 4198
f 4224 4198 4158
f 5296 5290 4888
f 4906 5296 4888
f 4915 4888 5290
f 5275 4915 5290
f 5296 5636 5290
f 5636 5643 5290
f 5275 5290 5643
f 5647 5275 5643
f 5322 5296 4906
f 4976 5322 4906
f 5637 5636 5296
f 5322 5637 5296
f 5352 5322 4976
f 5639 5637 5322
f 5352 5639 5322
f 5639 5352 5367
f 5640 5639 5367
f 5367 5328 5640
f 5031 5328 5367
f 5328 5641 5640
f 5328 5031 5309
f 5641 5328 5309
f 5642 5641 5309
f 4130 4039 4140
f 4225 4130 4140
f 4140 4039 4120
f 4039 4024 4120
f 4120 4024 4129
f 4024 4043 4129
f 4129 4043 4219
f 4043 4137 4219
f 4219 4137 4327
f 4137 4259 4327
f 4327 4259 4384
f 4259 4296 4384
f 4384 4296 4346
f 4296 4271 4346
f 4346 4271 4257
f 4271 4177 4257
f 4257 4177 4166
f 8769 8615 8757
f 8757 8615 8686
f 8686 8615 8610
f 8610 8615 8533
f 8533 8615 8397
f 8397 8615 8343
f 8343 8615 8313
f 8313 8615 8341
f 8341 8615 8403
f 8403 8615 8550
f 8550 8615 8617
f 8617 8615 8682
f 8682 8615 8753
f 8753 8615 8768
f 8768 8615 8770
f 8770 8615 8769
f 8362 8397 8343
f 8282 8362 8343
f 8282 8343 8313
f 8320 8362 8282
f 8189 8320 8282
f 8253 8320 8189
f 8083 8253 8189
f 8215 8253 8083
f 8054 8215 8083
f 8253 8439 8320
f 8439 8470 8320
f 8320 8470 8362
f 8431 8439 8253
f 8215 8431 8253
f 8439 8628 8470
f 8628 8623 8470
f 8627 8628 8439
f 8431 8627 8439
f 8628 8750 8623
f 8750 8736 8623
f 8756 8750 8628
f 8627 8756 8628
f 8750 8785 8736
f 8785 8775 8736
f 8788 8785 8750
f 8756 8788 8750
f 8785 8821 8775
f 8821 8790 8775
f 8824 8821 8785
f 8788 8824 8785
f 8821 8825 8790
f 8825 8793 8790
f 8827 8825 8821
f 8824 8827 8821
f 8825 8819 8793
f 8819 8789 8793
f 8823 8819 8825
f 8827 8823 8825
f 8819 8783 8789
f 8783 8773 8789
f 8787 8783 8819
f 8823 8787 8819
f 8783 8741 8773
f 8741 8720 8773
f 8745 8741 8783
f 8787 8745 8783
f 8741 8603 8720
f 8603 8611 8720
f 8601 8603 8741
f 8745 8601 8741
f 8603 8410 8611
f 8410 8454 8611
f 8398 8410 8603
f 8601 8398 8603
f 8410 8238 8454
f 8238 8309 8454
f 8206 8238 8410
f 8398 8206 8410
f 8238 8063 8309
f 8063 8180 8309
f 8034 8063 8238
f 8206 8034 8238
f 8063 8020 8180
f 8020 8131 8180
f 7984 8020 8063
f 8034 7984 8063
f 8020 8083 8131
f 8083 8189 8131
f 8054 8083 8020
f 7984 8054 8020
f 8409 8398 8601
f 8221 8206 8398
f 8409 8221 8398
f 8301 8221 8409
f 8453 8301 8409
f 8453 8409 8604
f 8604 8409 8601
f 8604 8601 8745
f 8743 8604 8745
f 8743 8745 8787
f 8784 8743 8787
f 8784 8787 8823
f 8820 8784 8823
f 8820 8823 8827
f 8826 8820 8827
f 8826 8827 8824
f 8822 8826 8824
f 8822 8824 8788
f 8786 8822 8788
f 8786 8788 8756
f 8751 8786 8756
f 8751 8756 8627
f 8625 8751 8627
f 8625 8627 8431
f 8434 8625 8431
f 8434 8431 8215
f 8244 8434 8215
f 8244 8215 8054
f 8067 8244 8054
f 8305 8244 8067
f 8163 8305 8067
f 8464 8434 8244
f 8305 8464 8244
f 8618 8625 8434
f 8464 8618 8434
f 8735 8751 8625
f 8618 8735 8625
f 8777 8786 8751
f 8735 8777 8751
f 8067 8054 7984
f 8010 8067 7984
f 8163 8067 8010
f 8010 7984 8034
f 8061 8010 8034
f 8061 8034 8206
f 8221 8061 8206
f 8159 8061 8221
f 8301 8159 8221
f 8114 8010 8061
f 8159 8114 8061
f 8114 8163 8010
f 8777 8792 8786
f 8792 8822 8786
f 8792 8794 8822
f 8794 8826 8822
f 8794 8791 8826
f 8791 8820 8826
f 8791 8776 8820
f 8776 8784 8820
f 8776 8737 8784
f 8737 8743 8784
f 8737 8616 8743
f 8616 8604 8743
f 8616 8453 8604
f 8305 8622 8464
f 8464 8622 8618
f 8618 8622 8735
f 8735 8622 8777
f 8777 8622 8792
f 8792 8622 8794
f 8794 8622 8791
f 8791 8622 8776
f 8776 8622 8737
f 8737 8622 8616
f 8616 8622 8453
f 8453 8622 8301
f 8301 8622 8159
f 8159 8622 8114
f 8114 8622 8163
f 8163 8622 8305
f 8516 8533 8397
f 8362 8516 8397
f 8470 8516 8362
f 8516 8612 8533
f 8612 8610 8533
f 8623 8612 8516
f 8470 8623 8516
f 8612 8690 8610
f 8690 8686 8610
f 8736 8690 8612
f 8623 8736 8612
f 8690 8764 8686
f 8764 8757 8686
f 8775 8764 8690
f 8736 8775 8690
f 8764 8781 8757
f 8781 8769 8757
f 8790 8781 8764
f 8775 8790 8764
f 8781 8782 8769
f 8782 8770 8769
f 8793 8782 8781
f 8790 8793 8781
f 8782 8779 8770
f 8779 8768 8770
f 8789 8779 8782
f 8793 8789 8782
f 8779 8763 8768
f 8763 8753 8768
f 8773 8763 8779
f 8789 8773 8779
f 8763 8689 8753
f 8689 8682 8753
f 8720 8689 8763
f 8773 8720 8763
f 8689 8620 8682
f 8620 8617 8682
f 8611 8620 8689
f 8720 8611 8689
f 8620 8524 8617
f 8524 8550 8617
f 8454 8524 8620
f 8611 8454 8620
f 8524 8361 8550
f 8361 8403 8550
f 8309 8361 8524
f 8454 8309 8524
f 8361 8275 8403
f 8275 8341 8403
f 8180 8275 8361
f 8309 8180 8361
f 8275 8248 8341
f 8248 8313 8341
f 8131 8248 8275
f 8180 8131 8275
f 8248 8282 8313
f 8189 8282 8248
f 8131 8189 8248
f 2620 2466 2478
f 2620 2478 2549
f 2620 2549 2625
f 2620 2625 2702
f 2620 2702 2838
f 2620 2838 2892
f 2620 2892 2922
f 2620 2922 2894
f 2620 2894 2832
f 2620 2832 2685
f 2620 2685 2618
f 2620 2618 2553
f 2620 2553 2482
f 2620 2482 2467
f 2620 2467 2465
f 2620 2465 2466
f 2838 2873 2892
f 2873 2953 2892
f 2892 2953 2922
f 2873 2915 2953
f 2915 3046 2953
f 2915 2982 3046
f 2982 3152 3046
f 2982 3020 3152
f 3020 3181 3152
f 2796 2982 2915
f 2765 2796 2915
f 2765 2915 2873
f 2804 3020 2982
f 2796 2804 2982
f 2607 2796 2765
f 2612 2607 2765
f 2608 2804 2796
f 2607 2608 2796
f 2485 2607 2612
f 2499 2485 2612
f 2479 2608 2607
f 2485 2479 2607
f 2450 2485 2499
f 2460 2450 2499
f 2447 2479 2485
f 2450 2447 2485
f 2414 2450 2460
f 2445 2414 2460
f 2411 2447 2450
f 2414 2411 2450
f 2410 2414 2445
f 2442 2410 2445
f 2408 2411 2414
f 2410 2408 2414
f 2416 2410 2442
f 2446 2416 2442
f 2412 2408 2410
f 2416 2412 2410
f 2452 2416 2446
f 2462 2452 2446
f 2448 2412 2416
f 2452 2448 2416
f 2494 2452 2462
f 2515 2494 2462
f 2490 2448 2452
f 2494 2490 2452
f 2632 2494 2515
f 2624 2632 2515
f 2634 2490 2494
f 2632 2634 2494
f 2825 2632 2624
f 2781 2825 2624
f 2837 2634 2632
f 2825 2837 2632
f 2997 2825 2781
f 2926 2997 2781
f 3029 2837 2825
f 2997 3029 2825
f 3172 2997 2926
f 3055 3172 2926
f 3201 3029 2997
f 3172 3201 2997
f 3215 3172 3055
f 3104 3215 3055
f 3251 3201 3172
f 3215 3251 3172
f 3152 3215 3104
f 3046 3152 3104
f 3181 3251 3215
f 3152 3181 3215
f 2837 2826 2634
f 3014 2826 2837
f 3029 3014 2837
f 3014 2934 2826
f 2934 2782 2826
f 2826 2782 2631
f 2826 2631 2634
f 2634 2631 2490
f 2631 2492 2490
f 2490 2492 2448
f 2492 2451 2448
f 2448 2451 2412
f 2451 2415 2412
f 2412 2415 2408
f 2415 2409 2408
f 2408 2409 2411
f 2409 2413 2411
f 2411 2413 2447
f 2413 2449 2447
f 2447 2449 2479
f 2449 2484 2479
f 2479 2484 2608
f 2484 2610 2608
f 2608 2610 2804
f 2610 2801 2804
f 2804 2801 3020
f 2801 2991 3020
f 3020 2991 3181
f 2991 3168 3181
f 2991 2930 3168
f 2930 3072 3168
f 2771 2930 2991
f 2801 2771 2991
f 2617 2771 2801
f 2610 2617 2801
f 2500 2617 2610
f 2484 2500 2610
f 2458 2500 2484
f 2449 2458 2484
f 2443 2458 2449
f 2413 2443 2449
f 2441 2443 2413
f 2409 2441 2413
f 2444 2441 2409
f 2415 2444 2409
f 2459 2444 2415
f 2451 2459 2415
f 2498 2459 2451
f 2492 2498 2451
f 2619 2498 2492
f 2631 2619 2492
f 2782 2619 2631
f 2613 2930 2771
f 2613 2771 2617
f 2613 2617 2500
f 2613 2500 2458
f 2613 2458 2443
f 2613 2443 2441
f 2613 2441 2444
f 2613 2444 2459
f 2613 2459 2498
f 2613 2498 2619
f 2613 2619 2782
f 2613 2782 2934
f 2613 2934 3076
f 2613 3076 3121
f 2613 3121 3072
f 2613 3072 2930
f 3174 3014 3029
f 3201 3174 3029
f 3174 3076 3014
f 3076 2934 3014
f 3225 3174 3201
f 3251 3225 3201
f 3121 3076 3174
f 3225 3121 3174
f 3168 3225 3251
f 3181 3168 3251
f 3072 3121 3225
f 3168 3072 3225
f 2719 2873 2838
f 2702 2719 2838
f 2719 2765 2873
f 2623 2719 2702
f 2625 2623 2702
f 2612 2765 2719
f 2623 2612 2719
f 2545 2623 2625
f 2549 2545 2625
f 2499 2612 2623
f 2545 2499 2623
f 2471 2545 2549
f 2478 2471 2549
f 2460 2499 2545
f 2471 2460 2545
f 2454 2471 2478
f 2466 2454 2478
f 2445 2460 2471
f 2454 2445 2471
f 2453 2454 2466
f 2465 2453 2466
f 2442 2445 2454
f 2453 2442 2454
f 2456 2453 2465
f 2467 2456 2465
f 2446 2442 2453
f 2456 2446 2453
f 2472 2456 2467
f 2482 2472 2467
f 2462 2446 2456
f 2472 2462 2456
f 2546 2472 2482
f 2553 2546 2482
f 2515 2462 2472
f 2546 2515 2472
f 2615 2546 2553
f 2618 2615 2553
f 2624 2515 2546
f 2615 2624 2546
f 2711 2615 2618
f 2685 2711 2618
f 2781 2624 2615
f 2711 2781 2615
f 2874 2711 2685
f 2832 2874 2685
f 2926 2781 2711
f 2874 2926 2711
f 2960 2874 2832
f 2894 2960 2832
f 3055 2926 2874
f 2960 3055 2874
f 2987 2960 2894
f 2922 2987 2894
f 3104 3055 2960
f 2987 3104 2960
f 2953 2987 2922
f 3046 3104 2987
f 2953 3046 2987

